gene,ess.experimental,pec_class,pmid
b0001,no,2,
b0002,no,2,
b0003,no,2,8595869
b0004,no,2,6316258
b0005,no,2,
b0006,no,2,
b0007,no,2,
b0008,no,2,
b0009,no,2,6307982
b0010,no,2,
b0011,no,2,8478327
b0013,no,2,
b0014,no,2,9271843
b0015,no,2,9271843
b0016,no,2,
b0018,no,2,
b0018,no,2,1943701
ant,no,2,7823039
antO,no,2,7823039
b0021,no,2,
b0022,no,2,
b0023,no,2,7683367
b0024,no,2,
b0025,yes,1,
b0026,yes,1,"1542687,2580835"
b0027,yes,1,6227793
b0028,no,2,
b0029,yes,1,6384423
b0030,no,2,
b0031,yes,1,
arg,no,2,
arg+ura,no,2,
b0034,no,2,
b0035,no,2,
b0036,no,2,
b0037,no,2,
b0038,no,2,
b0039,no,2,
b0040,no,2,
b0041,no,2,7473063
b0042,no,2,7473063
b0043,no,2,7473063
b0044,no,2,7473063
b0045,no,2,
b0046,no,2,
b0047,no,2,
b0048,yes,1,10408091
b0049,no,2,2157025
b0050,no,2,2157025
b0051,no,2,2157025
b0052,no,2,
b0053,no,2,8878048
b0054,yes,1,12207697
b0055,no,2,
b0056,no,2,
b0058,no,2,
b0059,no,2,9614128
b0060,no,2,2261080
b0061,no,2,8435871
b0062,no,2,
b0063,no,2,
b0064,no,2,
b0065,no,2,
b0066,no,2,
b0067,no,2,
b0068,no,2,
b0069,no,2,
b4662,no,2,
b0070,no,2,
b0071,no,2,
b0072,no,2,
b0073,no,2,
b0074,no,2,
b0075,no,2,
b0076,no,2,
b0077,no,2,
b0078,no,2,
b0080,no,2,
b0081,no,2,
b0082,no,2,
b0083,yes,1,1332942
b0084,yes,1,345275
b0085,yes,1,9166795
b0086,yes,1,9166795
b0087,yes,1,9829961
b0088,yes,1,9166795
b0089,yes,1,9218774
b0090,yes,1,1649817
b0091,yes,1,9166795
b0092,no,2,
b0093,yes,1,9882666
b0094,yes,1,2228979
b0095,yes,1,8016071
asmB,yes,1,2824434
b0097,yes,1,
azi,yes,1,1649817
b0099,no,2,
b0100,no,2,
b0102,no,2,
b0103,yes,1,11292795
b0104,no,2,
b0106,no,2,
b0107,no,2,
b0108,no,2,
b0109,no,2,
b0110,no,2,
b0111,no,2,
b0112,no,2,327021
aceC,no,2,
aceE1,no,2,
aceE2,no,2,
b0116,no,2,
b0117,no,2,
b0118,no,2,8932712
b0119,no,2,
b0120,no,2,8472951
b0121,no,2,8472951
b0122,no,2,
b0123,no,2,
b0124,no,2,9353919
b0125,no,2,6787390
b0126,yes,1,12784642
b0127,no,2,
b0128,no,2,
agaX,no,2,
b0130,no,2,
b0131,no,2,
b0132,no,2,
b0133,no,2,
b0134,no,2,
b0135,no,2,
b0136,no,2,
b0137,no,2,
b0138,no,2,
b0139,no,2,8102362
b0140,no,2,8102362
b0141,no,2,
b0142,yes,1,1325970
b0143,no,2,
b0144,no,2,
b0145,no,2,
b0146,no,2,
b0147,no,2,
b0148,no,2,
b0149,no,2,2993822
b0150,no,2,7688295
b0151,no,2,9613584
b0152,no,2,9613584
b0153,no,2,9613584
b0154,yes,1,1427085
b0155,no,2,
b0156,yes,1,
b0157,no,2,
b0158,no,2,
b0159,no,2,
b0160,no,2,
b0161,no,2,2540154
b0162,no,2,
b0163,no,2,
b0164,no,2,
b0166,yes,1,1646386
b0167,no,2,2865248
b0168,yes,1,9335267
b0169,yes,1,9335267
b0170,yes,1,
b0171,yes,1,1447125
b0172,yes,1,8183897
b0173,yes,1,9707569
b0174,yes,1,10217761
b0175,yes,1,10217761
b0176,yes,1,11750129
b0177,yes,1,
b0178,no,2,1602961
b0179,yes,1,1602961
b0180,yes,1,8910376
b0181,yes,1,7806516
b0182,yes,1,3316192
b0183,no,2,
b0184,yes,1,355225
b0185,yes,1,7693652
b0186,no,2,
b0187,no,2,
b0188,yes,1,
b0189,no,2,
b4406,no,2,
b0190,no,2,
b0191,no,2,
b0192,no,2,
b0193,no,2,
b0194,yes,1,6991867
b0195,no,2,
b0196,no,2,
b0197,no,2,
b0198,no,2,
abc,no,2,
b0200,no,2,
b0207,no,2,
b0208,no,2,
b0209,no,2,
b0210,no,2,
b0211,no,2,1663890
b0212,no,2,
b0213,no,2,
b0214,no,2,
b0215,no,2,8300534
b0217,no,2,
b4586,no,2,
b0218,no,2,
b4503,no,2,
b0219,no,2,
b0220,no,2,
b0221,no,2,
b0222,no,2,
b0223,no,2,
b0224,no,2,
b0225,no,2,
b0226,no,2,
b0227,no,2,
b0228,no,2,
b0229,no,2,
b0230,no,2,
b0231,no,2,
b0232,no,2,
b0233,no,2,
b0234,no,2,
b0235,no,2,
b0236,no,2,
b0237,no,2,372108
b0238,no,2,
b0239,no,2,
b0240,no,2,
b0241,no,2,
b0242,no,2,
b0243,no,2,
b4626,no,2,
b0245,no,2,
b0246,no,2,
b4504,no,2,
b0247,no,2,
b0248,no,2,
b0249,no,2,
b0250,no,2,
b0251,no,2,
b4627,no,2,
b4628,no,2,
b0252,no,2,
b0253,no,2,
b0254,no,2,
b0255,no,2,
b0256,no,2,
b0258,no,2,
b0259,no,2,
b0260,no,2,
b0261,no,2,
b0262,no,2,
b0263,no,2,
b0264,no,2,
b0265,no,2,
b4708,no,2,
b4505,no,2,
b0266,no,2,
b0267,no,2,
b0268,no,2,
b0269,no,2,
b0270,no,2,
b0271,no,2,
b0272,no,2,
Arg5,no,2,9729611
b4688,no,2,
b0274,no,2,
b0275,no,2,
b0276,no,2,
b0277,no,2,
b0278,no,2,
b0279,no,2,
b0280,no,2,
b0281,no,2,
b0282,no,2,
b0282,no,2,
b0283,no,2,
b0284,no,2,
b0285,no,2,
b0286,no,2,
b0287,no,2,
b0288,no,2,
b0289,no,2,
b0290,no,2,
b0291,no,2,
b0292,no,2,
b0293,no,2,
b0294,no,2,
b0295,no,2,
b4506,no,2,
b0296,no,2,
b4671,no,2,
b4630,no,2,
b0297,no,2,
b0298,no,2,
b0299,no,2,
b0300,no,2,
b4631,no,2,
b0301,no,2,
b0302,no,2,
b0304,no,2,
b0305,no,2,
b0306,no,2,
b0307,no,2,
b0308,no,2,
b0310,no,2,
b0311,no,2,
b0312,no,2,
b0313,no,2,
b0314,no,2,
b0315,no,2,
b0316,no,2,
b0317,no,2,
b0318,no,2,
b0319,no,2,
b0320,no,2,
b0321,no,2,
b0323,no,2,
b0324,no,2,
b0325,no,2,
b0326,no,2,
b0327,no,2,
b0328,no,2,
b0329,no,2,
b0330,no,2,
b0331,no,2,
b0333,no,2,
acnC,no,2,
b0335,no,2,
b0336,no,2,
b0337,no,2,
b0338,no,2,
b0339,no,2,
b0340,no,2,
b0341,no,2,
b0342,no,2,
b0343,no,2,
b0344,no,2,
b0345,no,2,
b0346,no,2,
b0347,no,2,
b0348,no,2,
b0349,no,2,
b0350,no,2,
b0351,no,2,
b0352,no,2,
b0353,no,2,
b0354,no,2,
b0355,no,2,
adhC,no,2,
b0357,no,2,
b0358,no,2,
b0359,no,2,
b0360,no,2,
b0361,no,2,
b0363,no,2,
b0364,no,2,
b0365,no,2,8808933
b0366,no,2,8808933
b0367,no,2,8808933
b0368,no,2,8808933
b0369,yes,1,387909
b0371,no,2,
b0372,no,2,
b0373,no,2,
b0375,no,2,
b0376,no,2,
b0377,no,2,
b0378,no,2,
b0379,no,2,
b0380,no,2,
b0381,no,2,
b0382,no,2,
b0383,no,2,
b0384,no,2,
adrA,no,2,
b0386,no,2,
b0387,no,2,
b0388,no,2,3001024
b0389,no,2,
b0390,no,2,
b0391,no,2,
b0392,no,2,
b0393,no,2,
b0394,no,2,
b0396,no,2,1744033
b0397,no,2,
b0398,no,2,
b0399,no,2,7047492
b0400,no,2,
b0401,no,2,
b0402,no,2,
b0403,no,2,
acpD,no,2,
b0405,no,2,
b0406,no,2,
b0407,no,2,7507921
b0408,yes,1,2170107
b0409,yes,1,7507921
b0410,no,2,8021192
b0411,no,2,
b0412,no,2,
b0413,no,2,17496099
b0414,yes,1,
b0415,yes,1,
b0416,yes,1,6330693
b0417,yes,1,
b0418,no,2,9729611
b0419,no,2,
b0420,yes,1,
b0421,yes,1,2089044
b0422,no,2,6350262
b0423,no,2,
b0424,no,2,
apbA,no,2,
b0426,no,2,
b0427,no,2,
b0428,no,2,9378722
b0429,no,2,9378722
b0430,no,2,9378722
b0431,no,2,9378722
b0432,no,2,9378722
b0433,no,2,7925310
b0434,no,2,
b0435,no,2,
b0436,no,2,
b0437,no,2,
b0438,no,2,
b0439,no,2,7511582
b0440,no,2,3066907
b0441,no,2,
b0442,no,2,
b0443,no,2,
b0444,no,2,
b0445,no,2,
b0446,no,2,
b0447,no,2,
b0448,no,2,7904973
b0448,no,2,
b0450,no,2,9720863
b0451,no,2,9618533
b0452,no,2,1645722
b0453,no,2,
b0454,no,2,
b0456,no,2,
b0457,no,2,
b0458,no,2,
b0459,no,2,
b0460,no,2,
b0461,no,2,
acrE,no,2,7651136
b0463,no,2,7651136
b0464,no,2,7651136
aefA,no,2,
b0466,no,2,
b0467,no,2,10540288
b0468,no,2,
b0469,no,2,6787390
b0470,yes,1,3534795
b0471,no,2,
b0472,no,2,
b0473,no,2,
b0474,yes,1,2551784
b0475,yes,1,9267433
b0476,no,2,
b0477,no,2,
b0478,no,2,
b0479,no,2,
b0480,no,2,
b0481,no,2,
b0482,no,2,
b0483,no,2,
b0484,no,2,10639134
b0485,no,2,
b0486,no,2,
b0487,no,2,
b0488,no,2,
b0489,no,2,
b0490,no,2,
b0491,no,2,
b0492,no,2,
b0493,no,2,
apeA,no,2,8432696
b0495,no,2,
b0496,no,2,
b0497,no,2,9729611
b0498,no,2,
b0499,no,2,
b0500,no,2,
b4632,no,2,
b0502,no,2,
b0503,no,2,
b0504,no,2,
b0505,no,2,10601204
b0506,no,2,10601204
b0507,no,2,10601204
b0508,no,2,
b0509,no,2,10601204
allP,no,2,
b0512,no,2,
b0513,no,2,
b0514,no,2,10601204
b0515,no,2,
b0516,no,2,
b0517,no,2,
b0518,no,2,
b0519,no,2,
b0520,no,2,
arcC,no,2,
b0522,no,2,
ade,no,2,
b0524,yes,1,12000771
b0525,no,2,
b0526,yes,1,396450
b0527,no,2,
b0528,no,2,
ads,yes,1,1939056
b0530,no,2,
b0531,no,2,
b0532,no,2,
b0533,no,2,
b0534,no,2,
b0535,no,2,
b0537,no,2,9729611
b4633,no,2,
b0538,no,2,
b4508,no,2,
b0542,no,2,
b0540,no,2,
b0541,no,2,
b0543,no,2,9922260
b0544,no,2,
b0545,no,2,
b0546,no,2,
b4588,no,2,
b0547,no,2,
b0548,no,2,
b0549,no,2,
b0550,no,2,
b4509,no,2,
b0551,no,2,
b0553,no,2,
b0552,no,2,
b0554,no,2,
arrD,no,2,
b0556,no,2,
b4510,no,2,
b0557,no,2,
b0558,no,2,
b0559,no,2,
b4589,no,2,
b0560,no,2,
b4634,no,2,
b0561,no,2,
b0562,no,2,
b0563,no,2,
b0564,no,2,8071219
b0565,no,2,
b0566,no,2,
b0567,no,2,
b0568,no,2,
b0569,no,2,
b0570,no,2,
b0571,no,2,
b0572,no,2,
b0573,no,2,
b0574,no,2,
b0575,no,2,
b0576,no,2,
b0577,no,2,
b0578,no,2,
b0579,no,2,
b0580,no,2,
b0581,no,2,
b4415,no,2,
b0582,no,2,
b0583,no,2,
b0584,no,2,
b0585,no,2,
b4511,no,2,
b0586,no,2,
b0587,no,2,
b0588,no,2,
b0589,no,2,1787794
b0590,no,2,2956250
b0591,no,2,
b0592,no,2,1787794
b0593,no,2,2154945
b0594,no,2,9485415
b0595,no,2,2172214
b0596,no,2,9884221
b0597,no,2,
b0598,no,2,
b4512,no,2,
b0599,no,2,
b0600,no,2,
b0601,no,2,
b0602,no,2,
b0603,no,2,
b0604,no,2,
b0605,no,2,7644465
b0606,no,2,7644465
b0607,no,2,
b0608,no,2,
b0609,no,2,
b0611,no,2,2188952
b0612,no,2,
b0613,no,2,
b0614,no,2,
b0615,no,2,
b0616,no,2,
b0617,no,2,
b0618,no,2,
b0619,no,2,9729611
b0620,no,2,9729611
b0621,no,2,
b0622,no,2,
b0623,no,2,8022259
b0624,no,2,
b0625,no,2,
b0627,no,2,
b0628,no,2,
b0629,no,2,
b0630,no,2,
b0631,no,2,
b0632,no,2,7002911
b0633,no,2,
b0634,yes,1,363690
b0635,yes,1,2656638
b0636,no,2,
b0637,no,2,
b0638,no,2,
b0639,yes,1,
b0640,yes,1,7574479
b0641,yes,1,
b0642,yes,1,4942762
b0643,no,2,
b0644,no,2,
b0645,no,2,
b0646,no,2,
b0647,no,2,
b0648,no,2,
b0649,no,2,
b0650,no,2,
b0651,no,2,
b0652,no,2,
b0653,no,2,
b0654,no,2,
b0655,no,2,
b0656,no,2,
b0657,yes,1,1938881
b0658,no,2,
b0659,no,2,
b0660,no,2,
b0661,no,2,
b0662,no,2,
b0674,no,2,6102983
b0675,no,2,
b0676,no,2,
b0677,no,2,
b0678,no,2,
b0679,no,2,
b0680,yes,1,9636312
b0681,no,2,
b0682,no,2,
b0683,no,2,7730258
b4637,no,2,
b0684,yes,1,10714981
b0685,no,2,
b0686,no,2,
b0687,no,2,8011018
b0688,no,2,
b0689,no,2,
b0690,no,2,
b4636,no,2,
b0692,no,2,
b0693,no,2,
b4590,no,2,
b0694,no,2,
b0695,no,2,
b0696,no,2,
b0697,no,2,
b0698,no,2,
b4513,no,2,
b0699,no,2,
b0700,no,2,
b0702,no,2,
b0703,no,2,
b0704,no,2,
b4514,no,2,
b0705,no,2,
b0706,no,2,
b0707,no,2,
b0708,no,2,
b0709,no,2,
b0710,no,2,
b0711,no,2,
b0712,no,2,
b0713,no,2,
b0714,no,2,9171429
b0715,no,2,
b0716,no,2,
b0717,no,2,
b0718,no,2,
b0719,no,2,
b0720,no,2,
b0721,no,2,
b0722,no,2,
b0723,no,2,
b0724,no,2,
b0726,no,2,
b0727,no,2,
b0728,no,2,
b0729,no,2,
b0730,no,2,
b0731,no,2,
b0732,no,2,
b0733,no,2,
b0734,no,2,
b4515,no,2,
b0735,no,2,
b0736,no,2,
b0737,no,2,
b0738,no,2,
b0739,no,2,
b0740,no,2,
b0741,no,2,
b0742,no,2,
b0750,no,2,
b0751,no,2,
b0752,no,2,
b0753,no,2,
b0754,no,2,
b0755,no,2,
b0756,no,2,
b0757,no,2,2404280
b0758,no,2,2404280
b0759,no,2,2404280
b0760,no,2,2404280
b0761,no,2,2404280
b0762,no,2,
b0763,no,2,2404280
b0764,no,2,2404280
b0765,no,2,2404280
b0766,no,2,2404280
b0767,no,2,2404280
b0768,no,2,2404280
b0769,no,2,
b0770,no,2,
b0771,no,2,
b0772,no,2,2404280
b0773,no,2,2404280
b0774,no,2,2404280
b0775,no,2,2404280
b0776,no,2,2404280
b0777,no,2,2404280
b0778,no,2,2404280
b0779,no,2,2404280
b0780,no,2,
b0781,no,2,2404280
b0782,no,2,
b0783,no,2,
b0784,no,2,
b0785,no,2,
b0786,no,2,
b0787,no,2,
b0788,no,2,
b0789,no,2,10634942
b0790,no,2,
b0791,no,2,
b0792,no,2,
b0793,no,2,
b0794,no,2,
b0795,no,2,
b0796,no,2,
b0797,no,2,
b0798,no,2,
b0799,no,2,
b0800,no,2,
b0801,no,2,
b0802,no,2,
b0803,no,2,
b0804,no,2,
b0805,no,2,
b0806,no,2,
b0807,no,2,
b0808,no,2,
b0809,no,2,
b0810,no,2,
b0811,no,2,
b0812,no,2,
b0813,no,2,
b0814,no,2,
b0815,no,2,
b4705,no,2,
b0817,no,2,
b0818,no,2,
b0819,no,2,
b0820,no,2,
b0821,no,2,
b0822,no,2,
b0823,no,2,
b0824,no,2,
b0825,no,2,
b0826,no,2,
b0827,no,2,
b0828,no,2,
b0829,no,2,
b0830,no,2,
b0831,no,2,
b0832,no,2,
b0833,no,2,
b0834,no,2,
b0835,no,2,
b0836,no,2,
b0837,no,2,
b0838,no,2,
b0839,no,2,
b0840,no,2,
b0841,no,2,
b0842,no,2,
b0843,no,2,
b0844,no,2,
b0845,no,2,
b0846,no,2,
b0847,no,2,
b0848,no,2,
b0849,no,2,
b0850,no,2,
b0851,no,2,
b0852,no,2,2570347
b0853,no,2,
b0854,no,2,
b0855,no,2,
b0856,no,2,
b0857,no,2,
b0858,no,2,
b0859,no,2,
b0860,no,2,
b0861,no,2,
b0862,no,2,
b0863,no,2,
b0864,no,2,
b0865,no,2,
b0866,no,2,
b0867,no,2,
b0868,no,2,
b0869,no,2,
b0870,no,2,
b0871,no,2,
b0872,no,2,10651802
b0873,no,2,10651802
b0874,no,2,
b0875,no,2,9520416
b0876,no,2,
b0877,no,2,
b0878,no,2,
b0879,no,2,
b0880,no,2,8022259
b0881,no,2,
b0882,no,2,3049606
b0884,yes,1,8282696
b0885,no,2,1753949
b0886,no,2,9884221
b0887,no,2,9884221
b0888,no,2,7622050
alsB,no,2,8144448
b0890,yes,1,9723913
b0891,yes,1,9849875
b0892,no,2,
b0893,yes,1,4570769
b0894,no,2,
b0895,no,2,
b0896,no,2,
b0897,no,2,
b0898,no,2,
b0899,no,2,
b0900,no,2,
b0901,no,2,
act,no,2,
b0903,no,2,8181719
b0904,no,2,8022272
b0905,no,2,
b0906,no,2,
b0907,no,2,2121717
b0908,no,2,2691337
b0909,no,2,
b0910,no,2,
b0911,yes,1,9677288
b0912,no,2,
b0913,no,2,
b0914,yes,1,9575204
b0915,yes,1,
b0916,no,2,
b0917,no,2,
b0918,yes,1,2989246
b0919,no,2,
b0920,no,2,
b0921,no,2,
b0922,yes,1,
b0923,yes,1,
b0924,yes,1,
b0925,no,2,
b0926,no,2,
b0927,no,2,
b0928,no,2,3907632
b0929,no,2,
b0930,yes,1,1425658
b0931,no,2,
b0932,no,2,372108
b0933,no,2,
b0934,no,2,
b0935,no,2,
b0936,no,2,
b0937,no,2,
b0938,no,2,
b0939,no,2,
b0940,no,2,
b0941,no,2,
b0942,no,2,
b0943,no,2,
b0944,no,2,
b0945,no,2,
b0946,no,2,
b0947,no,2,
b0948,no,2,
b0949,no,2,
b0950,no,2,
b0951,no,2,
b0952,no,2,
b0953,no,2,
b0954,yes,1,6341354
b0955,no,2,
b0956,no,2,
b0957,no,2,
b0958,no,2,9180687
b0959,no,2,
b0960,no,2,
b0961,no,2,
b0962,no,2,
b0963,no,2,
b0964,no,2,
b0965,no,2,
b0966,no,2,
b0967,no,2,
b0968,no,2,
b0969,no,2,
b0970,no,2,
b0972,no,2,
b0973,no,2,
b0974,no,2,
b0975,no,2,
b0976,no,2,
b0977,no,2,
b0978,no,2,1658595
b0979,no,2,1658595
b4592,no,2,
b0980,no,2,8277944
b0981,no,2,
b0982,no,2,
b0983,no,2,
b0984,no,2,
b0985,no,2,
b0986,no,2,
b0987,no,2,
b4516,no,2,
b0988,no,2,
b0989,no,2,
b0990,no,2,9371456
b0991,no,2,
b4517,no,2,
b0992,no,2,
b0993,no,2,8809780
b0994,no,2,8809780
b0995,no,2,8809780
b0996,no,2,
b0997,no,2,9274019
b0998,no,2,
b0999,no,2,
b1000,no,2,
b1001,no,2,
b1002,no,2,8277944
b1003,no,2,
b1004,no,2,8516330
b1005,no,2,
b1006,no,2,
b1007,no,2,
b1008,no,2,
b1009,no,2,
b1010,no,2,
b1011,no,2,
b1012,no,2,
b1013,no,2,
b1014,no,2,
b1015,no,2,
b1016,no,2,
b1018,no,2,
b1019,no,2,
b1020,no,2,8771213
b1021,no,2,
b1022,no,2,
b1023,no,2,
b1024,no,2,
b1025,no,2,
b1026,no,2,
b1027,no,2,
b1028,no,2,
b1029,no,2,
b1033,no,2,
b1034,no,2,
b1035,no,2,
b1036,no,2,
agfG,no,2,8173808
agfF,no,2,8173808
agfE,no,2,8173808
agfD,no,2,8173808
agfB,no,2,8173808
agfA,no,2,8173808
agfC,no,2,
b1044,no,2,
b1045,no,2,
b1046,no,2,
b1047,no,2,
b1048,no,2,
b1049,no,2,
b1050,no,2,
b1051,no,2,
b1052,no,2,
b1054,no,2,9575204
b1055,no,2,
b1056,no,2,
b1057,no,2,
b1058,no,2,
b1059,no,2,
b1060,no,2,
b1061,no,2,
b1062,no,2,
b1063,no,2,
b1064,no,2,
b1065,no,2,
b1066,no,2,2828880
b1067,no,2,
b1068,no,2,
b1069,yes,1,
b1070,no,2,9729611
b1071,no,2,9729611
b1072,no,2,9729611
b1073,no,2,9729611
b1074,no,2,9729611
b1075,no,2,9729611
b1076,no,2,9729611
b1077,no,2,9729611
b1078,no,2,9729611
b1079,no,2,9729611
b1080,no,2,9729611
b1081,no,2,9729611
b1082,no,2,9729611
b1083,no,2,9729611
ams,yes,1,1713283
b1085,yes,1,
b1086,no,2,
b1087,no,2,
b1088,no,2,
b1089,no,2,
b1090,no,2,
b1091,no,2,1551888
b1092,yes,1,8034061
accC,yes,1,7693652
b1094,yes,1,7559576
b1095,no,2,1556094
b1096,no,2,
b1097,no,2,
b1098,yes,1,8631667
b1099,yes,1,7574479
b1100,no,2,
b1101,no,2,
b1102,no,2,2162465
b1103,no,2,
b1104,no,2,
b1105,no,2,
b1106,no,2,
b1107,no,2,
b1108,no,2,
b1109,no,2,
b1110,no,2,
b1111,no,2,
b1112,no,2,
b1113,no,2,
b1114,no,2,
b1115,no,2,
b1116,yes,1,10783239
b1117,yes,1,10783239
b1118,yes,1,10783239
b1119,no,2,
b1120,no,2,
b1121,no,2,
b1122,no,2,
b1123,no,2,
b1124,no,2,
b1125,no,2,
b1126,no,2,
b1127,no,2,
b1128,no,2,
b1129,no,2,
b1130,no,2,
ade,no,2,
asuE,no,2,8969519
asuE,yes,1,9743119
b1134,no,2,
b1135,no,2,
b1136,no,2,
b1137,no,2,
b1138,no,2,
b1139,no,2,9729611
b1140,no,2,
b1141,no,2,
b1143,no,2,
b1144,no,2,
b1145,no,2,
b1146,no,2,
b1147,no,2,
b1148,no,2,
b1149,no,2,
b1149,no,2,
b1150,no,2,
b1151,no,2,
b1152,no,2,
b1153,no,2,
b1154,no,2,
b1155,no,2,
b1156,no,2,
b1157,no,2,
b1158,no,2,
b1159,no,2,9729611
b4519,no,2,
b1160,no,2,
b1161,no,2,
b1162,no,2,
b1163,no,2,
b1164,no,2,
b1165,no,2,
b1166,no,2,
b1167,no,2,
b1168,no,2,
b4520,no,2,
b1169,no,2,
b1171,no,2,
b1172,no,2,
b4593,no,2,
b4594,no,2,
b1173,no,2,
b1174,no,2,2645057
b1175,no,2,2645057
b1176,no,2,2645057
b1177,no,2,
b1178,no,2,
b1179,no,2,
b1180,no,2,
b1181,no,2,
b1182,no,2,
b1183,no,2,
b1184,no,2,
b1185,no,2,8503954
b1186,no,2,7823039
b1187,no,2,7618860
b1188,no,2,
alnR,no,2,
alnB,no,2,3920477
b1191,no,2,
b1192,no,2,
b1193,no,2,
b1194,no,2,
b1195,no,2,
b1196,no,2,
b1197,no,2,
b1198,no,2,
b1199,no,2,
b1200,no,2,
b1201,no,2,
b1202,no,2,
b1203,no,2,
asuA?,yes,1,10692356
b1205,no,2,
b1206,no,2,
b1207,yes,1,1325564
b1208,yes,1,
b1209,yes,1,9384574
b1210,yes,1,8979375
b1211,yes,1,7932718
b1212,yes,1,7883187
b1213,no,2,
b1214,no,2,
b1215,yes,1,7775423
b4419,no,2,
b4421,no,2,
b4423,no,2,
b1216,no,2,
b1217,no,2,
b1218,no,2,
b1219,no,2,
b1220,no,2,
b1221,no,2,8736541
b0501,no,2,2144276
b1223,no,2,
b1224,no,2,8736541
b1225,no,2,8736541
b1226,no,2,8736541
b1227,no,2,8736541
b1229,no,2,
b1232,no,2,
b1233,no,2,
b1234,no,2,
b1235,no,2,
b1236,no,2,2506428
B1,no,2,2506428
b1238,no,2,
b1239,no,2,
adhC,no,2,8692838
b1242,no,2,
b1243,no,2,
b1244,no,2,
b1245,no,2,
b1246,no,2,
b1247,no,2,
b1248,no,2,
b1249,no,2,
b4595,no,2,
b1250,no,2,
b1251,no,2,
b1252,no,2,
b1253,no,2,
b1254,no,2,
b1255,no,2,
b1256,no,2,
b1257,no,2,
b1258,no,2,
b1259,no,2,
b1260,no,2,
b1261,no,2,
b1262,no,2,9605328
b1263,no,2,
anth,no,2,
b1265,no,2,
b1266,no,2,
b1267,no,2,
b1268,no,2,
b1269,no,2,
b1270,no,2,
b1271,no,2,
b1272,no,2,
b1273,no,2,
asuA?,yes,1,2827163
b1275,no,2,
b4522,no,2,
b4523,no,2,
acn,no,2,8932712
b1277,yes,1,
b1278,no,2,9729611
b1279,no,2,
b1280,no,2,
b1281,no,2,
b1282,no,2,
b1283,no,2,2644204
b1284,no,2,
b4596,no,2,
b1285,no,2,
aaaE,no,2,
b1286,no,2,7758932
b1287,no,2,
b1288,yes,1,7592873
b1289,no,2,
b1290,no,2,
b1291,no,2,
b1292,no,2,
b1293,no,2,
b1294,no,2,
b1295,no,2,
b1296,no,2,
b1297,no,2,
b1298,no,2,
b1299,no,2,
aldH,no,2,
b1301,no,2,
b1302,no,2,
b1303,no,2,
b1304,no,2,9721282
b1305,no,2,9721282
b1306,no,2,9721282
b1307,no,2,9721282
b1308,no,2,9721282
b1309,no,2,
b1310,no,2,
b1311,no,2,
b1312,no,2,
b1313,no,2,
b1314,no,2,
b1315,no,2,
b1316,no,2,
b1317,no,2,
b1318,no,2,
b1319,no,2,9721282
b1320,no,2,
b1321,no,2,
b1322,no,2,
b1323,no,2,
b1324,no,2,
b1325,no,2,
b1326,no,2,
b4525,no,2,
b4673,no,2,
b1327,no,2,
b1328,no,2,
b1329,no,2,
b1330,no,2,
b1331,no,2,
b1332,no,2,
b1333,no,2,
b1334,no,2,
b1335,no,2,
b1336,no,2,
b1337,no,2,
b1338,no,2,
b1339,no,2,
b1340,no,2,
b1341,no,2,
b1342,no,2,
b1343,no,2,
b1344,no,2,
b1345,no,2,
b1346,no,2,
b1347,no,2,
b1348,no,2,
b1349,no,2,
b1350,no,2,
b1351,no,2,
b4526,no,2,
b1352,no,2,8752325
b1353,no,2,
b1354,no,2,
b1355,no,2,
b1356,no,2,
b1357,no,2,
b1358,no,2,
b1359,no,2,
b1360,no,2,
b1361,no,2,
b1362,no,2,
b4528,no,2,
b1363,no,2,
b1365,no,2,
b1366,no,2,
b1368,no,2,
b1369,no,2,
b1370,no,2,
b1372,no,2,
b1373,no,2,
b1374,no,2,
b1375,no,2,
b4638,no,2,
b1376,no,2,
b1377,no,2,
b1378,no,2,
b4529,no,2,
b1379,no,2,
b1380,no,2,
b1381,no,2,
b1382,no,2,
b1383,no,2,
b1384,no,2,
b1385,no,2,
b1386,no,2,
b1387,no,2,
b1388,no,2,
b1389,no,2,
b1390,no,2,
b1391,no,2,
b1392,no,2,
b1393,no,2,
b1394,no,2,
b1395,no,2,
b1396,no,2,
b1397,no,2,
b1398,no,2,
b1399,no,2,
b1400,no,2,
b4674,no,2,
b1401,no,2,
b1402,no,2,
b1403,no,2,
b1404,no,2,
b1406,no,2,
b1407,no,2,
b1408,no,2,
b1409,no,2,
b1410,no,2,
b1411,no,2,
acpD,no,2,
b1413,no,2,
b1414,no,2,
ald,no,2,9202484
b1416,no,2,
b1418,no,2,
b1419,no,2,
b4428,no,2,
b1420,no,2,
b1421,no,2,
b1422,no,2,
b1423,no,2,
b1424,no,2,
b1426,no,2,
b1427,no,2,2671655
b1428,no,2,
b1429,no,2,
b1430,no,2,
b1431,no,2,
b4530,no,2,
b1432,no,2,
b1433,no,2,
b1434,no,2,
b1435,no,2,
b1436,no,2,
b1437,no,2,
b1438,no,2,
b1439,no,2,
b1440,no,2,
b1441,no,2,
b1442,no,2,
b1443,no,2,
b1444,no,2,
b4598,no,2,
b1445,no,2,
b1446,no,2,
b1447,no,2,
b1448,no,2,
b1449,no,2,
b1450,no,2,
b1451,no,2,
b1452,no,2,
b1453,no,2,
b1454,no,2,
b1455,no,2,
b1456,no,2,
b1457,no,2,
b1458,no,2,
b1460,no,2,
b1461,no,2,
b1462,no,2,
b1463,no,2,
b1464,no,2,
b1465,no,2,
b1466,no,2,
b1467,no,2,
b1468,no,2,
b1469,no,2,
b1470,no,2,
b1472,no,2,
b1473,no,2,
b1474,no,2,8736541
b1475,no,2,8736541
b1476,no,2,8736541
b1477,no,2,
b1478,no,2,
b1479,no,2,
b1480,no,2,
b1481,no,2,
b1482,no,2,
b1483,no,2,
b1484,no,2,
b1485,no,2,
b1486,no,2,
b1487,no,2,
b1488,no,2,
b1489,no,2,
b1490,no,2,
b1491,no,2,
acsA,no,2,
b1493,no,2,
b1494,no,2,
b1495,no,2,
b1496,no,2,
b1497,no,2,
b1498,no,2,
b1499,no,2,
b1500,no,2,
b1501,no,2,
b1502,no,2,
b1503,no,2,
b1504,no,2,
b1505,no,2,
b1506,no,2,
b1507,no,2,
b1508,no,2,
b1509,no,2,
b1511,no,2,
b1512,no,2,
b1513,no,2,
b1514,no,2,
b1515,no,2,
b1516,no,2,
b1517,no,2,
b1518,no,2,
b1519,no,2,
b1520,no,2,
b1521,no,2,
b1522,no,2,
b1523,no,2,
b1524,no,2,
b1525,no,2,
b1526,no,2,
b1527,no,2,
b1528,no,2,10094697
b1529,no,2,
b1530,no,2,
b1531,no,2,
b1532,no,2,
b1533,no,2,
b1534,no,2,
b4599,no,2,
b1535,no,2,
b1536,no,2,
b1537,no,2,
b1538,no,2,
b1539,no,2,
b1540,no,2,
b1541,no,2,
b1542,no,2,
b1543,no,2,
b1544,no,2,
b1545,no,2,
b1546,no,2,
b1547,no,2,
b1548,no,2,
b4533,no,2,
b1549,no,2,
b1550,no,2,
b1551,no,2,
b1552,no,2,
b1553,no,2,
b4689,no,2,
arrQ,no,2,
b1555,no,2,
b1556,no,2,
b1557,no,2,9371456
b1558,no,2,8022259
b1559,no,2,
b1560,no,2,
b1561,no,2,
b1562,no,2,
b1563,no,2,
b1564,no,2,
b1565,no,2,
b1566,no,2,
b1567,no,2,
b1568,no,2,
b1569,no,2,
b1570,no,2,
b1571,no,2,
b1572,no,2,
b1573,no,2,
b1575,no,2,
b1576,no,2,
b1577,no,2,
b1578,no,2,
b1579,no,2,
b1580,no,2,
b1581,no,2,
b1582,no,2,
b1583,no,2,
b1584,no,2,
b1585,no,2,
b1586,no,2,
b1587,no,2,
b1588,no,2,
b1589,no,2,
b1590,no,2,
b1591,no,2,
b1592,no,2,
b1593,no,2,
b1594,no,2,
b1595,no,2,
b1596,no,2,
b1597,no,2,
b4601,no,2,
b1598,no,2,
b1599,no,2,
b1600,no,2,
b1601,no,2,
b1602,no,2,
b1603,no,2,
b1604,no,2,
arcD,no,2,
b1606,no,2,
b1607,no,2,
b1608,no,2,
b1609,no,2,
b1610,no,2,
b1611,no,2,
b1612,no,2,
b1613,no,2,
b1614,no,2,
b1615,no,2,
b1616,no,2,
b1617,no,2,
b1618,no,2,
b1619,no,2,
b1620,no,2,
b1621,no,2,
b1622,no,2,
b1623,no,2,7014363
b1624,no,2,
b3782,no,2,"132662,10931331"
b1625,no,2,
b1626,no,2,
b1627,no,2,
b1628,no,2,
b1629,no,2,
b1630,no,2,
b1631,no,2,
b1632,no,2,
b1633,no,2,
b1634,no,2,
b1635,no,2,
b1636,no,2,9537380
b1637,yes,1,4898984
b1638,no,2,
b1639,no,2,
b1640,no,2,
b1641,no,2,
b1642,no,2,
b1643,no,2,
b1644,no,2,
b1645,no,2,
b1646,no,2,
b1647,no,2,
b1648,no,2,
b1649,no,2,
b1650,no,2,
b1651,no,2,9489668
b1652,no,2,
b1653,no,2,
b1654,no,2,
b1655,no,2,
b1656,no,2,
b1657,no,2,
b4602,no,2,
b1658,no,2,
b1659,no,2,
b1660,no,2,
b1661,no,2,
b1662,yes,1,
b1663,no,2,
b1664,no,2,
b1667,no,2,
b1668,no,2,
b1669,no,2,
b1670,no,2,
b1671,no,2,
b1672,no,2,
b1673,no,2,
b1674,no,2,
b1675,no,2,
b1676,no,2,
b1677,no,2,
b1678,no,2,
b1679,no,2,
b1680,no,2,
b1681,no,2,10322040
b1682,no,2,
b1683,no,2,
b1684,no,2,
b1685,no,2,
b1686,no,2,
b1687,no,2,
b1688,no,2,
b1689,no,2,
b1690,no,2,
b1691,no,2,
b1692,no,2,
b1693,no,2,1441732
b1694,no,2,
b1695,no,2,
b1696,no,2,
b1697,no,2,
b1698,no,2,
b1699,no,2,
b1700,no,2,
b1701,no,2,
b1702,no,2,
b1703,no,2,
b1704,no,2,2903857
b1705,no,2,
b1706,no,2,
b1707,no,2,
b1708,no,2,
b1709,no,2,
b1710,no,2,
b1711,no,2,
b1712,no,2,
b1713,yes,1,783122
b1714,yes,1,783122
b1715,no,2,
b1716,yes,1,
b1717,no,2,
b1718,yes,1,2200518
b1719,yes,1,3930755
arpB_2,no,2,
b4535,no,2,
b1722,no,2,
b1723,no,2,
b1724,no,2,
b1725,no,2,
b1726,no,2,
b1727,no,2,
b1728,no,2,
b1729,no,2,
b1730,no,2,
b1731,no,2,
b1732,no,2,
b1733,no,2,
b1734,no,2,
b1735,no,2,
b1736,no,2,
b1737,no,2,
b1738,no,2,
anr,no,2,10692161
b1740,yes,1,1512214
b1741,no,2,
b1742,no,2,
b1743,no,2,
b1744,no,2,
b1745,no,2,
b1746,no,2,
b1747,no,2,
argM,no,2,
b1749,no,2,
b1750,no,2,
b1751,no,2,
b1752,no,2,
b1753,no,2,
b1754,no,2,
b1755,no,2,
b1756,no,2,
b1757,no,2,
b1758,no,2,
b1759,no,2,
b1760,no,2,
b1761,no,2,
b1762,no,2,
b1763,no,2,2553698
b1764,no,2,
b1765,no,2,
b1766,no,2,
b1767,no,2,
b1768,no,2,
b1769,no,2,
b1770,no,2,
b1771,no,2,
b1772,no,2,
b1773,no,2,
b1774,no,2,
b1775,no,2,
b1776,no,2,
b1777,no,2,
b1778,no,2,
b1779,yes,1,9696782
b1780,no,2,
b1781,no,2,
b1782,no,2,
b1783,no,2,
b1784,no,2,
b1785,no,2,
b1786,no,2,
b1787,no,2,
b1788,no,2,
b1789,no,2,
b1790,no,2,
b1791,no,2,
b1792,no,2,
b1793,no,2,
b1794,no,2,
b4676,no,2,
b1795,no,2,
b1796,no,2,
b1797,no,2,
b1798,no,2,
b1799,no,2,
b1800,no,2,
b1801,no,2,
b1802,no,2,
b1803,no,2,
b1804,no,2,6337139
b1805,no,2,2204431
b1806,no,2,
b1807,yes,1,
b1808,no,2,
b1809,no,2,
b1810,no,2,
b1811,no,2,
b1812,no,2,
b1813,no,2,
b1814,no,2,
adrB,no,2,
b1816,no,2,
b1817,no,2,
b1818,no,2,
b1819,no,2,
b1820,no,2,
b1821,no,2,
b1822,no,2,9440525
b1823,no,2,
b1824,no,2,
b1825,no,2,
b1826,no,2,
b4536,no,2,
b1827,no,2,
b1828,no,2,
b1829,no,2,
b1830,no,2,1856173
b1831,no,2,
b1832,no,2,
b1833,no,2,
b1834,no,2,
b1835,no,2,
b1836,no,2,
b1837,no,2,
b1838,no,2,
b1839,no,2,
b1840,no,2,
b1841,no,2,
b1842,no,2,8300534
b1843,no,2,
b1844,no,2,10514496
b1845,no,2,
b1846,no,2,
b1847,no,2,
b1848,no,2,
b1849,no,2,
b1850,no,2,
b1851,no,2,
b1852,no,2,
b1853,no,2,
b1854,no,2,
b1855,no,2,
b1856,no,2,
b1857,no,2,
b1858,no,2,
b1859,no,2,
b1860,no,2,
b1861,no,2,
b4677,no,2,
b1862,no,2,
b1863,no,2,
b1864,no,2,
b1865,no,2,8798731
b1866,yes,1,9171418
b1867,no,2,
b1868,no,2,
b1869,no,2,
b1870,no,2,
b1871,no,2,
b1872,no,2,
b1873,no,2,
b1874,no,2,
b1875,no,2,
b1876,yes,1,
b1877,no,2,
b1878,no,2,
b1879,no,2,9729611
b1880,no,2,9729611
b1881,no,2,9729611
b1882,no,2,9729611
b1883,no,2,9729611
b1884,no,2,9729611
b1885,no,2,
b1886,no,2,
b1887,no,2,9729611
b1888,no,2,9729611
b1889,no,2,
b1890,no,2,
b1891,no,2,9729611
b1892,no,2,9729611
b1893,no,2,
b1894,no,2,
b1895,no,2,
b1896,no,2,
b1897,no,2,
araH_2,no,2,2656640
b1900,no,2,1304895
b1901,no,2,1304895
b1902,no,2,
b1903,no,2,
b1904,no,2,
b1905,no,2,10049371
b1906,no,2,
b1907,no,2,
b1908,no,2,
b1912,yes,1,2549045
b1913,no,2,
b1914,no,2,
b1915,no,2,
b1916,no,2,
b1917,no,2,
b1918,no,2,
b1919,no,2,
b1920,no,2,9729611
b1921,no,2,9729611
b1922,no,2,9729611
b1923,no,2,9729611
b1924,no,2,9729611
b1925,no,2,9729611
b1926,no,2,9729611
b1927,no,2,
b1928,no,2,
b1929,no,2,
b1930,no,2,
b1931,no,2,
b1932,no,2,
b1933,no,2,
b1936,no,2,
b1937,no,2,9729611
b1938,no,2,9729611
b1939,no,2,9729611
b1940,no,2,9729611
b1941,no,2,9729611
b1942,no,2,9729611
b1943,no,2,9729611
b1944,no,2,9729611
b1945,no,2,9729611
b1946,no,2,9729611
b1947,no,2,9729611
b1948,no,2,9729611
b1949,no,2,9729611
b1950,no,2,9729611
b1951,no,2,
b1952,no,2,8670904
b1953,no,2,
b1955,no,2,
b1956,no,2,
b1957,no,2,
b1958,no,2,
b1959,no,2,
b1960,no,2,
b1961,no,2,375073
b1962,no,2,
b1963,no,2,
b1964,no,2,
b1967,no,2,
b1968,no,2,
b1969,no,2,
b1970,no,2,
b1971,no,2,
b1972,no,2,
b1973,no,2,
b1974,no,2,
b1976,no,2,
b1978,no,2,
b1979,no,2,
b1981,no,2,9524262
b1982,no,2,6327703
b1983,no,2,
b1985,no,2,
b1987,no,2,
b1988,no,2,
b1990,no,2,
b1991,no,2,
b1992,no,2,
b1993,no,2,
b4639,no,2,
b1994,no,2,
b4640,no,2,
b4641,no,2,
b1995,no,2,
b1996,no,2,
b1997,no,2,
b1999,no,2,
agn,no,2,9729611
b2001,no,2,
b2002,no,2,
b2003,no,2,
b2004,no,2,
b2005,no,2,
b2006,no,2,
b4642,no,2,
b4538,no,2,
b2007,no,2,
b2008,no,2,
b2009,no,2,
b2010,no,2,
b2011,no,2,
b2012,no,2,
b2013,no,2,
b2014,no,2,
b4678,no,2,
b2015,no,2,
b2016,no,2,
b4539,no,2,
b2017,no,2,
b2018,no,2,
b2019,no,2,
b2020,no,2,
b2021,no,2,
b2022,no,2,
b2023,no,2,
b2024,no,2,
b2025,no,2,
b2026,no,2,
b2027,no,2,
b2028,no,2,
b2029,no,2,
b2031,no,2,
b2030,no,2,
b2032,no,2,
b2033,no,2,
b2034,no,2,
b2035,no,2,
b2036,no,2,
b2037,no,2,
b2038,no,2,
b2039,no,2,
b2040,no,2,
b2041,no,2,
b2042,no,2,
b2043,no,2,
b2044,no,2,
b2045,no,2,
b2046,no,2,
b2047,no,2,
b2048,no,2,
b2049,no,2,
b2050,no,2,
b2051,no,2,
b2052,no,2,
b2053,no,2,9257704
b2054,no,2,
b2055,no,2,
b2056,no,2,
b2057,no,2,
b2058,no,2,
b2059,no,2,
b2060,no,2,
b2061,no,2,
b2062,no,2,
b2063,no,2,
b2064,no,2,8866482
b2065,no,2,2830228
b2066,no,2,
b2067,no,2,
aidA,no,2,
b2069,no,2,
b2070,no,2,
b2071,no,2,
b2072,no,2,
b2073,no,2,
b4667,no,2,
b4668,no,2,
b2074,no,2,
b2075,no,2,
b2076,no,2,
b2077,no,2,
b2078,no,2,
b2079,no,2,
b2080,no,2,
b2081,no,2,
b2082,no,2,
b2083,no,2,
b2085,no,2,
b2086,no,2,
b2087,no,2,
b0298,no,2,
b0299,no,2,
b2091,no,2,
b2092,no,2,
b2093,no,2,
b2094,no,2,
b2095,no,2,
b2096,no,2,
b2097,no,2,
b2098,no,2,
b2099,no,2,
b2100,no,2,
b2101,no,2,
b2102,no,2,
b2103,no,2,
b2104,no,2,
b2105,no,2,
b2106,no,2,
b2107,no,2,
b2108,no,2,
b2109,no,2,
b2110,no,2,
b2111,no,2,
b2112,no,2,
apbC,no,2,
b2114,yes,1,
b2115,no,2,
b2118,no,2,
b4541,no,2,
b2119,no,2,
b2120,no,2,
b2121,no,2,
b2122,no,2,
b2123,no,2,
b2124,no,2,
b2125,no,2,
b2126,no,2,
b2127,no,2,
b4542,no,2,
b2128,no,2,
b2129,no,2,
b2130,no,2,
b2131,no,2,
b2132,no,2,
b2133,no,2,
b2134,no,2,
b2135,no,2,
b2136,no,2,
b2137,no,2,
b2138,no,2,
b4679,no,2,
b2140,no,2,
b2141,no,2,
b2142,no,2,
b2143,no,2,2830228
b2144,no,2,
b2145,no,2,
b2146,no,2,
b2147,no,2,
b2148,no,2,
b2149,no,2,
b2150,no,2,
b2151,no,2,1655705
b2152,no,2,
b2153,yes,1,10049741
b2154,no,2,
b2155,no,2,
b2156,no,2,
b2157,no,2,
b2158,no,2,
b2159,no,2,
b2160,no,2,
b2161,no,2,
b2162,no,2,
b2163,no,2,
b2164,no,2,
b2165,no,2,
b2166,no,2,
b2167,no,2,3528748
b2168,no,2,3528748
b2169,no,2,3528748
b2170,no,2,
b4502,no,2,
b2171,no,2,
b2172,no,2,
b2173,no,2,
b2174,no,2,
b2175,no,2,
b2176,no,2,
b2177,no,2,
b2178,no,2,
b2179,no,2,
b2180,no,2,
b2181,no,2,
b2182,no,2,
b2183,no,2,
b2184,no,2,
b2185,no,2,
b2186,no,2,
b2187,no,2,
b2188,yes,1,
b2190,no,2,
b2192,no,2,
b2193,no,2,
b2194,no,2,8842153
b2195,no,2,9716493
b2196,no,2,9716493
b2197,no,2,9716493
b2198,no,2,9716493
b2199,no,2,9716493
b2200,no,2,9716493
b2201,no,2,9716493
b2202,no,2,9716493
b2203,no,2,9716493
b2204,no,2,9716493
b2205,no,2,9716493
aphA,no,2,7047492
b2207,no,2,9716493
b2208,no,2,9716493
b4604,no,2,
b2209,no,2,8143850
b2210,no,2,
b2211,no,2,
aidD,no,2,3884973
b2213,no,2,8152424
b2214,no,2,
b2215,no,2,
b2216,no,2,
b2217,no,2,
b2218,no,2,
b2219,no,2,
Az,no,2,2883171
b2221,no,2,2883171
b2222,no,2,2883171
b2223,no,2,
b2224,no,2,2883171
b2225,no,2,
b2226,no,2,
b2227,no,2,
b2229,no,2,
b2230,no,2,
b2231,yes,1,366382
b2232,no,2,1479344
b2233,no,2,
b2234,yes,1,1370982
b2235,yes,1,3025167
b2236,no,2,
b2237,no,2,1537798
b2238,no,2,
b2239,no,2,6304089
b2240,no,2,6754693
b2241,no,2,2403539
b2242,no,2,2160940
b2243,no,2,2403539
b2244,no,2,
b4543,no,2,
b2245,no,2,
b2246,no,2,
b2247,no,2,
b2248,no,2,
b2249,no,2,
b2250,no,2,
b2251,no,2,
b2252,no,2,
b2253,no,2,
b2254,no,2,
b2255,no,2,
b2256,no,2,
b2257,no,2,
b4544,no,2,
b2258,no,2,
b2259,no,2,
b2260,no,2,8626063
b2261,no,2,8626063
b2262,no,2,8626063
b2263,no,2,
b2264,no,2,8626063
b2265,no,2,8626063
b2266,no,2,
b2267,no,2,
b2268,no,2,
b2269,no,2,
b2270,no,2,
b2271,no,2,
b2272,no,2,
b2273,no,2,
b2274,no,2,
b2275,no,2,
b2276,no,2,9495756
b2277,no,2,9495756
b2278,no,2,9495756
b2279,no,2,9495756
b2280,no,2,9495756
b2281,no,2,9495756
b2282,no,2,9495756
b2283,no,2,9495756
b2284,no,2,9495756
b2285,no,2,9495756
b2286,no,2,9495756
b2287,no,2,9495756
b2288,no,2,9495756
b2289,no,2,7565112
b2290,no,2,
b2291,no,2,
b2292,no,2,
b2293,no,2,
b2294,no,2,
b2295,no,2,
b2296,no,2,7883769
b2297,no,2,7883769
b2298,no,2,
b2299,no,2,
b2300,no,2,
b2301,no,2,
b2302,no,2,
b2303,no,2,
b2304,no,2,
b2305,no,2,
b2306,no,2,6259116
b2307,no,2,1787792
b2308,no,2,
b2309,no,2,
b2310,no,2,
b2311,no,2,
ade,no,2,
b2313,no,2,
b2314,no,2,
b2315,yes,1,1989505
b2316,yes,1,7693652
b2317,no,2,
asuC,no,2,
b2319,no,2,1355086
b2320,no,2,
b2321,no,2,2681152
b2322,no,2,
b2323,yes,1,1729241
b2324,no,2,
b2325,no,2,
b2326,no,2,
b2327,no,2,
b2328,no,2,6343788
b2329,no,2,8021209
b2330,no,2,
b2331,no,2,
b2332,no,2,
b2333,no,2,
b2334,no,2,
b2335,no,2,
b2336,no,2,
b2337,no,2,
b2339,no,2,
b2340,no,2,
b2341,no,2,
b2342,no,2,
b2343,no,2,
b2344,no,2,2204431
b2345,no,2,
b2346,no,2,
b2347,no,2,
b2349,no,2,362165
b2350,no,2,
b2351,no,2,
b2352,no,2,
b2353,no,2,
b2354,no,2,
b2355,no,2,
b2356,no,2,
b2357,no,2,"1435727,"
b2358,no,2,
b2359,no,2,1435727
b2360,no,2,
b2361,no,2,
b2362,no,2,
b2363,no,2,
b4545,no,2,
b4501,no,2,
b2364,no,2,1090589
b2365,no,2,7592420
b2366,no,2,1090589
b2367,no,2,
b2368,no,2,
b2369,no,2,8125343
b2370,no,2,8125343
b2371,no,2,
b2372,no,2,
b2373,no,2,
b2374,no,2,
b2375,no,2,
b2376,no,2,
b2377,no,2,
b2378,no,2,
b4680,no,2,
b2379,no,2,
b2380,no,2,
b2381,no,2,
b2382,no,2,
b2383,no,2,
b2384,no,2,
b2385,no,2,
b2386,no,2,
b2387,no,2,
b2388,no,2,6313627
b2389,no,2,
b2390,no,2,
b2392,no,2,
b2393,no,2,
b0016,no,2,
b2395,no,2,
b2398,no,2,
b2399,no,2,
b2400,yes,1,1092645
b2405,no,2,
b2406,no,2,
b2407,no,2,
b2408,no,2,
b2409,no,2,
b2410,no,2,
b2411,yes,1,
b2412,yes,1,9008158
b2413,no,2,
b2414,no,2,2404280
b2415,no,2,2404280
b2416,no,2,2404280
b2417,no,2,
b2418,no,2,
b2419,no,2,
b2420,no,2,
b2421,no,2,
b2422,no,2,
b2423,no,2,
b2424,no,2,
b2425,no,2,
b2426,no,2,
b2427,no,2,
b2428,no,2,
b2429,no,2,
b2430,no,2,
b2431,no,2,
b2432,no,2,
b2433,no,2,
b2434,no,2,
b2435,no,2,6137479
b2436,no,2,7768836
b2437,no,2,
b2438,no,2,
b2439,no,2,
b2440,no,2,
b2441,no,2,
b2442,no,2,
b2443,no,2,
b2444,no,2,
b2445,no,2,
b2446,no,2,
b2447,no,2,
b2448,no,2,
b2449,no,2,
b2450,no,2,
b2451,no,2,
b2452,no,2,
b2453,no,2,
b2454,no,2,
b2455,no,2,
b2456,no,2,
b2457,no,2,
b2458,no,2,
b2459,no,2,
b2460,no,2,
b2461,no,2,
b2462,no,2,
b2463,no,2,
b2464,no,2,8572885
b2465,no,2,8396116
b2466,no,2,
b2467,no,2,
b2468,no,2,8955321
b2469,no,2,9729611
b2470,no,2,10692383
b4606,no,2,
b2471,no,2,
b2472,yes,1,
b2473,no,2,
b2474,no,2,
b2475,no,2,
ade,no,2,
b2477,no,2,1885529
b2478,yes,1,
b2479,no,2,7665475
b2480,no,2,
b2481,no,2,
b2482,no,2,
b2483,no,2,
b2484,no,2,
b2485,no,2,
b2486,no,2,
b2487,no,2,
b2488,no,2,
b2489,no,2,
b2490,no,2,
b2491,no,2,
b2492,no,2,
b2493,no,2,
b2494,no,2,
b2495,no,2,
b2496,yes,1,11483528
b2497,no,2,
b2498,no,2,
b2499,no,2,
ade,no,2,
b2501,no,2,8631717
b2502,no,2,8119977
b2503,no,2,
b2504,no,2,
b2505,no,2,
b2506,no,2,
b2507,no,2,
b2508,no,2,
b2509,no,2,
b2510,no,2,
b2511,yes,1,11387344
b2512,no,2,
b2513,no,2,
b2514,yes,1,
b2515,yes,1,1521767
b2516,no,2,
b2517,no,2,
b2518,no,2,
b2519,no,2,10542235
b2520,no,2,
b2521,no,2,
b2522,no,2,8722098
b2523,no,2,372108
b2524,no,2,
b2525,no,2,
b2526,no,2,
b2527,no,2,
b2528,no,2,
b2529,no,2,
b2530,no,2,
b2531,no,2,
b2532,no,2,
b2533,yes,1,2138605
b2534,no,2,
b2535,no,2,
b2536,no,2,9603882
b4706,no,2,
b2537,no,2,9603882
b2538,no,2,9603882
b2539,no,2,9603882
b2540,no,2,9603882
b2541,no,2,9603882
b2542,no,2,9603882
b2543,no,2,
b2544,no,2,
b2545,no,2,
b2546,no,2,
b2547,no,2,
b2548,no,2,
b2549,no,2,
b2550,no,2,
b2551,no,2,
b2552,no,2,
b2553,no,2,2865248
b2554,no,2,
b2555,no,2,
b2556,no,2,
b2557,no,2,
b2558,no,2,
b2559,no,2,
b2560,no,2,
b2561,no,2,
b2562,no,2,
b2563,yes,1,1537800
b2564,no,2,
b2565,no,2,
b2566,yes,1,8807801
b2567,no,2,8416898
b2568,yes,1,3514582
b2569,no,2,3514582
b2570,no,2,9159523
b2571,no,2,9159523
b2572,no,2,9159523
b2573,no,2,7751307
b2574,no,2,
b2575,no,2,
b2576,no,2,
b2577,no,2,
b2578,no,2,
b2579,no,2,
b2580,no,2,2830228
b2581,no,2,
b2582,no,2,
b2583,no,2,
b2584,no,2,
b2585,yes,1,"2002065,"
b2586,no,2,
b2587,no,2,
b2592,no,2,
b2593,no,2,
b2594,no,2,9814761
b2595,yes,1,15968066
b2597,no,2,
b2598,no,2,
b2599,no,2,
b2600,no,2,
b2601,no,2,6317654
b2602,no,2,
b2603,no,2,
b2604,no,2,
b2605,no,2,7559342
b2606,yes,1,7559342
b2607,yes,1,7559342
b2608,no,2,"9226267,9422595"
b2609,yes,1,7559342
b2610,yes,1,7559342
b2611,no,2,
b2612,no,2,
b2614,yes,1,2651417
b2615,yes,1,
b2616,no,2,
b2617,no,2,",7883194"
b2618,no,2,
b2619,no,2,
b2620,no,2,7883194
b2622,no,2,9729611
b2623,no,2,
b2624,no,2,7511582
b2625,no,2,
b2626,no,2,
b2627,no,2,
b2628,no,2,
b2629,no,2,
b2630,no,2,
b2631,no,2,
b2632,no,2,
b2633,no,2,
b2634,no,2,
b2635,no,2,
b2636,no,2,
b2637,no,2,
b2638,no,2,
b2639,no,2,
b2642,no,2,
b4644,no,2,
b2643,no,2,
b2644,no,2,
b4548,no,2,
b2645,no,2,
b2646,no,2,
b2647,no,2,
b2648,no,2,
b2649,no,2,
b2654,no,2,
b2659,no,2,
b2660,no,2,
b2661,no,2,8297211
b2662,no,2,8297211
b2663,no,2,8297211
b2664,no,2,
b2665,no,2,
b2666,no,2,
b2667,no,2,
b2668,no,2,
b2669,no,2,
b2670,no,2,
b2671,no,2,
b2672,no,2,
b2673,no,2,
b2674,no,2,
b2675,no,2,8820648
b2676,no,2,8820648
b2677,no,2,
b2678,no,2,
b2679,no,2,
b2680,no,2,
b2682,no,2,
b2683,no,2,
b2684,no,2,1840583
b2685,no,2,1409590
b2686,no,2,1409590
b2687,no,2,
b2688,no,2,
b2689,no,2,
b2690,no,2,
b2696,yes,1,
act,yes,1,6086588
b2698,no,2,
b2699,no,2,
b2700,no,2,
b2701,no,2,
b2702,no,2,
b2703,no,2,1100602
b2704,no,2,
b2705,no,2,
b2706,no,2,
b2707,no,2,
b2708,no,2,
b2709,no,2,
b2710,no,2,
b2711,no,2,
b2712,no,2,
b2713,no,2,
b2714,no,2,9729611
b2715,no,2,9729611
b2716,no,2,9729611
b2717,no,2,
b2718,no,2,1625581
b2719,no,2,1625581
b2720,no,2,1625581
b2721,no,2,1625581
b2722,no,2,
b2723,no,2,
b2724,no,2,1625581
b2725,no,2,1625581
b2726,no,2,
b2727,no,2,
b2728,no,2,
b2729,no,2,
b2730,no,2,
b2731,no,2,1625581
b2732,no,2,
ant,no,2,
b2734,no,2,
b2735,no,2,
b2736,no,2,
b2737,no,2,
b2738,no,2,
b2739,no,2,
b2740,no,2,
abrD,no,2,7651342
b2742,no,2,
b2743,no,2,
b2744,no,2,
b2745,no,2,
b2746,yes,1,
b2747,yes,1,
b2748,yes,1,11972052
b2749,no,2,
b2750,no,2,
b2751,no,2,
b2752,no,2,
b2753,no,2,
b2754,no,2,
b2755,no,2,
b2756,no,2,
b2757,no,2,
b2758,no,2,
b2759,no,2,
b2760,no,2,
b2761,no,2,
b2762,no,2,
b2763,no,2,
b2764,no,2,
b2765,no,2,
b2766,no,2,
b2767,no,2,
b2768,no,2,
b2769,no,2,
b2770,no,2,
b2771,no,2,
b2772,no,2,
b2774,no,2,
b2775,no,2,
b2776,no,2,
b2777,no,2,
b4682,no,2,
b2778,no,2,
b2779,yes,1,8988374
b2780,yes,1,
b2781,no,2,
b2782,no,2,
b2783,no,2,
b2784,no,2,
b2785,no,2,
airS,no,2,
b2787,no,2,
b2788,no,2,
b2789,no,2,
b2790,no,2,
b2791,no,2,
b2792,no,2,
b2793,no,2,
b2794,no,2,
b2795,no,2,
b2796,no,2,
b2797,no,2,
b2798,no,2,
b2799,no,2,
b2800,no,2,
b2801,no,2,
b2802,no,2,
b2803,no,2,
b2804,no,2,
b2805,no,2,
b2806,no,2,
b2807,no,2,
b2808,no,2,
b2809,no,2,
b2810,no,2,
b2811,no,2,
b2812,no,2,
b2813,no,2,
b2817,no,2,
Arg1,no,2,
b2819,no,2,
b2820,no,2,
b2821,no,2,2993229
b2822,no,2,
b2823,no,2,
b2824,no,2,
b2825,no,2,
b2826,no,2,
b2827,no,2,
b2828,yes,1,2644208
b2829,no,2,
b2830,no,2,
b2831,no,2,
b2832,no,2,
b2833,no,2,
b2834,no,2,
b2835,no,2,
b2836,no,2,1649829
b2837,no,2,6299576
b2838,no,2,
b2839,no,2,
b2840,no,2,
b2841,no,2,7028715
b2842,no,2,
b2843,no,2,
b2844,no,2,
b2845,no,2,
b2846,no,2,
b2847,no,2,
b2848,no,2,
b4683,no,2,
b2849,no,2,
b2850,no,2,
b2851,no,2,
b2852,no,2,
b2853,no,2,
b2854,no,2,
b2855,no,2,
b2857,no,2,
b2859,no,2,
b2860,no,2,
b2861,no,2,
b2862,no,2,
b2865,no,2,
b2866,no,2,
b2867,no,2,
b2868,no,2,
b2869,no,2,
b2870,no,2,
b2871,no,2,
b2872,no,2,
b2873,no,2,
b2874,no,2,
b2875,no,2,
b2876,no,2,
b2877,no,2,
b2878,no,2,
b2879,no,2,
b2880,no,2,
b2881,no,2,
b2882,no,2,
b2883,no,2,
b2884,no,2,
b2886,no,2,
b2887,no,2,
b2888,no,2,
b4684,no,2,
b2889,no,2,
asuD,no,2,1321323
b2891,yes,1,3053663
b2892,no,2,
b2893,no,2,9003292
b2894,no,2,
b2895,no,2,1999390
b2896,no,2,
b2897,no,2,
b2898,no,2,
b2899,no,2,
b2900,no,2,
b2901,no,2,
b2902,no,2,
b2903,no,2,8181752
b2904,no,2,
b2905,no,2,7665475
b2906,no,2,
acd,no,2,1339425
b2908,no,2,
b2909,no,2,
b2910,no,2,
b2912,no,2,
b4665,no,2,
b2913,no,2,
b2914,no,2,
b2915,no,2,
b2916,no,2,
b2917,no,2,
b2918,no,2,
b2919,no,2,
b2920,no,2,
b2921,no,2,
b2922,no,2,
b2923,no,2,
b2924,no,2,
ald,yes,1,
b2926,yes,1,
b2927,no,2,9696782
b2928,no,2,
b2929,no,2,
b2930,no,2,
b2931,no,2,
b2933,no,2,
b2934,no,2,
b2935,no,2,8396116
b2936,no,2,
b2937,no,2,
b2938,no,2,
b2939,no,2,
b2940,no,2,
b2942,yes,1,",11952912"
b2943,no,2,6300086
b2944,no,2,
b2945,no,2,7789817
b2946,no,2,
b2947,no,2,
b2948,no,2,
b2949,yes,1,11361082
b2950,no,2,
b2951,no,2,
b2952,no,2,
b2953,no,2,
b2954,no,2,
b2955,no,2,
b2956,no,2,
b2957,no,2,1821783
b2958,no,2,
b2959,no,2,
b2960,no,2,
b2961,no,2,
b2962,no,2,
b2963,no,2,8288527
b2964,no,2,
b2965,no,2,
b2966,no,2,
b2968,no,2,
b2969,no,2,
b2970,no,2,
b2971,no,2,
b2972,no,2,
acfD,no,2,
b2975,no,2,
b2976,no,2,8606183
b2977,no,2,8606183
b2978,no,2,8606183
b2978,no,2,
b2979,no,2,8606183
b2980,no,2,8606183
b2981,no,2,
b2982,no,2,
b2983,no,2,
b2984,no,2,
b2985,no,2,
b2986,no,2,
b2987,no,2,
b2988,no,2,
b2989,no,2,
b2990,no,2,
b2991,no,2,
b2992,no,2,
b2993,no,2,
b2994,no,2,
b2995,no,2,
b2996,no,2,
b2997,no,2,
b2998,no,2,
b2999,no,2,
b3001,no,2,
b3002,no,2,
b3003,no,2,
b3005,no,2,7688295
b3006,no,2,7688295
b3008,no,2,
b3009,no,2,
b3010,no,2,
b3011,no,2,
b3012,no,2,
b3013,no,2,
b3014,no,2,
b3015,no,2,
b3017,no,2,
b3018,yes,1,2842295
b3019,yes,1,2170028
b3020,no,2,
b3021,no,2,
b3022,no,2,
b3023,no,2,
b3024,no,2,
b3025,no,2,
b3026,no,2,
b3027,no,2,
b3028,no,2,
b3029,no,2,
b3030,yes,1,2170028
b3031,no,2,
b3032,no,2,
b3033,no,2,
adpP,no,2,
b3035,no,2,8824631
b3036,no,2,
b3038,no,2,
b3039,no,2,
b3040,no,2,
b3041,yes,1,1917833
b3042,no,2,
b3043,no,2,
b3046,no,2,
b3044,no,2,
b3045,no,2,
b3047,no,2,
b3048,no,2,
b3049,no,2,1324388
b3050,no,2,
b3051,no,2,
b4664,no,2,
b4666,no,2,
b3052,no,2,10629197
b3053,no,2,
b3054,no,2,
b3055,no,2,
b3056,yes,1,
b3057,no,2,
b3058,yes,1,
b3059,no,2,
b3060,no,2,
b3061,no,2,
b3062,no,2,
b3063,no,2,
b3064,yes,1,9743119
b3065,no,2,
b3066,yes,1,2646283
alt,yes,1,6343786
b3068,no,2,
b3070,no,2,
b3071,no,2,
air,no,2,9190831
b3073,no,2,
b3074,no,2,
b3075,no,2,9729611
b3076,no,2,9729611
b3077,no,2,9729611
b3078,no,2,
b3079,no,2,
b3080,no,2,
b3081,no,2,
b3082,no,2,
b3083,no,2,
b3084,no,2,
b3085,no,2,
b3086,no,2,
b3087,no,2,
b3088,no,2,
b3089,no,2,
b3090,no,2,
b3091,no,2,
b3092,no,2,7026975
b3093,no,2,6309752
b3094,no,2,6357945
b3095,no,2,
b3096,no,2,
b3097,no,2,
b3098,no,2,
b3099,no,2,
b3100,no,2,
b3101,no,2,
b3102,no,2,
b3103,no,2,
b3104,no,2,
b3105,no,2,
b3106,no,2,
b3107,no,2,
b3108,no,2,
b3110,no,2,
b3111,no,2,","
b3113,no,2,
b3114,no,2,
b3115,no,2,
b3116,no,2,3053660
b3117,no,2,3053660
b3118,no,2,3053660
b3119,no,2,
b3120,no,2,
b3121,no,2,
b3124,no,2,
b3125,no,2,
b3126,no,2,
b3127,no,2,
b3128,no,2,
b3129,no,2,
b3130,no,2,
b3131,no,2,
agaZ,no,2,
b3133,no,2,
b3134,no,2,
b3135,no,2,
b3136,no,2,
agaY,no,2,
b3138,no,2,
b3139,no,2,
b3140,no,2,
b3141,no,2,
b3142,no,2,
b3143,no,2,
b3144,no,2,
b3145,no,2,
b3146,no,2,
b3147,no,2,
b3148,no,2,
b3149,no,2,
b3150,no,2,
b3151,no,2,
b3152,no,2,
b3153,no,2,
b3154,no,2,
b3155,no,2,
b3156,no,2,
b3157,no,2,
b3158,no,2,
b3159,no,2,
b3160,no,2,
b3161,no,2,
b3162,no,2,
b4685,no,2,
b3163,no,2,10400590
b3164,no,2,
b3165,no,2,
b3166,no,2,
b3167,no,2,8898389
b3168,yes,1,"1830345,1374802"
b3169,yes,1,1847364
b3170,no,2,
Arg6,no,2,6352676
b3173,no,2,
b3175,no,2,9426138
b3176,yes,1,8550580
b3177,no,2,9449266
b3178,yes,1,1925026
b3179,no,2,1925026
b3180,no,2,
b3181,no,2,
b3182,no,2,6343788
b3183,yes,1,9743119
b3184,no,2,
b3185,yes,1,
b3186,yes,1,
b3187,yes,1,
b3188,no,2,
b3189,yes,1,7608103
b3190,no,2,
b3191,no,2,
b3192,no,2,
b3193,no,2,
b3194,no,2,
b3195,no,2,
b3196,no,2,
b3197,no,2,
b3198,yes,1,12639950
b3199,yes,1,
b3200,yes,1,
b3201,yes,1,
b3202,no,2,2865248
b3203,no,2,
b3204,no,2,
b3205,no,2,
b3206,no,2,
b3207,no,2,
b3208,no,2,
b3209,no,2,
b3210,no,2,2201868
b3211,no,2,
aspB,no,2,
aspB,no,2,8921877
b3214,no,2,
b3215,no,2,
b3216,no,2,
b3217,no,2,
b3218,no,2,
b3219,no,2,
b3220,no,2,
b3221,no,2,
b3222,no,2,
b3223,no,2,
b3224,no,2,
b3225,no,2,
b3226,no,2,
b3227,no,2,
b3228,no,2,
b3229,no,2,
b3230,yes,1,
b3231,yes,1,
b3232,no,2,
b3233,no,2,
b3234,no,2,
b3235,yes,1,11442831
b3236,no,2,
b3237,no,2,3149585
b3238,no,2,
b3239,no,2,
b3240,no,2,
b3241,no,2,
b3242,no,2,
b3243,no,2,
b3244,no,2,
b3245,no,2,
adhR,no,2,
b3248,no,2,
b3249,yes,1,2687239
b3250,yes,1,2687239
b3251,yes,1,2687239
b3252,no,2,
b3253,no,2,
b4697,no,2,
b4646,no,2,
b3255,yes,1,7693652
b3256,yes,1,7693652
b3257,no,2,
b3258,no,2,
b3259,no,2,
b3260,no,2,
b3261,no,2,7862098
b3262,no,2,
b3263,no,2,
acrS,no,2,
b3265,no,2,"1720861,"
b3266,no,2,1720861
b3267,no,2,
b3268,no,2,
b3269,no,2,
b3270,no,2,
b3271,no,2,
b3279,no,2,
b3280,no,2,
b3281,no,2,8611179
b3282,yes,1,
b3283,no,2,
b3284,no,2,
b3285,no,2,
b3287,yes,1,8641475
b3288,yes,1,1624424
b3289,no,2,10194318
b3290,no,2,
b3291,no,2,
b4550,no,2,
b3292,no,2,
b3293,no,2,
b3294,yes,1,
b3295,yes,1,6154799
b3296,yes,1,
b3297,yes,1,
b3298,yes,1,
b3299,no,2,
b3300,yes,1,8183945
b3301,yes,1,
b3302,yes,1,
b3303,yes,1,
b3304,yes,1,
b3305,yes,1,
b3306,yes,1,
b3307,yes,1,
b3308,yes,1,
b3309,yes,1,
b3310,yes,1,
b3311,yes,1,
b3312,yes,1,
b3313,yes,1,
b3314,yes,1,
b3315,yes,1,
b3316,yes,1,
b3317,yes,1,
b3318,yes,1,
b3319,yes,1,
b3320,yes,1,
b3321,yes,1,
b3322,no,2,
b3323,no,2,
b3324,no,2,
b3325,no,2,
b3326,no,2,
b3327,no,2,
b3328,no,2,
b3329,no,2,
b3330,no,2,
b3331,no,2,
b3332,no,2,
b3333,no,2,
b3334,no,2,
b3335,no,2,
b3336,no,2,10049371
b3337,no,2,
b3338,no,2,
b3339,no,2,9928940
b3340,yes,1,8282687
b3341,yes,1,
asuB,yes,1,
b3343,no,2,
b3344,no,2,
b3345,no,2,
b3346,no,2,
b3347,no,2,8878048
b3348,no,2,
b3349,no,2,
b4551,no,2,
b3350,no,2,
b3351,no,2,
b3352,no,2,
b3353,no,2,
b3354,no,2,
b3355,no,2,
b3356,no,2,
b3357,no,2,3896929
b3358,no,2,
alaB,no,2,3896929
b3360,no,2,
b3361,no,2,1656497
b3362,no,2,
b3363,no,2,
b3364,no,2,
b3365,no,2,6262434
b3366,no,2,
b3367,no,2,
b3368,no,2,3896929
b3369,no,2,
b3370,no,2,
b3371,no,2,
b3372,no,2,
b3374,no,2,
b3375,no,2,
b3376,no,2,
b3377,no,2,
b3378,no,2,
b3379,no,2,
b3380,no,2,
b3381,no,2,
b3382,no,2,
b3383,no,2,
b3384,yes,1,4869215
b3385,no,2,
b3386,no,2,
b3387,no,2,
b3388,no,2,
b3389,no,2,9379896
b3390,no,2,9379896
b3391,no,2,
b3392,no,2,
b3393,no,2,
b3394,no,2,
b3395,no,2,
b3396,no,2,2993822
b3397,no,2,
b3398,yes,1,
b3399,no,2,
b3400,no,2,
b3401,no,2,
b3402,no,2,
b3403,no,2,
b3404,no,2,
b3405,no,2,
b3406,no,2,
b3407,no,2,
b3408,no,2,
b3409,no,2,
b3410,no,2,
b3411,no,2,8939425
b3412,no,2,
b3413,no,2,
b3414,no,2,
b3415,no,2,
b3416,no,2,
b3417,no,2,
b3418,no,2,
b3419,no,2,
b3421,no,2,
b3422,no,2,
b3423,no,2,
b3424,no,2,
b3425,no,2,
b3426,no,2,2403539
b3427,no,2,
b3428,no,2,
b3429,no,2,
b3430,no,2,
b3431,no,2,
b3432,no,2,
b3433,yes,1,
b3434,no,2,
b3435,no,2,9135111
b3437,no,2,9135111
b3438,no,2,9135111
b3439,no,2,
b3440,no,2,
b3441,no,2,
b3442,no,2,
b3443,no,2,
b3444,no,2,
b3445,no,2,
b4612,no,2,
b3446,no,2,
b3447,no,2,1360205
b3448,no,2,
b3449,no,2,
b3450,no,2,
b3451,no,2,
b3452,no,2,
b3453,no,2,
b3454,no,2,
b3455,no,2,
b3456,no,2,
b3457,no,2,
b3458,no,2,
b3459,no,2,
b3460,no,2,
b3461,yes,1,
b3462,yes,1,10048040
b3463,yes,1,1379670
b3464,yes,1,10048040
b3465,no,2,
b3466,no,2,
b3467,no,2,
b3468,no,2,
b3469,no,2,
b3470,no,2,
b3471,no,2,
b3472,no,2,
b3473,no,2,
b3474,no,2,
b3475,no,2,
b3476,no,2,
b3477,no,2,
b3478,no,2,
b3479,no,2,
b3480,no,2,
b3481,no,2,
b3482,no,2,9729611
b3483,no,2,
b4552,no,2,
b3484,no,2,
b3485,no,2,
b3486,no,2,
b3487,no,2,
b3488,no,2,
b3489,no,2,
b3491,no,2,
b3492,no,2,
b3493,no,2,
b3494,no,2,
b3495,no,2,
b3496,no,2,
b3497,no,2,
b3498,no,2,
b3499,no,2,
b3500,no,2,
b4613,no,2,
arsE,no,2,7721697
arsF,no,2,7721697
arsG,no,2,7721697
b3504,no,2,
b0259,no,2,
b3506,no,2,
b3507,no,2,
b3508,no,2,
b3509,no,2,
b3510,no,2,9335267
b3511,no,2,
b3512,no,2,
b3513,no,2,
b3514,no,2,
b3515,no,2,
b3516,no,2,
b3517,no,2,8954890
b3518,no,2,
b3519,no,2,
b3520,no,2,
b3521,no,2,
b3522,no,2,
b3523,no,2,
b3524,no,2,
b3525,no,2,
b3526,no,2,
b3527,no,2,
b3528,no,2,
b3529,no,2,
b3530,no,2,
b1142,no,2,
b3532,no,2,
b3533,no,2,
b3534,no,2,
b3535,no,2,
b3536,no,2,
b3537,no,2,
b3538,no,2,
b4453,no,2,
b3539,no,2,
b3540,no,2,8444807
b3541,no,2,8444807
b3542,no,2,8444807
b3543,no,2,1702779
alu,no,2,1702779
b3546,no,2,
b3547,no,2,
b3548,no,2,
b3549,no,2,
b3550,no,2,
b3551,no,2,
b3552,no,2,
b3553,no,2,
b3554,no,2,
b3555,no,2,
b3556,no,2,9371456
b4455,no,2,
b4647,no,2,
b3557,no,2,
b3558,no,2,
act,yes,1,2404005
b3560,yes,1,2295596
b4553,no,2,
b3561,no,2,
b3562,no,2,
b3563,no,2,
b3564,no,2,
b3565,no,2,
b3566,no,2,
b3567,no,2,
b3568,no,2,
b3569,no,2,
b3570,no,2,
b3571,no,2,
b3572,no,2,
b3573,no,2,
b3574,no,2,
b3575,no,2,
b3576,no,2,
b3577,no,2,
b3578,no,2,
b3579,no,2,
b3580,no,2,
b3581,no,2,
b3582,no,2,
b3583,no,2,
b4648,no,2,
b4649,no,2,
b3584,no,2,
b3585,no,2,
b3586,no,2,
b3587,no,2,
b3588,no,2,7768815
b3589,no,2,
b3590,no,2,
b3591,no,2,
b3592,no,2,
b3593,no,2,9729611
b3594,no,2,
b3595,no,2,9335267
b3596,no,2,
b4650,no,2,
b4651,no,2,
b4615,no,2,
b4652,no,2,
b3597,no,2,
b3598,no,2,
b3599,no,2,
b3600,no,2,
b3601,no,2,
b4554,no,2,
b3602,no,2,
b3603,no,2,8407843
b3604,no,2,8407843
b3605,no,2,8407843
b3606,no,2,
b3607,no,2,8639741
b3608,yes,1,
b3609,no,2,9426138
b3610,no,2,
b3611,no,2,
b3612,no,2,
b3613,no,2,
b3614,no,2,
b3615,no,2,
b3616,no,2,
b3617,no,2,
b3618,no,2,
b3619,no,2,8878048
b3620,no,2,1577693
b3621,no,2,1577693
b3622,no,2,1577693
b3623,no,2,1577693
b3624,no,2,1577693
b3625,no,2,1577693
b3626,no,2,1577693
b3627,no,2,1577693
b3628,no,2,1577693
b3629,no,2,1577693
b3630,no,2,1577693
b3631,no,2,1577693
b3632,no,2,1577693
b3633,yes,1,2033061
b3634,yes,1,1577693
b3635,no,2,7518077
b3636,no,2,
b3637,yes,1,
b3638,no,2,
b3639,yes,1,3123465
b3640,yes,1,2830228
b3641,no,2,2830228
b3642,no,2,
b3643,no,2,
b3644,no,2,
b3645,no,2,8682790
b3646,no,2,
b3647,no,2,
b3648,yes,1,4307347
b3649,no,2,
b3650,yes,1,8390989
b3651,no,2,
b3652,no,2,
b3653,no,2,2017136
b3654,no,2,
b3655,no,2,
b3656,no,2,
b3657,no,2,
b4653,no,2,
b3659,no,2,
b3660,no,2,
b3661,no,2,2841301
b4555,no,2,
b3662,no,2,
b3663,no,2,
b3664,no,2,
adeC,no,2,
b3666,no,2,
b3667,no,2,
b3668,no,2,
b3669,no,2,
b3670,no,2,
b3671,no,2,
b3672,no,2,
b4618,no,2,
b3673,no,2,8240355
b3674,no,2,
b3675,no,2,
b3676,no,2,
b3677,no,2,
b3678,no,2,
b3679,no,2,
b3680,no,2,
b3681,no,2,
b3682,no,2,
b3684,no,2,
b3685,no,2,
b3686,no,2,
b3687,no,2,
b3688,no,2,
b3689,no,2,
b3690,no,2,
b3691,no,2,
b3692,no,2,","
b3692,no,2,
b3693,no,2,
b3694,no,2,
b3696,no,2,
b3697,no,2,
b3698,no,2,
acrB,yes,1,6323018
b3700,no,2,
b3701,yes,1,6248733
b3702,yes,1,4924005
b3703,yes,1,
b3704,yes,1,1380803
b4557,no,2,
b3705,yes,1,10949305
b3706,no,2,
b3707,no,2,
b3708,no,2,
b3709,no,2,
b3710,no,2,
b3711,no,2,
b3712,no,2,
b3713,no,2,
b3714,no,2,
b3715,no,2,
b3716,no,2,
b3717,no,2,
b3718,no,2,
b3719,no,2,
b3720,no,2,
b3721,no,2,9729611
b3722,no,2,
b3723,no,2,
b3724,no,2,
b3725,no,2,
b3726,no,2,
b3727,no,2,
b3728,no,2,7047492
b3729,yes,1,2687246
b3730,yes,1,8407787
b3731,no,2,
b3732,no,2,2870065
b3733,no,2,
b3734,no,2,
b3735,no,2,
b3736,no,2,
b3737,no,2,
b3738,no,2,
b3739,no,2,
b3740,no,2,
b3741,no,2,
b3742,no,2,
b3743,no,2,2864330
b3744,no,2,6102983
b3745,no,2,
b3746,no,2,
b3747,no,2,8226635
b3748,no,2,10318813
b3749,no,2,8762140
b3750,no,2,10428954
b3751,no,2,10318813
b3752,no,2,10318813
b3753,no,2,10318813
b3754,no,2,
b3755,no,2,
apeR?,no,2,
b3764,no,2,
b3765,no,2,
b3766,no,2,6247324
b4669,no,2,
b3767,no,2,
b3769,no,2,
b3770,no,2,
b3771,no,2,
b3772,no,2,
b3773,no,2,
b3774,no,2,
b3775,no,2,
b3776,no,2,
b3778,no,2,10447893
b3779,no,2,
b3780,no,2,1931833
b3781,no,2,8206982
b3783,yes,1,132662
b3784,no,2,9134438
b3785,no,2,
b3786,no,2,8226648
b3787,no,2,1730666
b3788,no,2,1730666
b3789,no,2,
b3790,no,2,
b3791,no,2,
b3792,no,2,
b4404,no,2,
b3793,no,2,1730666
b3794,no,2,1730666
b3795,no,2,
atsB,no,2,
atsA,no,2,
b3802,no,2,
b3803,no,2,
b3804,yes,1,
b3805,yes,1,
b3806,no,2,10074087
b3807,no,2,
b4558,no,2,
b3809,no,2,
b3810,no,2,
b3811,no,2,
b3812,no,2,
b3813,no,2,
b3814,no,2,
b3816,no,2,
b3817,no,2,
b3818,no,2,
b3819,no,2,
b3820,no,2,
b3821,no,2,
b3822,no,2,
b3823,no,2,
b3824,no,2,
b3825,no,2,
b3826,no,2,
b3827,no,2,
b3828,no,2,
b3829,no,2,
b3830,no,2,
b3831,no,2,
b3832,no,2,
b3833,no,2,
b3834,no,2,
aarF,no,2,
b3836,no,2,
b3838,no,2,
b0079,no,2,3528748
b3840,no,2,
b3842,no,2,1577693
b3843,no,2,
b3844,no,2,365223
b3845,no,2,7618860
b3846,no,2,7618860
b3847,no,2,372108
b3848,no,2,
b3849,no,2,
b3850,yes,1,7788523
b3856,no,2,
b3857,no,2,
b3858,no,2,
b3859,no,2,
b3860,no,2,7487336
b3861,no,2,
b3862,no,2,
b2651,yes,1,"4620020,6233260"
b3865,yes,1,9743119
b3866,no,2,
b3867,no,2,7768836
b4686,no,2,
b3868,no,2,
b3869,no,2,
b3870,no,2,
b3871,no,2,
b3872,no,2,
b3873,no,2,
b3874,no,2,
b3875,no,2,
b3876,no,2,
b3877,no,2,
b3878,no,2,
b3879,no,2,
b3880,no,2,
b3881,no,2,
b3882,no,2,
b2596,no,2,
b3884,no,2,
b3885,no,2,
b3886,no,2,8955422
b3887,no,2,
b3888,no,2,
b3889,no,2,
b3890,no,2,
b3891,no,2,3077634
b3892,no,2,9852007
b3893,no,2,9852007
b3894,no,2,9274019
b3895,no,2,3077634
b3896,no,2,
b3897,no,2,
b3898,no,2,
b3899,no,2,
b3900,no,2,
b3901,no,2,
b3902,no,2,
b3903,no,2,
b3904,no,2,
b3905,no,2,
b3906,no,2,
b3907,no,2,
b3908,no,2,
b3909,no,2,
b3910,no,2,
b3911,no,2,6097795
b3912,no,2,
b3913,no,2,
b3915,no,2,
b3916,no,2,
b3917,no,2,
b3918,no,2,
b3919,no,2,
b3920,no,2,
b3921,no,2,
b3922,no,2,
b3923,no,2,
b3924,no,2,7872787
b3925,no,2,2170343
b3926,no,2,6097795
b3927,no,2,2170343
b3928,no,2,
b3929,no,2,
b3930,no,2,
b3931,no,2,8954109
b3932,no,2,8954109
b3933,yes,1,8509333
b3934,no,2,776741
b3935,yes,1,10097074
b3936,no,2,
b3937,no,2,
b3938,no,2,6319357
b3939,no,2,6319357
b3940,no,2,
b3941,no,2,
b3942,no,2,
b3943,no,2,
b3944,no,2,
b3945,no,2,8132480
b3946,no,2,
b0322,no,2,
b3949,no,2,
b3950,no,2,
b3951,no,2,8181719
b3952,no,2,
b3953,no,2,
b3954,no,2,
b3955,no,2,
asp,no,2,
Arg4,no,2,6352676
Arg2,no,2,
b3959,no,2,
b3960,no,2,
b3961,no,2,
b3962,no,2,
b3963,no,2,
b3964,no,2,
b3965,no,2,1373891
b3966,no,2,
b3967,yes,1,8098327
b3972,yes,1,8048842
b3973,yes,1,
b3974,yes,1,
b3980,no,2,9928940
b3981,yes,1,2050112
b3982,yes,1,2137819
b3983,no,2,
b3984,no,2,
b3985,yes,1,
b3986,yes,1,
b3987,yes,1,6761548
b3988,yes,1,6290449
b3989,no,2,9729611
b3990,no,2,
b3991,no,2,
b4407,no,2,
b3992,no,2,
b3993,no,2,
b3994,no,2,
b3995,no,2,
b3996,no,2,
b3997,no,2,
b3998,no,2,9422591
b3999,no,2,
b4000,no,2,3066907
b4001,no,2,
b4002,no,2,
b4003,no,2,
b4004,no,2,
adth,no,2,
b4006,no,2,
b4011,no,2,
b4012,no,2,
b4013,no,2,
b4014,no,2,2826399
b4015,no,2,2826399
b4016,no,2,
arp,no,2,
b4018,no,2,
b4019,no,2,
b4020,no,2,
b4021,no,2,
b4022,no,2,
b4023,no,2,
apk,no,2,
b4025,no,2,
b4026,no,2,
b4027,no,2,
b4028,no,2,
b4029,no,2,
b4620,no,2,
b4030,no,2,
b4031,no,2,
b4032,no,2,
b4033,no,2,
b4034,no,2,
b4035,no,2,
b4036,no,2,
b4037,no,2,
b4038,no,2,
b4039,no,2,
b4040,yes,1,
b4041,yes,1,3542964
b4042,no,2,
b4043,yes,1,
b4044,no,2,
b4045,no,2,
b4046,no,2,
b4047,no,2,
b4048,no,2,
b4049,no,2,
b4050,no,2,
b4051,no,2,
b4052,yes,1,4580566
b4053,no,2,3920477
b4054,no,2,
b4621,no,2,
b4055,no,2,7047492
b4056,no,2,
b4057,no,2,
b4058,no,2,
b4059,yes,1,221903
b4060,no,2,
b4061,no,2,
b4062,no,2,
b4063,no,2,
b4064,no,2,
b4065,no,2,
b4066,no,2,
b4067,no,2,
b4068,no,2,
acsA,no,2,7751300
b4070,no,2,
b4071,no,2,
b4072,no,2,
b4073,no,2,
b4074,no,2,8842153
b4075,no,2,8842153
aidC,no,2,8842153
b4077,no,2,7751298
b4078,no,2,
b4079,no,2,2941757
b4080,no,2,
b4081,no,2,
b4082,no,2,
b4622,no,2,
b4083,no,2,
b4084,no,2,
b4085,no,2,
b4086,no,2,
b4087,no,2,
b4088,no,2,
alsR,no,2,
alsB,no,2,
b4091,no,2,
b4092,no,2,9729611
b4093,no,2,9729611
b4094,no,2,9729611
b4095,no,2,9729611
b4096,no,2,9729611
b4097,no,2,9729611
b4098,no,2,9729611
b4099,no,2,9729611
b4100,no,2,9729611
b4101,no,2,9729611
b4102,no,2,9729611
b4103,no,2,9729611
b4105,no,2,9729611
b4106,no,2,9729611
b4107,no,2,
b4108,no,2,
b4109,no,2,
b4110,no,2,
b4111,no,2,
b4703,no,2,
b4112,no,2,
b4113,no,2,
b4114,no,2,
aniC,no,2,
b4116,no,2,8704970
adi,no,2,8381784
b4118,no,2,9108148
b4119,no,2,9108148
b4120,no,2,9108148
b4121,no,2,
b4122,no,2,2834509
b4123,no,2,
b4124,no,2,
b4125,no,2,
b4126,no,2,
b4127,no,2,
b4128,no,2,
b4559,no,2,
b4129,no,2,2001999
b4130,no,2,
b4131,no,2,
b4132,no,2,
b4133,no,2,
b4654,no,2,
b4135,no,2,
b4136,no,2,7628442
b4137,no,2,
b4138,no,2,
b4139,no,2,
b4140,no,2,
b4141,no,2,
b4142,yes,1,2563997
b4143,yes,1,2563997
b4144,no,2,
b4145,no,2,
b4146,no,2,
b4147,yes,1,9405429
b4410,no,2,
b4411,no,2,
b4148,no,2,
b4149,no,2,
ampA,no,2,8288112
b4151,no,2,3008149
b4152,no,2,3008149
b4153,no,2,3008149
b4154,no,2,3008149
b4155,no,2,
b4156,no,2,
b4157,no,2,
b4158,no,2,
b4159,no,2,
b4160,yes,1,
b4161,yes,1,9743119
b4162,yes,1,
b4670,no,2,
b1500,no,2,
b4167,no,2,
b4168,yes,1,11361082
b4169,no,2,7511774
b4170,no,2,
b4171,no,2,
b4172,no,2,
b4173,no,2,
b4174,no,2,
b4175,no,2,
b4176,no,2,
ade,no,2,
b1367,no,2,
b4179,no,2,9603904
b4180,no,2,
b4181,no,2,
b4182,no,2,
b4183,no,2,
b4184,no,2,
b4185,no,2,
b4186,no,2,
b4187,no,2,9088346
b4188,no,2,
b4189,no,2,
b4190,no,2,
b4191,no,2,
b4192,no,2,
b4193,no,2,
b4194,no,2,
b4195,no,2,
b4196,no,2,
b4197,no,2,
b4198,no,2,
b4199,no,2,
b4200,no,2,
b4201,no,2,10540288
b4202,yes,1,
b4203,no,2,
b4204,no,2,
b4205,no,2,
b4206,no,2,
b4207,no,2,
b4208,no,2,
b4209,no,2,
b4210,no,2,
b4211,no,2,
b4212,no,2,
b4213,no,2,
amt,no,2,
b4215,no,2,
b4216,no,2,
b4217,no,2,
b4218,no,2,
b4219,no,2,
b4220,no,2,
b4221,no,2,
b4222,no,2,
b4224,no,2,
b4225,no,2,
b4226,yes,1,2170325
b4227,no,2,
b4228,no,2,
b4230,no,2,
b4231,no,2,
b4232,no,2,
b4233,no,2,8808921
b4234,no,2,
b4235,no,2,
b4236,no,2,9729611
b4237,no,2,
b4238,no,2,
b4239,no,2,
b4240,no,2,
b4241,no,2,
b4702,no,2,
b4242,no,2,
b4243,no,2,
b4244,no,2,
b4245,no,2,
b4246,no,2,
b4247,no,2,
b4249,no,2,
b4250,no,2,
b4252,no,2,
b4253,no,2,
b4254,no,2,363695
b4255,no,2,
b4256,no,2,
b4257,no,2,
b4258,yes,1,6392024
b4259,no,2,7574479
b4260,no,2,372108
b4261,yes,1,
b4262,yes,1,
b4263,no,2,
b4264,no,2,
b4265,no,2,
b4266,no,2,
b4267,no,2,
b4268,no,2,
b4269,no,2,
b4271,no,2,
b0360,no,2,
b0359,no,2,
b4274,no,2,
b4277,no,2,
b4278,no,2,
b4279,no,2,
b4280,no,2,
b4655,no,2,
b4281,no,2,
b4282,no,2,
b4283,no,2,
b0256,no,2,
b4561,no,2,
b4286,no,2,
b4287,no,2,2651410
b4288,no,2,2651410
b4289,no,2,2651410
b4290,no,2,8602163
b4291,no,2,8602163
b4292,no,2,8602163
b4293,no,2,8602163
b0022,no,2,
b0021,no,2,
b4295,no,2,
b4296,no,2,
b4297,no,2,
b4298,no,2,
b4299,no,2,
b4300,no,2,
b4301,no,2,
b4302,no,2,
b4303,no,2,
b4304,no,2,
b4565,no,2,
b4305,no,2,
b4656,no,2,
b4306,no,2,
b4307,no,2,
b4566,no,2,
b4657,no,2,
b4308,no,2,
b4309,no,2,
b4310,no,2,
b4311,no,2,
b4312,no,2,9729611
b4313,no,2,9729611
b4314,no,2,9729611
b4315,no,2,9729611
b4316,no,2,9729611
b4317,no,2,9729611
b4318,no,2,9729611
b4319,no,2,9729611
b4320,no,2,9729611
b4321,no,2,
b4322,no,2,
b4323,no,2,
b4324,no,2,
b4325,no,2,
b4326,no,2,
b4327,no,2,
b4328,no,2,
b4329,no,2,
b4330,no,2,
b4331,no,2,
b4332,no,2,
b4333,no,2,
b4334,no,2,
b4335,no,2,
b4336,no,2,
b4337,no,2,
b4338,no,2,
b4340,no,2,
b4341,no,2,
b4342,no,2,
b4343,no,2,
b4345,no,2,
b4346,no,2,
b4347,no,2,
b4348,no,2,
b4349,no,2,
b4350,no,2,
b4351,no,2,
b4352,no,2,
b4353,no,2,
b4354,no,2,
b4355,no,2,
b4356,no,2,
b4357,no,2,
b4358,no,2,
b4359,no,2,
b4360,no,2,
b4361,yes,1,2844800
b4362,yes,1,2844800
b4363,no,2,
b4364,no,2,
b4365,no,2,
b4366,no,2,
b4367,no,2,
b4567,no,2,
b4371,no,2,
b4372,no,2,
b4373,no,2,2828880
b4374,no,2,
b4375,no,2,8016068
b4376,no,2,
b4568,no,2,
b4377,no,2,
b4378,no,2,
b4379,no,2,
b4380,no,2,
b4381,no,2,
b4382,no,2,776741
b4383,no,2,
b4384,no,2,
b4385,no,2,
b4386,no,2,
b4387,no,2,
b4388,no,2,
b4389,no,2,
b4390,no,2,
b4391,no,2,
b4392,no,2,8288527
aroR,no,2,
b4394,no,2,
b4395,no,2,
b4396,no,2,
b4397,no,2,
b4398,no,2,
b4399,no,2,
b4400,no,2,
b4401,no,2,
b4402,no,2,
b4403,no,2,
