gene,ess.experimental,locus_tag,source
accA,yes,BSU29200,S3_LB_essential
accB,yes,BSU24350,S3_LB_essential
accC,yes,BSU24340,S3_LB_essential
accD,yes,BSU29210,S3_LB_essential
acpA,yes,BSU15920,S3_LB_essential
acpS,yes,BSU04620,S3_LB_essential
adk,yes,BSU01370,S3_LB_essential
alaS,yes,BSU27410,S3_LB_essential
alrA,yes,BSU04640,S3_LB_essential
argB,yes,BSU11210,S4_auxotroph_only
argC,yes,BSU11190,S4_auxotroph_only
argD,yes,BSU11220,S4_auxotroph_only
argF,yes,BSU11250,S4_auxotroph_only
argG,yes,BSU29450,S4_auxotroph_only
argH,yes,BSU29440,S4_auxotroph_only
argJ,yes,BSU11200,S4_auxotroph_only
argS,yes,BSU37330,S3_LB_essential
aroA,yes,BSU29750,S4_auxotroph_only
aroB,yes,BSU22700,S4_auxotroph_only
aroC,yes,BSU23080,S4_auxotroph_only
aroD,yes,BSU25660,S4_auxotroph_only
aroE,yes,BSU22600,S3_LB_essential
aroF,yes,BSU22710,S3_LB_essential
aroK,yes,BSU03150,S3_LB_essential
asd,yes,BSU16750,S3_LB_essential
aspB,yes,BSU22370,S4_auxotroph_only
aspS,yes,BSU27550,S3_LB_essential
birA,yes,BSU22440,S3_LB_essential
bsuMA,yes,BSU06060,S3_LB_essential
bsuMB,yes,BSU06070,S3_LB_essential
cca,yes,BSU22450,S3_LB_essential
cdsA,yes,BSU16540,S3_LB_essential
citB,yes,BSU18000,S4_auxotroph_only
cmk,yes,BSU22890,S3_LB_essential
coaBC,yes,BSU15700,S3_LB_essential
coaD,yes,BSU15020,S3_LB_essential
coaE,yes,BSU29060,S3_LB_essential
cysE,yes,BSU00930,S4_auxotroph_only
cysI,yes,BSU33430,S4_auxotroph_only
cysJ,yes,BSU33440,S4_auxotroph_only
cysK,yes,BSU00730,S4_auxotroph_only
cysL,yes,BSU37650,S4_auxotroph_only
cysS,yes,BSU00940,S3_LB_essential
dapA,yes,BSU16770,S3_LB_essential
dapB,yes,BSU22490,S3_LB_essential
dapF,yes,BSU32170,S3_LB_essential
dapG,yes,BSU16760,S3_LB_essential
dapH,yes,BSU14180,S3_LB_essential
dapI,yes,BSU14190,S3_LB_essential
dapL,yes,BSU14190,S3_LB_essential
ddl,yes,BSU04560,S3_LB_essential
der,yes,BSU22840,S3_LB_essential
dfrA,yes,BSU21810,S3_LB_essential
divIB,yes,BSU15240,S3_LB_essential
divIC,yes,BSU00620,S3_LB_essential
dnaA,yes,BSU00010,S3_LB_essential
dnaB,yes,BSU28990,S3_LB_essential
dnaC,yes,BSU40440,S3_LB_essential
dnaD,yes,BSU22350,S3_LB_essential
dnaE,yes,BSU29230,S3_LB_essential
dnaG,yes,BSU25210,S3_LB_essential
dnaI,yes,BSU28980,S3_LB_essential
dnaN,yes,BSU00020,S3_LB_essential
dnaX,yes,BSU00190,S3_LB_essential
dxr,yes,BSU16550,S3_LB_essential
dxs,yes,BSU24270,S3_LB_essential
engA,yes,BSU22840,S3_LB_essential
eno,yes,BSU33900,S3_LB_essential
era,yes,BSU25290,S3_LB_essential
fabD,yes,BSU15900,S3_LB_essential
fabF,yes,BSU11340,S3_LB_essential
fabG,yes,BSU15910,S3_LB_essential
fabZ,yes,BSU36370,S3_LB_essential
fbaA,yes,BSU37120,S4_auxotroph_only
ffh,yes,BSU15980,S3_LB_essential
folB,yes,BSU00780,S3_LB_essential
folC,yes,BSU28080,S3_LB_essential
folD,yes,BSU24310,S4_auxotroph_only
folEA,yes,BSU22780,S3_LB_essential
folK,yes,BSU00790,S3_LB_essential
folP,yes,BSU00770,S3_LB_essential
frr,yes,BSU16520,S3_LB_essential
ftsA,yes,BSU15280,S3_LB_essential
ftsL,yes,BSU15150,S3_LB_essential
ftsW,yes,BSU14850,S3_LB_essential
ftsY,yes,BSU15950,S3_LB_essential
ftsZ,yes,BSU15290,S3_LB_essential
fusA,yes,BSU01120,S3_LB_essential
gapA,yes,BSU33940,S3_LB_essential
gatA,yes,BSU06680,S3_LB_essential
gatB,yes,BSU06690,S3_LB_essential
gatC,yes,BSU06670,S3_LB_essential
gcaD,yes,BSU00500,S3_LB_essential
gcp,yes,BSU05940,S3_LB_essential
glmM,yes,BSU01770,S3_LB_essential
glmS,yes,BSU01780,S3_LB_essential
glmU,yes,BSU00500,S3_LB_essential
glnA,yes,BSU17460,S4_auxotroph_only
gltA,yes,BSU18450,S4_auxotroph_only
gltB,yes,BSU18440,S4_auxotroph_only
gltC,yes,BSU18460,S4_auxotroph_only
gltX,yes,BSU00920,S3_LB_essential
glyA,yes,BSU36900,S4_auxotroph_only
glyQ,yes,BSU25270,S3_LB_essential
glyS,yes,BSU25260,S3_LB_essential
gmk,yes,BSU15680,S3_LB_essential
gpsA,yes,BSU22830,S4_auxotroph_only
groEL,yes,BSU06030,S3_LB_essential
groES,yes,BSU06020,S3_LB_essential
guaA,yes,BSU06360,S4_auxotroph_only
guaB,yes,BSU00090,S4_auxotroph_only
gyrA,yes,BSU00070,S3_LB_essential
gyrB,yes,BSU00060,S3_LB_essential
hbs,yes,BSU22790,S3_LB_essential
hisA,yes,BSU34880,S4_auxotroph_only
hisB,yes,BSU34900,S4_auxotroph_only
hisC,yes,BSU22620,S4_auxotroph_only
hisD,yes,BSU34910,S4_auxotroph_only
hisF,yes,BSU34870,S4_auxotroph_only
hisG,yes,BSU34920,S4_auxotroph_only
hisH,yes,BSU34890,S4_auxotroph_only
hisI,yes,BSU34860,S4_auxotroph_only
hisJ,yes,BSU29620,S4_auxotroph_only
hisS,yes,BSU27560,S3_LB_essential
hisZ,yes,BSU34930,S4_auxotroph_only
holA,yes,BSU25560,S3_LB_essential
holB,yes,BSU00310,S3_LB_essential
hom,yes,BSU32260,S4_auxotroph_only
icd,yes,BSU29130,S4_auxotroph_only
ileS,yes,BSU15430,S3_LB_essential
ilvA,yes,BSU21770,S4_auxotroph_only
ilvB,yes,BSU28310,S4_auxotroph_only
ilvC,yes,BSU28290,S4_auxotroph_only
ilvD,yes,BSU21870,S4_auxotroph_only
ilvH,yes,BSU28300,S4_auxotroph_only
infA,yes,BSU01390,S3_LB_essential
infB,yes,BSU16630,S3_LB_essential
infC,yes,BSU28870,S3_LB_essential
iscS,yes,BSU27510,S3_LB_essential
iscSA,yes,BSU27510,S3_LB_essential
iscU,yes,BSU32680,S3_LB_essential
ispD,yes,BSU00900,S3_LB_essential
ispE,yes,BSU00460,S3_LB_essential
ispF,yes,BSU00910,S3_LB_essential
ispG,yes,BSU25070,S3_LB_essential
ispH,yes,BSU25160,S3_LB_essential
leuA,yes,BSU28280,S4_auxotroph_only
leuB,yes,BSU28270,S4_auxotroph_only
leuC,yes,BSU28260,S4_auxotroph_only
leuD,yes,BSU28250,S4_auxotroph_only
leuS,yes,BSU30320,S3_LB_essential
ligA,yes,BSU06620,S3_LB_essential
lysA,yes,BSU23380,S4_auxotroph_only
lysS,yes,BSU00820,S3_LB_essential
mbl,yes,BSU36410,S3_LB_essential
menA,yes,BSU38490,S3_LB_essential
menB,yes,BSU30800,S3_LB_essential
menC,yes,BSU30780,S3_LB_essential
menD,yes,BSU30820,S3_LB_essential
menE,yes,BSU30790,S3_LB_essential
metA,yes,BSU21910,S4_auxotroph_only
metE,yes,BSU13180,S4_auxotroph_only
metI,yes,BSU11870,S4_auxotroph_only
metK,yes,BSU30550,S3_LB_essential
metS,yes,BSU00380,S3_LB_essential
mgtE,yes,BSU13300,S3_LB_essential
mnaA,yes,BSU35660,S3_LB_essential
mnmA,yes,BSU27500,S3_LB_essential
mraY,yes,BSU15190,S3_LB_essential
mreB,yes,BSU28030,S3_LB_essential
mreC,yes,BSU28020,S3_LB_essential
mreD,yes,BSU28010,S3_LB_essential
mrpA,yes,BSU31600,S3_LB_essential
mrpB,yes,BSU31610,S3_LB_essential
mrpC,yes,BSU31620,S3_LB_essential
mrpD,yes,BSU31630,S3_LB_essential
mrpE,yes,BSU31640,S3_LB_essential
mrpF,yes,BSU31650,S3_LB_essential
mrpG,yes,BSU31660,S3_LB_essential
murAA,yes,BSU36760,S3_LB_essential
murB,yes,BSU15230,S3_LB_essential
murC,yes,BSU29790,S3_LB_essential
murD,yes,BSU15200,S3_LB_essential
murE,yes,BSU15180,S3_LB_essential
murF,yes,BSU04570,S3_LB_essential
murG,yes,BSU15220,S3_LB_essential
nadA,yes,BSU27850,S4_auxotroph_only
nadD,yes,BSU25640,S3_LB_essential
nadE,yes,BSU03130,S3_LB_essential
nrdE,yes,BSU17380,S3_LB_essential
nrdF,yes,BSU17390,S3_LB_essential
nrdI,yes,BSU17370,S3_LB_essential
nusA,yes,BSU16600,S3_LB_essential
obg,yes,BSU27920,S3_LB_essential
panC,yes,BSU22420,S4_auxotroph_only
parC,yes,BSU18100,S3_LB_essential
parE,yes,BSU18090,S3_LB_essential
patA,yes,BSU14000,S3_LB_essential
pbpB,yes,BSU15160,S3_LB_essential
pcrA,yes,BSU06610,S3_LB_essential
pdhA,yes,BSU14580,S4_auxotroph_only
pdhB,yes,BSU14590,S4_auxotroph_only
pgk,yes,BSU33930,S4_auxotroph_only
pgm,yes,BSU33910,S3_LB_essential
pgsA,yes,BSU16920,S3_LB_essential
pheA,yes,BSU27900,S4_auxotroph_only
pheS,yes,BSU28640,S3_LB_essential
pheT,yes,BSU28630,S3_LB_essential
plsC,yes,BSU09540,S3_LB_essential
plsX,yes,BSU15890,S3_LB_essential
plsY,yes,BSU18070,S3_LB_essential
pncB,yes,BSU31750,S3_LB_essential
polC,yes,BSU16580,S3_LB_essential
ppaC,yes,BSU40550,S3_LB_essential
ppnKA,yes,BSU11610,S3_LB_essential
prfA,yes,BSU37010,S3_LB_essential
prfB,yes,BSU35290,S3_LB_essential
priA,yes,BSU15710,S3_LB_essential
proA,yes,BSU13130,S4_auxotroph_only
proB,yes,BSU13120,S4_auxotroph_only
proS,yes,BSU16570,S3_LB_essential
prs,yes,BSU00510,S3_LB_essential
prsA,yes,BSU09950,S3_LB_essential
pth,yes,BSU00530,S3_LB_essential
purA,yes,BSU40420,S4_auxotroph_only
purB,yes,BSU06440,S4_auxotroph_only
purC,yes,BSU06450,S4_auxotroph_only
purD,yes,BSU06530,S4_auxotroph_only
purE,yes,BSU06420,S4_auxotroph_only
purF,yes,BSU06490,S4_auxotroph_only
purH,yes,BSU06520,S4_auxotroph_only
purK,yes,BSU06430,S4_auxotroph_only
purL,yes,BSU06480,S4_auxotroph_only
purM,yes,BSU06500,S4_auxotroph_only
purQ,yes,BSU06470,S4_auxotroph_only
purS,yes,BSU06460,S4_auxotroph_only
pycA,yes,BSU14860,S4_auxotroph_only
pyrB,yes,BSU15490,S4_auxotroph_only
pyrC,yes,BSU15500,S4_auxotroph_only
pyrD,yes,BSU15540,S4_auxotroph_only
pyrE,yes,BSU15560,S4_auxotroph_only
pyrF,yes,BSU15550,S4_auxotroph_only
pyrG,yes,BSU37150,S3_LB_essential
pyrH,yes,BSU16510,S3_LB_essential
pyrK,yes,BSU15530,S4_auxotroph_only
racE,yes,BSU28390,S3_LB_essential
rbgA,yes,BSU16050,S3_LB_essential
ribC,yes,BSU16670,S3_LB_essential
rnc,yes,BSU15930,S3_LB_essential
rnjA,yes,BSU14530,S3_LB_essential
rnpA,yes,BSU41050,S3_LB_essential
rnz,yes,BSU23840,S3_LB_essential
rodA,yes,BSU38120,S3_LB_essential
rplB,yes,BSU01190,S3_LB_essential
rplC,yes,BSU01160,S3_LB_essential
rplD,yes,BSU01170,S3_LB_essential
rplE,yes,BSU01280,S3_LB_essential
rplF,yes,BSU01310,S3_LB_essential
rplJ,yes,BSU01040,S3_LB_essential
rplL,yes,BSU01050,S3_LB_essential
rplM,yes,BSU01490,S3_LB_essential
rplNA,yes,BSU01260,S3_LB_essential
rplP,yes,BSU01230,S3_LB_essential
rplQ,yes,BSU01440,S3_LB_essential
rplR,yes,BSU01320,S3_LB_essential
rplS,yes,BSU16040,S3_LB_essential
rplT,yes,BSU28850,S3_LB_essential
rplU,yes,BSU27960,S3_LB_essential
rplV,yes,BSU01210,S3_LB_essential
rplW,yes,BSU01180,S3_LB_essential
rplX,yes,BSU01270,S3_LB_essential
rpmA,yes,BSU27940,S3_LB_essential
rpmD,yes,BSU01340,S3_LB_essential
rpoA,yes,BSU01430,S3_LB_essential
rpoB,yes,BSU01070,S3_LB_essential
rpoC,yes,BSU01080,S3_LB_essential
rpsB,yes,BSU16490,S3_LB_essential
rpsC,yes,BSU01220,S3_LB_essential
rpsD,yes,BSU29660,S3_LB_essential
rpsE,yes,BSU01330,S3_LB_essential
rpsG,yes,BSU01110,S3_LB_essential
rpsH,yes,BSU01300,S3_LB_essential
rpsI,yes,BSU01500,S3_LB_essential
rpsJ,yes,BSU01150,S3_LB_essential
rpsK,yes,BSU01420,S3_LB_essential
rpsL,yes,BSU01100,S3_LB_essential
rpsM,yes,BSU01410,S3_LB_essential
rpsNA,yes,BSU01290,S3_LB_essential
rpsO,yes,BSU16680,S3_LB_essential
rpsP,yes,BSU15990,S3_LB_essential
rpsQ,yes,BSU01250,S3_LB_essential
rpsR,yes,BSU40890,S3_LB_essential
rpsS,yes,BSU01200,S3_LB_essential
rtbE,yes,BSU39290,S3_LB_essential
rttF,yes,BSU25870,S3_LB_essential
scpA,yes,BSU23220,S3_LB_essential
secA,yes,BSU35300,S3_LB_essential
secE,yes,BSU01000,S3_LB_essential
secY,yes,BSU01360,S3_LB_essential
serA,yes,BSU23070,S4_auxotroph_only
serC,yes,BSU10020,S4_auxotroph_only
serS,yes,BSU00130,S3_LB_essential
sigA,yes,BSU25200,S3_LB_essential
sirB,yes,BSU15620,S4_auxotroph_only
sknR,yes,BSU26350,S3_LB_essential
smc,yes,BSU15940,S3_LB_essential
ssbA,yes,BSU40900,S3_LB_essential
sufB,yes,BSU32670,S3_LB_essential
sufC,yes,BSU32710,S3_LB_essential
sufD,yes,BSU32700,S3_LB_essential
sufS,yes,BSU32690,S3_LB_essential
sufU,yes,BSU32680,S3_LB_essential
sul,yes,BSU00770,S3_LB_essential
tagA,yes,BSU35750,S3_LB_essential
tagB,yes,BSU35760,S3_LB_essential
tagD,yes,BSU35740,S3_LB_essential
tagF,yes,BSU35720,S3_LB_essential
tagG,yes,BSU35710,S3_LB_essential
tagH,yes,BSU35700,S3_LB_essential
tagO,yes,BSU35530,S3_LB_essential
thrB,yes,BSU32240,S4_auxotroph_only
thrC,yes,BSU32250,S4_auxotroph_only
tilS,yes,BSU00670,S3_LB_essential
tkt,yes,BSU17890,S4_auxotroph_only
tmk,yes,BSU00280,S3_LB_essential
tpiA,yes,BSU33920,S4_auxotroph_only
trmD,yes,BSU16030,S3_LB_essential
trmU,yes,BSU27500,S3_LB_essential
trpA,yes,BSU22630,S4_auxotroph_only
trpB,yes,BSU22640,S4_auxotroph_only
trpC,yes,BSU22660,S4_auxotroph_only
trpD,yes,BSU22670,S4_auxotroph_only
trpE,yes,BSU22680,S4_auxotroph_only
trpF,yes,BSU22650,S4_auxotroph_only
trpS,yes,BSU11420,S3_LB_essential
trxA,yes,BSU28500,S3_LB_essential
trxB,yes,BSU34790,S3_LB_essential
tsaB,yes,BSU05920,S3_LB_essential
tsaD,yes,BSU05940,S3_LB_essential
tsf,yes,BSU16500,S3_LB_essential
tuaB,yes,BSU35600,S3_LB_essential
tufA,yes,BSU01130,S3_LB_essential
tyrA,yes,BSU22610,S4_auxotroph_only
tyrS,yes,BSU29670,S3_LB_essential
uppS,yes,BSU16530,S3_LB_essential
valS,yes,BSU28090,S3_LB_essential
walK,yes,BSU40400,S3_LB_essential
walR,yes,BSU40410,S3_LB_essential
wapI,yes,BSU39220,S3_LB_essential
xre,yes,BSU12510,S3_LB_essential
ydiC,yes,BSU05920,S3_LB_essential
ydiO,yes,BSU06060,S3_LB_essential
ydiP,yes,BSU06070,S3_LB_essential
yezG,yes,BSU06811,S3_LB_essential
yhdL,yes,BSU09510,S3_LB_essential
yitJ,yes,BSU11010,S4_auxotroph_only
ylaN,yes,BSU14840,S3_LB_essential
yneF,yes,BSU17910,S3_LB_essential
yqaE,yes,BSU26350,S3_LB_essential
yqcF,yes,BSU25870,S3_LB_essential
yqeG,yes,BSU25680,S3_LB_essential
ysaA,yes,BSU28940,S4_auxotroph_only
ysxB,yes,BSU27950,S3_LB_essential
ysxC,yes,BSU28190,S3_LB_essential
yugH,yes,BSU31400,S4_auxotroph_only
yumC,yes,BSU32110,S3_LB_essential
ywlF,yes,BSU36920,S4_auxotroph_only
yxlC,yes,BSU38690,S3_LB_essential
yxxD,yes,BSU39290,S3_LB_essential
yxxG,yes,BSU39220,S3_LB_essential
yaaO,no,,gess-bsub.csv_non_essential_and_not_in_Koo_union
carA,no,,gess-bsub.csv_non_essential_and_not_in_Koo_union
carB,no,,gess-bsub.csv_non_essential_and_not_in_Koo_union
speA,no,,gess-bsub.csv_non_essential_and_not_in_Koo_union
aroH,no,,gess-bsub.csv_non_essential_and_not_in_Koo_union
ansA,no,,gess-bsub.csv_non_essential_and_not_in_Koo_union
ansB,no,,gess-bsub.csv_non_essential_and_not_in_Koo_union
hemA,no,,gess-bsub.csv_non_essential_and_not_in_Koo_union
lysC,no,,gess-bsub.csv_non_essential_and_not_in_Koo_union
ald,no,,gess-bsub.csv_non_essential_and_not_in_Koo_union
alsS,no,,gess-bsub.csv_non_essential_and_not_in_Koo_union
ywaA,no,,gess-bsub.csv_non_essential_and_not_in_Koo_union
rocG,no,,gess-bsub.csv_non_essential_and_not_in_Koo_union
ywfE,no,,gess-bsub.csv_non_essential_and_not_in_Koo_union
hutH,no,,gess-bsub.csv_non_essential_and_not_in_Koo_union
hutU,no,,gess-bsub.csv_non_essential_and_not_in_Koo_union
pyrAA,no,,gess-bsub.csv_non_essential_and_not_in_Koo_union
pyrAB,no,,gess-bsub.csv_non_essential_and_not_in_Koo_union
rocD,no,,gess-bsub.csv_non_essential_and_not_in_Koo_union
rsbX,no,,gess-bsub.csv_non_essential_and_not_in_Koo_union
proG,no,,gess-bsub.csv_non_essential_and_not_in_Koo_union
dppA,no,,gess-bsub.csv_non_essential_and_not_in_Koo_union
rocF,no,,gess-bsub.csv_non_essential_and_not_in_Koo_union
proH,no,,gess-bsub.csv_non_essential_and_not_in_Koo_union
nasD,no,,gess-bsub.csv_non_essential_and_not_in_Koo_union
nasE,no,,gess-bsub.csv_non_essential_and_not_in_Koo_union
hutG,no,,gess-bsub.csv_non_essential_and_not_in_Koo_union
hutI,no,,gess-bsub.csv_non_essential_and_not_in_Koo_union
asnH,no,,gess-bsub.csv_non_essential_and_not_in_Koo_union
mmsA,no,,gess-bsub.csv_non_essential_and_not_in_Koo_union
gudB,no,,gess-bsub.csv_non_essential_and_not_in_Koo_union
msrA,no,,gess-bsub.csv_non_essential_and_not_in_Koo_union
yppQ,no,,gess-bsub.csv_non_essential_and_not_in_Koo_union
bcd,no,,gess-bsub.csv_non_essential_and_not_in_Koo_union
proI,no,,gess-bsub.csv_non_essential_and_not_in_Koo_union
dsdA,no,,gess-bsub.csv_non_essential_and_not_in_Koo_union
asnB,no,,gess-bsub.csv_non_essential_and_not_in_Koo_union
ggt,no,,gess-bsub.csv_non_essential_and_not_in_Koo_union
cysH,no,,gess-bsub.csv_non_essential_and_not_in_Koo_union
ureA,no,,gess-bsub.csv_non_essential_and_not_in_Koo_union
ureB,no,,gess-bsub.csv_non_essential_and_not_in_Koo_union
ureC,no,,gess-bsub.csv_non_essential_and_not_in_Koo_union
ycgM,no,,gess-bsub.csv_non_essential_and_not_in_Koo_union
yclM,no,,gess-bsub.csv_non_essential_and_not_in_Koo_union
gabT,no,,gess-bsub.csv_non_essential_and_not_in_Koo_union
gabD,no,,gess-bsub.csv_non_essential_and_not_in_Koo_union
asnO,no,,gess-bsub.csv_non_essential_and_not_in_Koo_union
yrhA,no,,gess-bsub.csv_non_essential_and_not_in_Koo_union
yrhB,no,,gess-bsub.csv_non_essential_and_not_in_Koo_union
yrpC,no,,gess-bsub.csv_non_essential_and_not_in_Koo_union
alaT,no,,gess-bsub.csv_non_essential_and_not_in_Koo_union
speE,no,,gess-bsub.csv_non_essential_and_not_in_Koo_union
speB,no,,gess-bsub.csv_non_essential_and_not_in_Koo_union
kbl,no,,gess-bsub.csv_non_essential_and_not_in_Koo_union
proJ,no,,gess-bsub.csv_non_essential_and_not_in_Koo_union
tdh,no,,gess-bsub.csv_non_essential_and_not_in_Koo_union
ybgE,no,,gess-bsub.csv_non_essential_and_not_in_Koo_union
ybgJ,no,,gess-bsub.csv_non_essential_and_not_in_Koo_union
yfjR,no,,gess-bsub.csv_non_essential_and_not_in_Koo_union
goxB,no,,gess-bsub.csv_non_essential_and_not_in_Koo_union
yjcI,no,,gess-bsub.csv_non_essential_and_not_in_Koo_union
yjcJ,no,,gess-bsub.csv_non_essential_and_not_in_Koo_union
ykrS,no,,gess-bsub.csv_non_essential_and_not_in_Koo_union
ykrT,no,,gess-bsub.csv_non_essential_and_not_in_Koo_union
ykrV,no,,gess-bsub.csv_non_essential_and_not_in_Koo_union
ykrW,no,,gess-bsub.csv_non_essential_and_not_in_Koo_union
ykrX,no,,gess-bsub.csv_non_essential_and_not_in_Koo_union
ykrY,no,,gess-bsub.csv_non_essential_and_not_in_Koo_union
ykrZ,no,,gess-bsub.csv_non_essential_and_not_in_Koo_union
ylaM,no,,gess-bsub.csv_non_essential_and_not_in_Koo_union
ylmB,no,,gess-bsub.csv_non_essential_and_not_in_Koo_union
cysC,no,,gess-bsub.csv_non_essential_and_not_in_Koo_union
sdaAB,no,,gess-bsub.csv_non_essential_and_not_in_Koo_union
sdaAA,no,,gess-bsub.csv_non_essential_and_not_in_Koo_union
kamA,no,,gess-bsub.csv_non_essential_and_not_in_Koo_union
mtn,no,,gess-bsub.csv_non_essential_and_not_in_Koo_union
speD,no,,gess-bsub.csv_non_essential_and_not_in_Koo_union
bltD,no,,gess-bsub.csv_non_essential_and_not_in_Koo_union
def,no,,gess-bsub.csv_non_essential_and_not_in_Koo_union
rocA,no,,gess-bsub.csv_non_essential_and_not_in_Koo_union
pheB,no,,gess-bsub.csv_non_essential_and_not_in_Koo_union
yodQ,no,,gess-bsub.csv_non_essential_and_not_in_Koo_union
mtbP,no,,gess-bsub.csv_non_essential_and_not_in_Koo_union
yvyH,no,,gess-bsub.csv_non_essential_and_not_in_Koo_union
ybbT,no,,gess-bsub.csv_non_essential_and_not_in_Koo_union
odhB,no,,gess-bsub.csv_non_essential_and_not_in_Koo_union
pfkA,no,,gess-bsub.csv_non_essential_and_not_in_Koo_union
ykwC,no,,gess-bsub.csv_non_essential_and_not_in_Koo_union
maa,no,,gess-bsub.csv_non_essential_and_not_in_Koo_union
gutB,no,,gess-bsub.csv_non_essential_and_not_in_Koo_union
glpK,no,,gess-bsub.csv_non_essential_and_not_in_Koo_union
glpD,no,,gess-bsub.csv_non_essential_and_not_in_Koo_union
yhxB,no,,gess-bsub.csv_non_essential_and_not_in_Koo_union
pdhC,no,,gess-bsub.csv_non_essential_and_not_in_Koo_union
pdhD,no,,gess-bsub.csv_non_essential_and_not_in_Koo_union
odhA,no,,gess-bsub.csv_non_essential_and_not_in_Koo_union
sdhC,no,,gess-bsub.csv_non_essential_and_not_in_Koo_union
sdhA,no,,gess-bsub.csv_non_essential_and_not_in_Koo_union
sdhB,no,,gess-bsub.csv_non_essential_and_not_in_Koo_union
acuC,no,,gess-bsub.csv_non_essential_and_not_in_Koo_union
acuB,no,,gess-bsub.csv_non_essential_and_not_in_Koo_union
acuA,no,,gess-bsub.csv_non_essential_and_not_in_Koo_union
acsA,no,,gess-bsub.csv_non_essential_and_not_in_Koo_union
citG,no,,gess-bsub.csv_non_essential_and_not_in_Koo_union
ywjH,no,,gess-bsub.csv_non_essential_and_not_in_Koo_union
pmi,no,,gess-bsub.csv_non_essential_and_not_in_Koo_union
alsD,no,,gess-bsub.csv_non_essential_and_not_in_Koo_union
amyE,no,,gess-bsub.csv_non_essential_and_not_in_Koo_union
gdh,no,,gess-bsub.csv_non_essential_and_not_in_Koo_union
galK,no,,gess-bsub.csv_non_essential_and_not_in_Koo_union
galT,no,,gess-bsub.csv_non_essential_and_not_in_Koo_union
sacA,no,,gess-bsub.csv_non_essential_and_not_in_Koo_union
pta,no,,gess-bsub.csv_non_essential_and_not_in_Koo_union
gntK,no,,gess-bsub.csv_non_essential_and_not_in_Koo_union
idh,no,,gess-bsub.csv_non_essential_and_not_in_Koo_union
xylA,no,,gess-bsub.csv_non_essential_and_not_in_Koo_union
xylB,no,,gess-bsub.csv_non_essential_and_not_in_Koo_union
ackA,no,,gess-bsub.csv_non_essential_and_not_in_Koo_union
citA,no,,gess-bsub.csv_non_essential_and_not_in_Koo_union
citZ,no,,gess-bsub.csv_non_essential_and_not_in_Koo_union
glgB,no,,gess-bsub.csv_non_essential_and_not_in_Koo_union
glgC,no,,gess-bsub.csv_non_essential_and_not_in_Koo_union
glgD,no,,gess-bsub.csv_non_essential_and_not_in_Koo_union
glgA,no,,gess-bsub.csv_non_essential_and_not_in_Koo_union
glgP,no,,gess-bsub.csv_non_essential_and_not_in_Koo_union
pksG,no,,gess-bsub.csv_non_essential_and_not_in_Koo_union
bglH,no,,gess-bsub.csv_non_essential_and_not_in_Koo_union
treA,no,,gess-bsub.csv_non_essential_and_not_in_Koo_union
yxaA,no,,gess-bsub.csv_non_essential_and_not_in_Koo_union
yxaG,no,,gess-bsub.csv_non_essential_and_not_in_Koo_union
iolB,no,,gess-bsub.csv_non_essential_and_not_in_Koo_union
iolC,no,,gess-bsub.csv_non_essential_and_not_in_Koo_union
iolD,no,,gess-bsub.csv_non_essential_and_not_in_Koo_union
iolE,no,,gess-bsub.csv_non_essential_and_not_in_Koo_union
fbaB,no,,gess-bsub.csv_non_essential_and_not_in_Koo_union
scoA,no,,gess-bsub.csv_non_essential_and_not_in_Koo_union
scoB,no,,gess-bsub.csv_non_essential_and_not_in_Koo_union
ycbC,no,,gess-bsub.csv_non_essential_and_not_in_Koo_union
ycbF,no,,gess-bsub.csv_non_essential_and_not_in_Koo_union
ycbH,no,,gess-bsub.csv_non_essential_and_not_in_Koo_union
phy,no,,gess-bsub.csv_non_essential_and_not_in_Koo_union
bglA,no,,gess-bsub.csv_non_essential_and_not_in_Koo_union
mgsA,no,,gess-bsub.csv_non_essential_and_not_in_Koo_union
mtlD,no,,gess-bsub.csv_non_essential_and_not_in_Koo_union
ycsA,no,,gess-bsub.csv_non_essential_and_not_in_Koo_union
mmgD,no,,gess-bsub.csv_non_essential_and_not_in_Koo_union
mmgE,no,,gess-bsub.csv_non_essential_and_not_in_Koo_union
aldX,no,,gess-bsub.csv_non_essential_and_not_in_Koo_union
iolS,no,,gess-bsub.csv_non_essential_and_not_in_Koo_union
mdh,no,,gess-bsub.csv_non_essential_and_not_in_Koo_union
kdgA,no,,gess-bsub.csv_non_essential_and_not_in_Koo_union
kdgK,no,,gess-bsub.csv_non_essential_and_not_in_Koo_union
kduD,no,,gess-bsub.csv_non_essential_and_not_in_Koo_union
kduI,no,,gess-bsub.csv_non_essential_and_not_in_Koo_union
fbp,no,,gess-bsub.csv_non_essential_and_not_in_Koo_union
yhcW,no,,gess-bsub.csv_non_essential_and_not_in_Koo_union
glcK,no,,gess-bsub.csv_non_essential_and_not_in_Koo_union
yqiQ,no,,gess-bsub.csv_non_essential_and_not_in_Koo_union
ptb,no,,gess-bsub.csv_non_essential_and_not_in_Koo_union
buk,no,,gess-bsub.csv_non_essential_and_not_in_Koo_union
yqjD,no,,gess-bsub.csv_non_essential_and_not_in_Koo_union
yqjI,no,,gess-bsub.csv_non_essential_and_not_in_Koo_union
zwf,no,,gess-bsub.csv_non_essential_and_not_in_Koo_union
nudF,no,,gess-bsub.csv_non_essential_and_not_in_Koo_union
yktC,no,,gess-bsub.csv_non_essential_and_not_in_Koo_union
galE,no,,gess-bsub.csv_non_essential_and_not_in_Koo_union
malA,no,,gess-bsub.csv_non_essential_and_not_in_Koo_union
pckA,no,,gess-bsub.csv_non_essential_and_not_in_Koo_union
abfA,no,,gess-bsub.csv_non_essential_and_not_in_Koo_union
adhB,no,,gess-bsub.csv_non_essential_and_not_in_Koo_union
aldY,no,,gess-bsub.csv_non_essential_and_not_in_Koo_union
araA,no,,gess-bsub.csv_non_essential_and_not_in_Koo_union
araB,no,,gess-bsub.csv_non_essential_and_not_in_Koo_union
araD,no,,gess-bsub.csv_non_essential_and_not_in_Koo_union
ydaP,no,,gess-bsub.csv_non_essential_and_not_in_Koo_union
ydhR,no,,gess-bsub.csv_non_essential_and_not_in_Koo_union
ysfC,no,,gess-bsub.csv_non_essential_and_not_in_Koo_union
pgi,no,,gess-bsub.csv_non_essential_and_not_in_Koo_union
yulC,no,,gess-bsub.csv_non_essential_and_not_in_Koo_union
yulE,no,,gess-bsub.csv_non_essential_and_not_in_Koo_union
yvdK,no,,gess-bsub.csv_non_essential_and_not_in_Koo_union
malL,no,,gess-bsub.csv_non_essential_and_not_in_Koo_union
pgcM,no,,gess-bsub.csv_non_essential_and_not_in_Koo_union
lacA,no,,gess-bsub.csv_non_essential_and_not_in_Koo_union
acoA,no,,gess-bsub.csv_non_essential_and_not_in_Koo_union
acoB,no,,gess-bsub.csv_non_essential_and_not_in_Koo_union
acoC,no,,gess-bsub.csv_non_essential_and_not_in_Koo_union
acoL,no,,gess-bsub.csv_non_essential_and_not_in_Koo_union
adhA,no,,gess-bsub.csv_non_essential_and_not_in_Koo_union
dhaS,no,,gess-bsub.csv_non_essential_and_not_in_Koo_union
fruK,no,,gess-bsub.csv_non_essential_and_not_in_Koo_union
gapB,no,,gess-bsub.csv_non_essential_and_not_in_Koo_union
melA,no,,gess-bsub.csv_non_essential_and_not_in_Koo_union
nagA,no,,gess-bsub.csv_non_essential_and_not_in_Koo_union
nagB,no,,gess-bsub.csv_non_essential_and_not_in_Koo_union
pps,no,,gess-bsub.csv_non_essential_and_not_in_Koo_union
pyk,no,,gess-bsub.csv_non_essential_and_not_in_Koo_union
gamA,no,,gess-bsub.csv_non_essential_and_not_in_Koo_union
ydjE,no,,gess-bsub.csv_non_essential_and_not_in_Koo_union
ydjL,no,,gess-bsub.csv_non_essential_and_not_in_Koo_union
yhdN,no,,gess-bsub.csv_non_essential_and_not_in_Koo_union
manA,no,,gess-bsub.csv_non_essential_and_not_in_Koo_union
uxaC,no,,gess-bsub.csv_non_essential_and_not_in_Koo_union
yjmD,no,,gess-bsub.csv_non_essential_and_not_in_Koo_union
uxuA,no,,gess-bsub.csv_non_essential_and_not_in_Koo_union
uxaB,no,,gess-bsub.csv_non_essential_and_not_in_Koo_union
uxaA,no,,gess-bsub.csv_non_essential_and_not_in_Koo_union
rpe,no,,gess-bsub.csv_non_essential_and_not_in_Koo_union
yngE,no,,gess-bsub.csv_non_essential_and_not_in_Koo_union
yoaN,no,,gess-bsub.csv_non_essential_and_not_in_Koo_union
ytbE,no,,gess-bsub.csv_non_essential_and_not_in_Koo_union
ytcB,no,,gess-bsub.csv_non_essential_and_not_in_Koo_union
ytsJ,no,,gess-bsub.csv_non_essential_and_not_in_Koo_union
yvgN,no,,gess-bsub.csv_non_essential_and_not_in_Koo_union
oxdC,no,,gess-bsub.csv_non_essential_and_not_in_Koo_union
rbsK,no,,gess-bsub.csv_non_essential_and_not_in_Koo_union
licH,no,,gess-bsub.csv_non_essential_and_not_in_Koo_union
xsa,no,,gess-bsub.csv_non_essential_and_not_in_Koo_union
sucC,no,,gess-bsub.csv_non_essential_and_not_in_Koo_union
sucD,no,,gess-bsub.csv_non_essential_and_not_in_Koo_union
gtaB,no,,gess-bsub.csv_non_essential_and_not_in_Koo_union
dltD,no,,gess-bsub.csv_non_essential_and_not_in_Koo_union
dltC,no,,gess-bsub.csv_non_essential_and_not_in_Koo_union
dltB,no,,gess-bsub.csv_non_essential_and_not_in_Koo_union
dltA,no,,gess-bsub.csv_non_essential_and_not_in_Koo_union
tagE,no,,gess-bsub.csv_non_essential_and_not_in_Koo_union
ggaB,no,,gess-bsub.csv_non_essential_and_not_in_Koo_union
ggaA,no,,gess-bsub.csv_non_essential_and_not_in_Koo_union
yubB,no,,gess-bsub.csv_non_essential_and_not_in_Koo_union
lytC,no,,gess-bsub.csv_non_essential_and_not_in_Koo_union
murAB,no,,gess-bsub.csv_non_essential_and_not_in_Koo_union
lytD,no,,gess-bsub.csv_non_essential_and_not_in_Koo_union
cwlC,no,,gess-bsub.csv_non_essential_and_not_in_Koo_union
cwlD,no,,gess-bsub.csv_non_essential_and_not_in_Koo_union
cwlH,no,,gess-bsub.csv_non_essential_and_not_in_Koo_union
tuaA,no,,gess-bsub.csv_non_essential_and_not_in_Koo_union
tuaC,no,,gess-bsub.csv_non_essential_and_not_in_Koo_union
tuaD,no,,gess-bsub.csv_non_essential_and_not_in_Koo_union
tuaE,no,,gess-bsub.csv_non_essential_and_not_in_Koo_union
tuaG,no,,gess-bsub.csv_non_essential_and_not_in_Koo_union
tuaH,no,,gess-bsub.csv_non_essential_and_not_in_Koo_union
cwlA,no,,gess-bsub.csv_non_essential_and_not_in_Koo_union
yueK,no,,gess-bsub.csv_non_essential_and_not_in_Koo_union
yqeJ,no,,gess-bsub.csv_non_essential_and_not_in_Koo_union
hepS,no,,gess-bsub.csv_non_essential_and_not_in_Koo_union
menH,no,,gess-bsub.csv_non_essential_and_not_in_Koo_union
hepT,no,,gess-bsub.csv_non_essential_and_not_in_Koo_union
nasF,no,,gess-bsub.csv_non_essential_and_not_in_Koo_union
amhX,no,,gess-bsub.csv_non_essential_and_not_in_Koo_union
ykkE,no,,gess-bsub.csv_non_essential_and_not_in_Koo_union
ykvK,no,,gess-bsub.csv_non_essential_and_not_in_Koo_union
ylbQ,no,,gess-bsub.csv_non_essential_and_not_in_Koo_union
ylnD,no,,gess-bsub.csv_non_essential_and_not_in_Koo_union
ylnE,no,,gess-bsub.csv_non_essential_and_not_in_Koo_union
ylnF,no,,gess-bsub.csv_non_essential_and_not_in_Koo_union
yueJ,no,,gess-bsub.csv_non_essential_and_not_in_Koo_union
yaaD,no,,gess-bsub.csv_non_essential_and_not_in_Koo_union
yaaE,no,,gess-bsub.csv_non_essential_and_not_in_Koo_union
pabB,no,,gess-bsub.csv_non_essential_and_not_in_Koo_union
pabA,no,,gess-bsub.csv_non_essential_and_not_in_Koo_union
pabC,no,,gess-bsub.csv_non_essential_and_not_in_Koo_union
mtrA,no,,gess-bsub.csv_non_essential_and_not_in_Koo_union
hemC,no,,gess-bsub.csv_non_essential_and_not_in_Koo_union
hemD,no,,gess-bsub.csv_non_essential_and_not_in_Koo_union
hemB,no,,gess-bsub.csv_non_essential_and_not_in_Koo_union
hemL,no,,gess-bsub.csv_non_essential_and_not_in_Koo_union
hemE,no,,gess-bsub.csv_non_essential_and_not_in_Koo_union
hemH,no,,gess-bsub.csv_non_essential_and_not_in_Koo_union
hemY,no,,gess-bsub.csv_non_essential_and_not_in_Koo_union
ribD,no,,gess-bsub.csv_non_essential_and_not_in_Koo_union
menF,no,,gess-bsub.csv_non_essential_and_not_in_Koo_union
thiL,no,,gess-bsub.csv_non_essential_and_not_in_Koo_union
tenA,no,,gess-bsub.csv_non_essential_and_not_in_Koo_union
nadB,no,,gess-bsub.csv_non_essential_and_not_in_Koo_union
nadC,no,,gess-bsub.csv_non_essential_and_not_in_Koo_union
dhbA,no,,gess-bsub.csv_non_essential_and_not_in_Koo_union
dhbE,no,,gess-bsub.csv_non_essential_and_not_in_Koo_union
dhbB,no,,gess-bsub.csv_non_essential_and_not_in_Koo_union
dhbC,no,,gess-bsub.csv_non_essential_and_not_in_Koo_union
thiC,no,,gess-bsub.csv_non_essential_and_not_in_Koo_union
hemN,no,,gess-bsub.csv_non_essential_and_not_in_Koo_union
panB,no,,gess-bsub.csv_non_essential_and_not_in_Koo_union
bioA,no,,gess-bsub.csv_non_essential_and_not_in_Koo_union
bioB,no,,gess-bsub.csv_non_essential_and_not_in_Koo_union
bioF,no,,gess-bsub.csv_non_essential_and_not_in_Koo_union
bioW,no,,gess-bsub.csv_non_essential_and_not_in_Koo_union
coaA,no,,gess-bsub.csv_non_essential_and_not_in_Koo_union
gsaB,no,,gess-bsub.csv_non_essential_and_not_in_Koo_union
ribR,no,,gess-bsub.csv_non_essential_and_not_in_Koo_union
hemZ,no,,gess-bsub.csv_non_essential_and_not_in_Koo_union
yjbV,no,,gess-bsub.csv_non_essential_and_not_in_Koo_union
ribE,no,,gess-bsub.csv_non_essential_and_not_in_Koo_union
ribA,no,,gess-bsub.csv_non_essential_and_not_in_Koo_union
ribH,no,,gess-bsub.csv_non_essential_and_not_in_Koo_union
thiM,no,,gess-bsub.csv_non_essential_and_not_in_Koo_union
thiE,no,,gess-bsub.csv_non_essential_and_not_in_Koo_union
thiD,no,,gess-bsub.csv_non_essential_and_not_in_Koo_union
panD,no,,gess-bsub.csv_non_essential_and_not_in_Koo_union
bioD,no,,gess-bsub.csv_non_essential_and_not_in_Koo_union
yacM,no,,gess-bsub.csv_non_essential_and_not_in_Koo_union
yacN,no,,gess-bsub.csv_non_essential_and_not_in_Koo_union
yqfP,no,,gess-bsub.csv_non_essential_and_not_in_Koo_union
yqfY,no,,gess-bsub.csv_non_essential_and_not_in_Koo_union
yqiD,no,,gess-bsub.csv_non_essential_and_not_in_Koo_union
yhdO,no,,gess-bsub.csv_non_essential_and_not_in_Koo_union
bkdB,no,,gess-bsub.csv_non_essential_and_not_in_Koo_union
bkdAB,no,,gess-bsub.csv_non_essential_and_not_in_Koo_union
bkdAA,no,,gess-bsub.csv_non_essential_and_not_in_Koo_union
lpdV,no,,gess-bsub.csv_non_essential_and_not_in_Koo_union
pssA,no,,gess-bsub.csv_non_essential_and_not_in_Koo_union
psd,no,,gess-bsub.csv_non_essential_and_not_in_Koo_union
ugtP,no,,gess-bsub.csv_non_essential_and_not_in_Koo_union
yfiX,no,,gess-bsub.csv_non_essential_and_not_in_Koo_union
dgkA,no,,gess-bsub.csv_non_essential_and_not_in_Koo_union
glpQ,no,,gess-bsub.csv_non_essential_and_not_in_Koo_union
ycsD,no,,gess-bsub.csv_non_essential_and_not_in_Koo_union
acdA,no,,gess-bsub.csv_non_essential_and_not_in_Koo_union
ywiE,no,,gess-bsub.csv_non_essential_and_not_in_Koo_union
ywjE,no,,gess-bsub.csv_non_essential_and_not_in_Koo_union
mmgA,no,,gess-bsub.csv_non_essential_and_not_in_Koo_union
mmgB,no,,gess-bsub.csv_non_essential_and_not_in_Koo_union
mmgC,no,,gess-bsub.csv_non_essential_and_not_in_Koo_union
ypgA,no,,gess-bsub.csv_non_essential_and_not_in_Koo_union
lcfA,no,,gess-bsub.csv_non_essential_and_not_in_Koo_union
ydbM,no,,gess-bsub.csv_non_essential_and_not_in_Koo_union
fabL,no,,gess-bsub.csv_non_essential_and_not_in_Koo_union
ysiB,no,,gess-bsub.csv_non_essential_and_not_in_Koo_union
ywnE,no,,gess-bsub.csv_non_essential_and_not_in_Koo_union
fabHB,no,,gess-bsub.csv_non_essential_and_not_in_Koo_union
yhfL,no,,gess-bsub.csv_non_essential_and_not_in_Koo_union
yhfT,no,,gess-bsub.csv_non_essential_and_not_in_Koo_union
fabHA,no,,gess-bsub.csv_non_essential_and_not_in_Koo_union
fabI,no,,gess-bsub.csv_non_essential_and_not_in_Koo_union
yngF,no,,gess-bsub.csv_non_essential_and_not_in_Koo_union
yngG,no,,gess-bsub.csv_non_essential_and_not_in_Koo_union
yngI,no,,gess-bsub.csv_non_essential_and_not_in_Koo_union
yngJ,no,,gess-bsub.csv_non_essential_and_not_in_Koo_union
yocJ,no,,gess-bsub.csv_non_essential_and_not_in_Koo_union
yusJ,no,,gess-bsub.csv_non_essential_and_not_in_Koo_union
yusK,no,,gess-bsub.csv_non_essential_and_not_in_Koo_union
yusL,no,,gess-bsub.csv_non_essential_and_not_in_Koo_union
ctaA,no,,gess-bsub.csv_non_essential_and_not_in_Koo_union
ctaB,no,,gess-bsub.csv_non_essential_and_not_in_Koo_union
ctaC,no,,gess-bsub.csv_non_essential_and_not_in_Koo_union
ctaD,no,,gess-bsub.csv_non_essential_and_not_in_Koo_union
ctaE,no,,gess-bsub.csv_non_essential_and_not_in_Koo_union
ctaF,no,,gess-bsub.csv_non_essential_and_not_in_Koo_union
qoxA,no,,gess-bsub.csv_non_essential_and_not_in_Koo_union
qoxB,no,,gess-bsub.csv_non_essential_and_not_in_Koo_union
qoxC,no,,gess-bsub.csv_non_essential_and_not_in_Koo_union
qoxD,no,,gess-bsub.csv_non_essential_and_not_in_Koo_union
nfrA,no,,gess-bsub.csv_non_essential_and_not_in_Koo_union
atpF,no,,gess-bsub.csv_non_essential_and_not_in_Koo_union
atpH,no,,gess-bsub.csv_non_essential_and_not_in_Koo_union
atpA,no,,gess-bsub.csv_non_essential_and_not_in_Koo_union
atpG,no,,gess-bsub.csv_non_essential_and_not_in_Koo_union
atpD,no,,gess-bsub.csv_non_essential_and_not_in_Koo_union
atpC,no,,gess-bsub.csv_non_essential_and_not_in_Koo_union
fdhD,no,,gess-bsub.csv_non_essential_and_not_in_Koo_union
narG,no,,gess-bsub.csv_non_essential_and_not_in_Koo_union
narH,no,,gess-bsub.csv_non_essential_and_not_in_Koo_union
narJ,no,,gess-bsub.csv_non_essential_and_not_in_Koo_union
nasB,no,,gess-bsub.csv_non_essential_and_not_in_Koo_union
nasC,no,,gess-bsub.csv_non_essential_and_not_in_Koo_union
qcrA,no,,gess-bsub.csv_non_essential_and_not_in_Koo_union
qcrB,no,,gess-bsub.csv_non_essential_and_not_in_Koo_union
qcrC,no,,gess-bsub.csv_non_essential_and_not_in_Koo_union
cydA,no,,gess-bsub.csv_non_essential_and_not_in_Koo_union
cydB,no,,gess-bsub.csv_non_essential_and_not_in_Koo_union
ycgT,no,,gess-bsub.csv_non_essential_and_not_in_Koo_union
ycnD,no,,gess-bsub.csv_non_essential_and_not_in_Koo_union
yrhE,no,,gess-bsub.csv_non_essential_and_not_in_Koo_union
yumB,no,,gess-bsub.csv_non_essential_and_not_in_Koo_union
yfkO,no,,gess-bsub.csv_non_essential_and_not_in_Koo_union
ctaO,no,,gess-bsub.csv_non_essential_and_not_in_Koo_union
yjgC,no,,gess-bsub.csv_non_essential_and_not_in_Koo_union
yjlD,no,,gess-bsub.csv_non_essential_and_not_in_Koo_union
yoaE,no,,gess-bsub.csv_non_essential_and_not_in_Koo_union
ythA,no,,gess-bsub.csv_non_essential_and_not_in_Koo_union
ythB,no,,gess-bsub.csv_non_essential_and_not_in_Koo_union
yutJ,no,,gess-bsub.csv_non_essential_and_not_in_Koo_union
ldh,no,,gess-bsub.csv_non_essential_and_not_in_Koo_union
atpI,no,,gess-bsub.csv_non_essential_and_not_in_Koo_union
atpB,no,,gess-bsub.csv_non_essential_and_not_in_Koo_union
atpE,no,,gess-bsub.csv_non_essential_and_not_in_Koo_union
yjbN,no,,gess-bsub.csv_non_essential_and_not_in_Koo_union
hprT,no,,gess-bsub.csv_non_essential_and_not_in_Koo_union
ymaA,no,,gess-bsub.csv_non_essential_and_not_in_Koo_union
ndk,no,,gess-bsub.csv_non_essential_and_not_in_Koo_union
dck,no,,gess-bsub.csv_non_essential_and_not_in_Koo_union
dgk,no,,gess-bsub.csv_non_essential_and_not_in_Koo_union
yaaJ,no,,gess-bsub.csv_non_essential_and_not_in_Koo_union
tdk,no,,gess-bsub.csv_non_essential_and_not_in_Koo_union
cdd,no,,gess-bsub.csv_non_essential_and_not_in_Koo_union
comEB,no,,gess-bsub.csv_non_essential_and_not_in_Koo_union
purN,no,,gess-bsub.csv_non_essential_and_not_in_Koo_union
thyB,no,,gess-bsub.csv_non_essential_and_not_in_Koo_union
purT,no,,gess-bsub.csv_non_essential_and_not_in_Koo_union
upp,no,,gess-bsub.csv_non_essential_and_not_in_Koo_union
dra,no,,gess-bsub.csv_non_essential_and_not_in_Koo_union
pdp,no,,gess-bsub.csv_non_essential_and_not_in_Koo_union
adeC,no,,gess-bsub.csv_non_essential_and_not_in_Koo_union
xpt,no,,gess-bsub.csv_non_essential_and_not_in_Koo_union
thyA,no,,gess-bsub.csv_non_essential_and_not_in_Koo_union
punA,no,,gess-bsub.csv_non_essential_and_not_in_Koo_union
drm,no,,gess-bsub.csv_non_essential_and_not_in_Koo_union
guaC,no,,gess-bsub.csv_non_essential_and_not_in_Koo_union
apt,no,,gess-bsub.csv_non_essential_and_not_in_Koo_union
deoD,no,,gess-bsub.csv_non_essential_and_not_in_Koo_union
relA,no,,gess-bsub.csv_non_essential_and_not_in_Koo_union
udk,no,,gess-bsub.csv_non_essential_and_not_in_Koo_union
yfkN,no,,gess-bsub.csv_non_essential_and_not_in_Koo_union
guaD,no,,gess-bsub.csv_non_essential_and_not_in_Koo_union
yncF,no,,gess-bsub.csv_non_essential_and_not_in_Koo_union
pucH,no,,gess-bsub.csv_non_essential_and_not_in_Koo_union
pucL,no,,gess-bsub.csv_non_essential_and_not_in_Koo_union
pucM,no,,gess-bsub.csv_non_essential_and_not_in_Koo_union
pucE,no,,gess-bsub.csv_non_essential_and_not_in_Koo_union
pucD,no,,gess-bsub.csv_non_essential_and_not_in_Koo_union
pucC,no,,gess-bsub.csv_non_essential_and_not_in_Koo_union
pucB,no,,gess-bsub.csv_non_essential_and_not_in_Koo_union
pucA,no,,gess-bsub.csv_non_essential_and_not_in_Koo_union
yosS,no,,gess-bsub.csv_non_essential_and_not_in_Koo_union
fmt,no,,gess-bsub.csv_non_essential_and_not_in_Koo_union
katA,no,,gess-bsub.csv_non_essential_and_not_in_Koo_union
katE,no,,gess-bsub.csv_non_essential_and_not_in_Koo_union
gbsA,no,,gess-bsub.csv_non_essential_and_not_in_Koo_union
gbsB,no,,gess-bsub.csv_non_essential_and_not_in_Koo_union
katX,no,,gess-bsub.csv_non_essential_and_not_in_Koo_union
spoVFA,no,,gess-bsub.csv_non_essential_and_not_in_Koo_union
spoVFB,no,,gess-bsub.csv_non_essential_and_not_in_Koo_union
penP,no,,gess-bsub.csv_non_essential_and_not_in_Koo_union
ybxI,no,,gess-bsub.csv_non_essential_and_not_in_Koo_union
bsaA,no,,gess-bsub.csv_non_essential_and_not_in_Koo_union
sodA,no,,gess-bsub.csv_non_essential_and_not_in_Koo_union
yxeI,no,,gess-bsub.csv_non_essential_and_not_in_Koo_union
phoA,no,,gess-bsub.csv_non_essential_and_not_in_Koo_union
ssuD,no,,gess-bsub.csv_non_essential_and_not_in_Koo_union
phoB,no,,gess-bsub.csv_non_essential_and_not_in_Koo_union
yvgQ,no,,gess-bsub.csv_non_essential_and_not_in_Koo_union
yvgR,no,,gess-bsub.csv_non_essential_and_not_in_Koo_union
sat,no,,gess-bsub.csv_non_essential_and_not_in_Koo_union
glpF,no,,gess-bsub.csv_non_essential_and_not_in_Koo_union
ptsG,no,,gess-bsub.csv_non_essential_and_not_in_Koo_union
ptsH,no,,gess-bsub.csv_non_essential_and_not_in_Koo_union
ptsI,no,,gess-bsub.csv_non_essential_and_not_in_Koo_union
levD,no,,gess-bsub.csv_non_essential_and_not_in_Koo_union
levE,no,,gess-bsub.csv_non_essential_and_not_in_Koo_union
levF,no,,gess-bsub.csv_non_essential_and_not_in_Koo_union
levG,no,,gess-bsub.csv_non_essential_and_not_in_Koo_union
ywbA,no,,gess-bsub.csv_non_essential_and_not_in_Koo_union
ywbL,no,,gess-bsub.csv_non_essential_and_not_in_Koo_union
ywbM,no,,gess-bsub.csv_non_essential_and_not_in_Koo_union
ywbN,no,,gess-bsub.csv_non_essential_and_not_in_Koo_union
ywcA,no,,gess-bsub.csv_non_essential_and_not_in_Koo_union
ywcJ,no,,gess-bsub.csv_non_essential_and_not_in_Koo_union
sacP,no,,gess-bsub.csv_non_essential_and_not_in_Koo_union
glpT,no,,gess-bsub.csv_non_essential_and_not_in_Koo_union
gntP,no,,gess-bsub.csv_non_essential_and_not_in_Koo_union
ssuA,no,,gess-bsub.csv_non_essential_and_not_in_Koo_union
ssuC,no,,gess-bsub.csv_non_essential_and_not_in_Koo_union
feuA,no,,gess-bsub.csv_non_essential_and_not_in_Koo_union
feuB,no,,gess-bsub.csv_non_essential_and_not_in_Koo_union
feuC,no,,gess-bsub.csv_non_essential_and_not_in_Koo_union
dppB,no,,gess-bsub.csv_non_essential_and_not_in_Koo_union
dppC,no,,gess-bsub.csv_non_essential_and_not_in_Koo_union
dppD,no,,gess-bsub.csv_non_essential_and_not_in_Koo_union
dppE,no,,gess-bsub.csv_non_essential_and_not_in_Koo_union
nrgA,no,,gess-bsub.csv_non_essential_and_not_in_Koo_union
blt,no,,gess-bsub.csv_non_essential_and_not_in_Koo_union
rocE,no,,gess-bsub.csv_non_essential_and_not_in_Koo_union
bglP,no,,gess-bsub.csv_non_essential_and_not_in_Koo_union
nupC,no,,gess-bsub.csv_non_essential_and_not_in_Koo_union
ykqB,no,,gess-bsub.csv_non_essential_and_not_in_Koo_union
pyrP,no,,gess-bsub.csv_non_essential_and_not_in_Koo_union
treP,no,,gess-bsub.csv_non_essential_and_not_in_Koo_union
gamP,no,,gess-bsub.csv_non_essential_and_not_in_Koo_union
yqxL,no,,gess-bsub.csv_non_essential_and_not_in_Koo_union
pbuX,no,,gess-bsub.csv_non_essential_and_not_in_Koo_union
nasA,no,,gess-bsub.csv_non_essential_and_not_in_Koo_union
hutM,no,,gess-bsub.csv_non_essential_and_not_in_Koo_union
iolF,no,,gess-bsub.csv_non_essential_and_not_in_Koo_union
citH,no,,gess-bsub.csv_non_essential_and_not_in_Koo_union
yxjA,no,,gess-bsub.csv_non_essential_and_not_in_Koo_union
ycbE,no,,gess-bsub.csv_non_essential_and_not_in_Koo_union
yckI,no,,gess-bsub.csv_non_essential_and_not_in_Koo_union
yckJ,no,,gess-bsub.csv_non_essential_and_not_in_Koo_union
yckK,no,,gess-bsub.csv_non_essential_and_not_in_Koo_union
mtlA,no,,gess-bsub.csv_non_essential_and_not_in_Koo_union
gabP,no,,gess-bsub.csv_non_essential_and_not_in_Koo_union
natA,no,,gess-bsub.csv_non_essential_and_not_in_Koo_union
natB,no,,gess-bsub.csv_non_essential_and_not_in_Koo_union
narK,no,,gess-bsub.csv_non_essential_and_not_in_Koo_union
licC,no,,gess-bsub.csv_non_essential_and_not_in_Koo_union
opuAB,no,,gess-bsub.csv_non_essential_and_not_in_Koo_union
opuAC,no,,gess-bsub.csv_non_essential_and_not_in_Koo_union
pstS,no,,gess-bsub.csv_non_essential_and_not_in_Koo_union
pstC,no,,gess-bsub.csv_non_essential_and_not_in_Koo_union
pstA,no,,gess-bsub.csv_non_essential_and_not_in_Koo_union
pstBA,no,,gess-bsub.csv_non_essential_and_not_in_Koo_union
pstBB,no,,gess-bsub.csv_non_essential_and_not_in_Koo_union
kdgT,no,,gess-bsub.csv_non_essential_and_not_in_Koo_union
ybaR,no,,gess-bsub.csv_non_essential_and_not_in_Koo_union
ybbF,no,,gess-bsub.csv_non_essential_and_not_in_Koo_union
yhcL,no,,gess-bsub.csv_non_essential_and_not_in_Koo_union
yqeW,no,,gess-bsub.csv_non_essential_and_not_in_Koo_union
yqiX,no,,gess-bsub.csv_non_essential_and_not_in_Koo_union
yqiY,no,,gess-bsub.csv_non_essential_and_not_in_Koo_union
yqiZ,no,,gess-bsub.csv_non_essential_and_not_in_Koo_union
mleN,no,,gess-bsub.csv_non_essential_and_not_in_Koo_union
alsT,no,,gess-bsub.csv_non_essential_and_not_in_Koo_union
citM,no,,gess-bsub.csv_non_essential_and_not_in_Koo_union
malP,no,,gess-bsub.csv_non_essential_and_not_in_Koo_union
yvfH,no,,gess-bsub.csv_non_essential_and_not_in_Koo_union
yxeB,no,,gess-bsub.csv_non_essential_and_not_in_Koo_union
yxeR,no,,gess-bsub.csv_non_essential_and_not_in_Koo_union
araE,no,,gess-bsub.csv_non_essential_and_not_in_Koo_union
araN,no,,gess-bsub.csv_non_essential_and_not_in_Koo_union
araP,no,,gess-bsub.csv_non_essential_and_not_in_Koo_union
araQ,no,,gess-bsub.csv_non_essential_and_not_in_Koo_union
azlC,no,,gess-bsub.csv_non_essential_and_not_in_Koo_union
azlD,no,,gess-bsub.csv_non_essential_and_not_in_Koo_union
brnQ,no,,gess-bsub.csv_non_essential_and_not_in_Koo_union
czcD,no,,gess-bsub.csv_non_essential_and_not_in_Koo_union
fruA,no,,gess-bsub.csv_non_essential_and_not_in_Koo_union
opuD,no,,gess-bsub.csv_non_essential_and_not_in_Koo_union
trkA,no,,gess-bsub.csv_non_essential_and_not_in_Koo_union
lctP,no,,gess-bsub.csv_non_essential_and_not_in_Koo_union
mdr,no,,gess-bsub.csv_non_essential_and_not_in_Koo_union
ycgO,no,,gess-bsub.csv_non_essential_and_not_in_Koo_union
yclN,no,,gess-bsub.csv_non_essential_and_not_in_Koo_union
yclO,no,,gess-bsub.csv_non_essential_and_not_in_Koo_union
yclP,no,,gess-bsub.csv_non_essential_and_not_in_Koo_union
yclQ,no,,gess-bsub.csv_non_essential_and_not_in_Koo_union
ycnJ,no,,gess-bsub.csv_non_essential_and_not_in_Koo_union
mntH,no,,gess-bsub.csv_non_essential_and_not_in_Koo_union
dctP,no,,gess-bsub.csv_non_essential_and_not_in_Koo_union
ydfA,no,,gess-bsub.csv_non_essential_and_not_in_Koo_union
ydhM,no,,gess-bsub.csv_non_essential_and_not_in_Koo_union
ydhN,no,,gess-bsub.csv_non_essential_and_not_in_Koo_union
ydhO,no,,gess-bsub.csv_non_essential_and_not_in_Koo_union
ssuB,no,,gess-bsub.csv_non_essential_and_not_in_Koo_union
yraO,no,,gess-bsub.csv_non_essential_and_not_in_Koo_union
yrhG,no,,gess-bsub.csv_non_essential_and_not_in_Koo_union
maeN,no,,gess-bsub.csv_non_essential_and_not_in_Koo_union
yugO,no,,gess-bsub.csv_non_essential_and_not_in_Koo_union
yvdB,no,,gess-bsub.csv_non_essential_and_not_in_Koo_union
yvdG,no,,gess-bsub.csv_non_essential_and_not_in_Koo_union
yvdH,no,,gess-bsub.csv_non_essential_and_not_in_Koo_union
yvdI,no,,gess-bsub.csv_non_essential_and_not_in_Koo_union
yvfK,no,,gess-bsub.csv_non_essential_and_not_in_Koo_union
yvfL,no,,gess-bsub.csv_non_essential_and_not_in_Koo_union
yvfM,no,,gess-bsub.csv_non_essential_and_not_in_Koo_union
ywoE,no,,gess-bsub.csv_non_essential_and_not_in_Koo_union
ywrA,no,,gess-bsub.csv_non_essential_and_not_in_Koo_union
ywrB,no,,gess-bsub.csv_non_essential_and_not_in_Koo_union
ywrK,no,,gess-bsub.csv_non_essential_and_not_in_Koo_union
yxkJ,no,,gess-bsub.csv_non_essential_and_not_in_Koo_union
yxlA,no,,gess-bsub.csv_non_essential_and_not_in_Koo_union
amyC,no,,gess-bsub.csv_non_essential_and_not_in_Koo_union
braB,no,,gess-bsub.csv_non_essential_and_not_in_Koo_union
msmE,no,,gess-bsub.csv_non_essential_and_not_in_Koo_union
opuE,no,,gess-bsub.csv_non_essential_and_not_in_Koo_union
ybgF,no,,gess-bsub.csv_non_essential_and_not_in_Koo_union
ybgH,no,,gess-bsub.csv_non_essential_and_not_in_Koo_union
ycdH,no,,gess-bsub.csv_non_essential_and_not_in_Koo_union
ycdI,no,,gess-bsub.csv_non_essential_and_not_in_Koo_union
yceA,no,,gess-bsub.csv_non_essential_and_not_in_Koo_union
gutP,no,,gess-bsub.csv_non_essential_and_not_in_Koo_union
ydjK,no,,gess-bsub.csv_non_essential_and_not_in_Koo_union
pbuG,no,,gess-bsub.csv_non_essential_and_not_in_Koo_union
yesO,no,,gess-bsub.csv_non_essential_and_not_in_Koo_union
yesP,no,,gess-bsub.csv_non_essential_and_not_in_Koo_union
yesQ,no,,gess-bsub.csv_non_essential_and_not_in_Koo_union
yfhA,no,,gess-bsub.csv_non_essential_and_not_in_Koo_union
yfiY,no,,gess-bsub.csv_non_essential_and_not_in_Koo_union
yfiZ,no,,gess-bsub.csv_non_essential_and_not_in_Koo_union
yfjQ,no,,gess-bsub.csv_non_essential_and_not_in_Koo_union
yfkE,no,,gess-bsub.csv_non_essential_and_not_in_Koo_union
nagP,no,,gess-bsub.csv_non_essential_and_not_in_Koo_union
yflS,no,,gess-bsub.csv_non_essential_and_not_in_Koo_union
yfmC,no,,gess-bsub.csv_non_essential_and_not_in_Koo_union
yfmD,no,,gess-bsub.csv_non_essential_and_not_in_Koo_union
yfmE,no,,gess-bsub.csv_non_essential_and_not_in_Koo_union
yfmF,no,,gess-bsub.csv_non_essential_and_not_in_Koo_union
yhaG,no,,gess-bsub.csv_non_essential_and_not_in_Koo_union
yhaU,no,,gess-bsub.csv_non_essential_and_not_in_Koo_union
nhaC,no,,gess-bsub.csv_non_essential_and_not_in_Koo_union
glcP,no,,gess-bsub.csv_non_essential_and_not_in_Koo_union
yisU,no,,gess-bsub.csv_non_essential_and_not_in_Koo_union
yjbQ,no,,gess-bsub.csv_non_essential_and_not_in_Koo_union
manP,no,,gess-bsub.csv_non_essential_and_not_in_Koo_union
exuT,no,,gess-bsub.csv_non_essential_and_not_in_Koo_union
pit,no,,gess-bsub.csv_non_essential_and_not_in_Koo_union
ykoK,no,,gess-bsub.csv_non_essential_and_not_in_Koo_union
ykrM,no,,gess-bsub.csv_non_essential_and_not_in_Koo_union
ykvW,no,,gess-bsub.csv_non_essential_and_not_in_Koo_union
cysP,no,,gess-bsub.csv_non_essential_and_not_in_Koo_union
yloB,no,,gess-bsub.csv_non_essential_and_not_in_Koo_union
yoaB,no,,gess-bsub.csv_non_essential_and_not_in_Koo_union
yocS,no,,gess-bsub.csv_non_essential_and_not_in_Koo_union
yodF,no,,gess-bsub.csv_non_essential_and_not_in_Koo_union
yojA,no,,gess-bsub.csv_non_essential_and_not_in_Koo_union
yrbD,no,,gess-bsub.csv_non_essential_and_not_in_Koo_union
mntA,no,,gess-bsub.csv_non_essential_and_not_in_Koo_union
mntB,no,,gess-bsub.csv_non_essential_and_not_in_Koo_union
mntC,no,,gess-bsub.csv_non_essential_and_not_in_Koo_union
mntD,no,,gess-bsub.csv_non_essential_and_not_in_Koo_union
ytiP,no,,gess-bsub.csv_non_essential_and_not_in_Koo_union
ytmJ,no,,gess-bsub.csv_non_essential_and_not_in_Koo_union
ytmK,no,,gess-bsub.csv_non_essential_and_not_in_Koo_union
ytmL,no,,gess-bsub.csv_non_essential_and_not_in_Koo_union
ytmM,no,,gess-bsub.csv_non_essential_and_not_in_Koo_union
ytnA,no,,gess-bsub.csv_non_essential_and_not_in_Koo_union
ytrB,no,,gess-bsub.csv_non_essential_and_not_in_Koo_union
ytrC,no,,gess-bsub.csv_non_essential_and_not_in_Koo_union
ytrD,no,,gess-bsub.csv_non_essential_and_not_in_Koo_union
ytrE,no,,gess-bsub.csv_non_essential_and_not_in_Koo_union
ytrF,no,,gess-bsub.csv_non_essential_and_not_in_Koo_union
yuaA,no,,gess-bsub.csv_non_essential_and_not_in_Koo_union
yubG,no,,gess-bsub.csv_non_essential_and_not_in_Koo_union
pucJ,no,,gess-bsub.csv_non_essential_and_not_in_Koo_union
pucK,no,,gess-bsub.csv_non_essential_and_not_in_Koo_union
yusA,no,,gess-bsub.csv_non_essential_and_not_in_Koo_union
yusB,no,,gess-bsub.csv_non_essential_and_not_in_Koo_union
yusC,no,,gess-bsub.csv_non_essential_and_not_in_Koo_union
yutK,no,,gess-bsub.csv_non_essential_and_not_in_Koo_union
yvgK,no,,gess-bsub.csv_non_essential_and_not_in_Koo_union
yvgL,no,,gess-bsub.csv_non_essential_and_not_in_Koo_union
yvgM,no,,gess-bsub.csv_non_essential_and_not_in_Koo_union
yvgP,no,,gess-bsub.csv_non_essential_and_not_in_Koo_union
yvgW,no,,gess-bsub.csv_non_essential_and_not_in_Koo_union
yvgX,no,,gess-bsub.csv_non_essential_and_not_in_Koo_union
yvgY,no,,gess-bsub.csv_non_essential_and_not_in_Koo_union
yvrA,no,,gess-bsub.csv_non_essential_and_not_in_Koo_union
yvrB,no,,gess-bsub.csv_non_essential_and_not_in_Koo_union
yvrC,no,,gess-bsub.csv_non_essential_and_not_in_Koo_union
yvsH,no,,gess-bsub.csv_non_essential_and_not_in_Koo_union
rocC,no,,gess-bsub.csv_non_essential_and_not_in_Koo_union
fhuD,no,,gess-bsub.csv_non_essential_and_not_in_Koo_union
rbsD,no,,gess-bsub.csv_non_essential_and_not_in_Koo_union
rbsA,no,,gess-bsub.csv_non_essential_and_not_in_Koo_union
rbsC,no,,gess-bsub.csv_non_essential_and_not_in_Koo_union
rbsB,no,,gess-bsub.csv_non_essential_and_not_in_Koo_union
gltP,no,,gess-bsub.csv_non_essential_and_not_in_Koo_union
arsB,no,,gess-bsub.csv_non_essential_and_not_in_Koo_union
licB,no,,gess-bsub.csv_non_essential_and_not_in_Koo_union
licA,no,,gess-bsub.csv_non_essential_and_not_in_Koo_union
opuAA,no,,gess-bsub.csv_non_essential_and_not_in_Koo_union
fhuB,no,,gess-bsub.csv_non_essential_and_not_in_Koo_union
fhuC,no,,gess-bsub.csv_non_essential_and_not_in_Koo_union
fhuG,no,,gess-bsub.csv_non_essential_and_not_in_Koo_union
glnQ,no,,gess-bsub.csv_non_essential_and_not_in_Koo_union
glnH,no,,gess-bsub.csv_non_essential_and_not_in_Koo_union
glnM,no,,gess-bsub.csv_non_essential_and_not_in_Koo_union
glnP,no,,gess-bsub.csv_non_essential_and_not_in_Koo_union
amyD,no,,gess-bsub.csv_non_essential_and_not_in_Koo_union
gltT,no,,gess-bsub.csv_non_essential_and_not_in_Koo_union
ytmN,no,,gess-bsub.csv_non_essential_and_not_in_Koo_union
opuBA,no,,gess-bsub.csv_non_essential_and_not_in_Koo_union
opuBB,no,,gess-bsub.csv_non_essential_and_not_in_Koo_union
opuBC,no,,gess-bsub.csv_non_essential_and_not_in_Koo_union
opuBD,no,,gess-bsub.csv_non_essential_and_not_in_Koo_union
opuCA,no,,gess-bsub.csv_non_essential_and_not_in_Koo_union
opuCB,no,,gess-bsub.csv_non_essential_and_not_in_Koo_union
opuCC,no,,gess-bsub.csv_non_essential_and_not_in_Koo_union
opuCD,no,,gess-bsub.csv_non_essential_and_not_in_Koo_union
