Locus tag,gene,product,strand,frame,start,end,regulation,note
BSU00090,guaB,inosine-monophosphate dehydrogenase,leading,1,15915,17381,CodY_act.,
BSU00730,cysK,cysteine synthase,leading,1,81771,82697,CymR_repress.Spx_act.,
BSU00930,cysE,serine acetyltransferase,leading,1,112800,113453,T-box_antitermination.,
BSU06360,guaA,GMP synthetase,leading,1,692740,694281, ,
BSU06420,purE,phosphoribosylaminoimidazole carboxylase I,leading,1,698612,699100,G-box_termination.PurR_repress.,
BSU06430,purK,phosphoribosylaminoimidazole carboxylase ATPase subunit,leading,1,699093,700235,G-box_termination.PurR_repress.,
BSU06440,purB,adenylosuccinate lyase,leading,1,700232,701527,G-box_termination.PurR_repress.,
BSU06450,purC,phosphoribosylaminoimidazole succinocarboxamide synthetase,leading,1,701601,702326,G-box_termination.PurR_repress.,
BSU06460,purS,factor required for phosphoribosylformylglycinamidine synthetase activity,leading,1,702319,702573,G-box_termination.PurR_repress.,
BSU06470,purQ,phosphoribosylformylglycinamidine synthetase I,leading,1,702570,703253,G-box_termination.PurR_repress.,
BSU06480,purL,phosphoribosylformylglycinamidine synthetase II,leading,1,703237,705465,G-box_termination.PurR_repress.,
BSU06490,purF,glutamine phosphoribosylpyrophosphate amidotransferase,leading,1,705441,706871,G-box_termination.PurR_repress.,
BSU06500,purM,phosphoribosylaminoimidazole synthetase,leading,1,706973,708013,G-box_termination.PurR_repress.,
BSU06520,purH,fused phosphoribosylaminoimidazole carboxy formyl formyltransferase inosine-monophosphate cyclohydrolase,leading,1,708594,710132,G-box_termination.PurR_repress.,
BSU06530,purD,phosphoribosylglycinamide synthetase,leading,1,710148,711416,G-box_termination.PurR_repress.,
BSU10020,serC,phosphoserine aminotransferase,lagging,-1,1076368,1075289, ,
BSU11010,yitJ,"homocysteine S-methyltransferase using (R,S)AdoMet and methylenetetrahydrofolate reductase [NAD(P)H]",lagging,-1,1180595,1178757,S-box_termination.,
BSU11190,argC,N-acetylglutamate gamma-semialdehyde dehydrogenase,leading,1,1195034,1196071,AhrC_repress.,
BSU11200,argJ,ornithine acetyltransferase amino-acid acetyltransferase,leading,1,1196091,1197311,AhrC_repress.,
BSU11210,argB,N-acetylglutamate 5-phosphotransferase (acetylglutamate kinase),leading,1,1197326,1198102,AhrC_repress.,
BSU11220,argD,N-acetylornithine aminotransferase,leading,1,1198099,1199256,AhrC_repress.,
BSU11250,argF,ornithine carbamoyltransferase,leading,1,1203461,1204420,AhrC_repress.,
BSU11870,metI,cystathionine gamma-synthase and O-acetylhomoserine thiolyase,leading,1,1258492,1259613,S-box_termination.,
BSU13120,proB,glutamate 5-kinase,leading,1,1378496,1379593,T-box_antitermination.,
BSU13130,proA,gamma-glutamyl phosphate reductase,leading,1,1379605,1380852,T-box_antitermination.,
BSU13180,metE,cobalamin-independent methionine synthase,lagging,-1,1385608,1383320,S-box_termination.,
BSU14580,pdhA,pyruvate dehydrogenase (E1 alpha subunit),leading,1,1528326,1529441,stringent responsenegative regulation.,
BSU14590,pdhB,pyruvate dehydrogenase (E1 beta subunit),leading,1,1529445,1530422,stringent responsenegative regulation.,
BSU14860,pycA,pyruvate carboxylase,leading,1,1554185,1557631,stringent responsepositive regulation,
BSU15490,pyrB,aspartate carbamoyltransferase,leading,1,1620476,1621390,PyrRantitermination,
BSU15500,pyrC,dihydroorotase,leading,1,1621374,1622660,PyrRantitermination,
BSU15530,pyrK,dihydroorotate dehydrogenase (electron transfer subunit),leading,1,1626948,1627718,PyrRantitermination,
BSU15540,pyrD,dihydroorotate dehydrogenase (catalytic subunit),leading,1,1627718,1628653,PyrRantitermination,
BSU15550,pyrF,orotidine 5-phosphate decarboxylase,leading,1,1628622,1629341,PyrRantitermination,
BSU15560,pyrE,orotate phosphoribosyltransferase,leading,1,1629320,1629970,PyrRantitermination,
BSU15620,sirB,sirohydrochlorin ferrochelatase,leading,1,1634837,1635622,CymR_repress.S-box_termination.,
BSU17460,glnA,glutamine synthetase,leading,1,1878425,1879759,GlnR_repress.TnrA_repress.,
BSU17890,tkt,transketolase,leading,1,1919861,1921864,Spo0A_repress.,
BSU18000,citB,aconitate hydratase (aconitase),leading,1,1926680,1929409,CcpA_repress.CcpC_repress.CodY_repress.FsrAtranslation inhibition, 
BSU18440,gltB,glutamate synthase (small subunit),lagging,-1,2010053,2008572,FsrAtranslation inhibitionGltC_act.TnrA_repress., 
BSU18450,gltA,glutamate synthase (large subunit),lagging,-1,2014632,2010070,FsrAtranslation inhibitionGltC_act.TnrA_repress., 
BSU18460,gltC,transcriptional regulator (LysR family),leading,1,2014779,2015681, ,
BSU21770,ilvA,threonine dehydratase,leading,-1,2294037,2292769,CodY_repress.,
BSU21870,ilvD,dihydroxy-acid dehydratase,leading,-1,2302438,2300762,CodY_repress.,
BSU21910,metA,putative homoserine O-acetyltransferase,lagging,1,2305378,2306283,SigM.,
BSU22370,aspB,putative aspartate aminotransferase,leading,-1,2348841,2347660, ,
BSU22420,panC,pantothenate synthetase,leading,-1,2353837,2352977, ,
BSU22610,tyrA,prephenate dehydrogenase,leading,-1,2370366,2369251,TRAPtermination,
BSU22620,hisC,histidinol-phosphate aminotransferase tyrosine/phenylalanine aminotransferase,leading,-1,2371497,2370415,TRAPtermination,
BSU22630,trpA,tryptophan synthase (alpha subunit),leading,-1,2372311,2371508,TRAPtermination,"Tryptophan auxotrophy was defined from pathway analysis. In addition, the mutant was also histidine auxotroph, probably due to polar effect on downstream hisC expression. "
BSU22640,trpB,tryptophan synthase (beta subunit),leading,-1,2373506,2372304,TRAPtermination,auxotrophy was defined from pathway analysis
BSU22650,trpF,phosphoribosyl anthranilate isomerase,leading,-1,2374134,2373487,TRAPtermination,auxotrophy was defined from pathway analysis
BSU22660,trpC,indol-3-glycerol phosphate synthase,leading,-1,2374888,2374139,TRAPtermination,auxotrophy was defined from pathway analysis
BSU22670,trpD,anthranilate phosphoribosyltransferase,leading,-1,2375897,2374881,TRAPtermination,auxotrophy was defined from pathway analysis
BSU22680,trpE,anthranilate synthase,leading,-1,2377416,2375869,TRAPtermination,auxotrophy was defined from pathway analysis
BSU22700,aroB,3-dehydroquinate synthase,leading,-1,2379100,2378012, ,
BSU22830,gpsA,NAD(P)H-dependent glycerol-3-phosphate dehydrogenase,leading,-1,2390188,2389151, ,
BSU23070,serA,3-phosphoglycerate dehydrogenase,lagging,1,2411086,2412663, ,
BSU23080,aroC,3-dehydroquinate dehydratase,leading,-1,2413473,2412706, ,
BSU23380,lysA,diaminopimelate decarboxylase,leading,-1,2438266,2436947,SigG.SpoVT_act.,
BSU24310,folD,methylenetetrahydrofolate dehydrogenase methenyltetrahydrofolate cyclohydrolase,leading,-1,2529255,2528404,PurR_repress.,
BSU25660,aroD,shikimate 5-dehydrogenase,leading,-1,2645472,2644630, ,
BSU27850,nadA,quinolinate synthetase,leading,-1,2847061,2845955,NadR_repress.,
BSU27900,pheA,prephenate dehydratase,leading,-1,2852140,2851283,,
BSU28250,leuD,3-isopropylmalate dehydratase (small subunit),leading,-1,2889539,2888940,CcpA_act.CodY_repress.FsrAtranslation inhibitionT-box_antitermination.TnrA_repress., 
BSU28260,leuC,3-isopropylmalate dehydratase (large subunit),leading,-1,2890970,2889552,CcpA_act.CodY_repress.FsrAtranslation inhibitionT-box_antitermination.TnrA_repress., 
BSU28270,leuB,3-isopropylmalate dehydrogenase,leading,-1,2892117,2891020,CcpA_act.CodY_repress.T-box_antitermination.TnrA_repress., 
BSU28280,leuA,2-isopropylmalate synthase,leading,-1,2893694,2892138,CcpA_act.CodY_repress.T-box_antitermination.TnrA_repress., 
BSU28290,ilvC,acetohydroxy-acid isomeroreductase,leading,-1,2894709,2893681,CcpA_act.CodY_repress.T-box_antitermination.TnrA_repress., 
BSU28300,ilvH,acetolactate synthase (acetohydroxy-acid synthase) (small subunit),leading,-1,2895251,2894733,CcpA_act.CodY_repress.T-box_antitermination.TnrA_repress., 
BSU28310,ilvB,acetolactate synthase (acetohydroxy-acid synthase) (large subunit),leading,-1,2896972,2895248,CcpA_act.CodY_repress.T-box_antitermination.TnrA_repress., 
BSU28940,ysaA,putative phosphatase,lagging,1,2958434,2959216, ,
BSU29130,icd,isocitrate dehydrogenase,leading,-1,2980987,2979716,CcpA_repress.CcpC_repress.,
BSU29440,argH,argininosuccinate lyase,leading,-1,3013136,3011751,AhrC_repress.,
BSU29450,argG,argininosuccinate synthase,leading,-1,3014344,3013133,AhrC_repress.,
BSU29620,hisJ,histidinol phosphate phosphatase,lagging,1,3031614,3032420, ,
BSU29750,aroA,3-deoxy-D-arabino-heptulosonate 7-phosphate synthase chorismate mutase-isozyme 3,leading,-1,3046521,3045445, ,
BSU31400,yugH,putative aspartate aminotransferase,leading,-1,3226932,3225772, ,
BSU32240,thrB,homoserine kinase,leading,-1,3313773,3312844, ,
BSU32250,thrC,threonine synthase,leading,-1,3314828,3313770, ,
BSU32260,hom,homoserine dehydrogenase,leading,-1,3316129,3314828, ,
BSU33430,cysI,sulfite reductase (hemoprotein beta-subunit),leading,-1,3432313,3430598,CysL_act.,
BSU33440,cysJ,sulfite reductase (flavoprotein alpha-subunit),leading,-1,3434156,3432339,CysL_act.,
BSU33920,tpiA,triose phosphate isomerase,leading,-1,3480166,3479405,CggR_repress.,
BSU33930,pgk,phosphoglycerate kinase,leading,-1,3481381,3480197,CggR_repress.,
BSU34860,hisI,phosphoribosyl-AMP cyclohydrolase phosphoribosyl-ATP pyrophosphohydrolase,leading,-1,3583565,3582936, ,
BSU34870,hisF,imidazole glycerol phosphate synthase subunit,leading,-1,3584320,3583562, ,
BSU34880,hisA,phosphoribosylformimino-5-aminoimidazole carboxamide ribotide isomerase,leading,-1,3585054,3584317, ,
BSU34890,hisH,amidotransferase (glutaminase),leading,-1,3585689,3585051, ,
BSU34900,hisB,imidazoleglycerol-phosphate dehydratase,leading,-1,3586274,3585690, ,
BSU34910,hisD,histidinol dehydrogenase,leading,-1,3587554,3586271, ,
BSU34920,hisG,ATP phosphoribosyltransferase,leading,-1,3588192,3587551, ,
BSU34930,hisZ,histidyl-tRNA synthetase component of ATP phophoribosyltransferase,leading,-1,3589360,3588185, ,
BSU36900,glyA,serine hydroxymethyltransferase,leading,-1,3790437,3789190,PurR_repress.T-box_antitermination.,
BSU36920,ywlF,ribose 5-phosphate epimerase,leading,-1,3791648,3791199,TnrA_repress.,
BSU37120,fbaA,"fructose-1,6-bisphosphate aldolase",leading,-1,3809369,3808512, ,
BSU37650,cysL,"regulator of sulfur assimilation CysL, activates cysJI expression",leading,-1,3865208,3864309,CysL_repress.,
BSU40420,purA,adenylosuccinate synthetase,leading,-1,4156725,4155433,PurR_repress.,
