gene,ess.experimental
SAOUHSC_00001,yes
SAOUHSC_00002,yes
SAOUHSC_00005,yes
SAOUHSC_00006,yes
SAOUHSC_00009,yes
SAOUHSC_00015,yes
SAOUHSC_00018,yes
SAOUHSC_00020,yes
SAOUHSC_00021,yes
SAOUHSC_00092,no
SAOUHSC_00223,yes
SAOUHSC_00225,yes
SAOUHSC_00226,yes
SAOUHSC_00336,yes
SAOUHSC_00348,yes
SAOUHSC_00349,yes
SAOUHSC_00350,yes
SAOUHSC_00375,yes
SAOUHSC_00442,yes
SAOUHSC_00444,yes
SAOUHSC_00451,yes
SAOUHSC_00454,yes
SAOUHSC_00459,no
SAOUHSC_00461,yes
SAOUHSC_00466,no
SAOUHSC_00471,yes
SAOUHSC_00472,yes
SAOUHSC_00474,no
SAOUHSC_00475,yes
SAOUHSC_00482,yes
SAOUHSC_00484,yes
SAOUHSC_00486,no
SAOUHSC_00489,yes
SAOUHSC_00490,yes
SAOUHSC_00491,yes
SAOUHSC_00493,yes
SAOUHSC_00509,yes
SAOUHSC_00510,yes
SAOUHSC_00511,yes
SAOUHSC_00516,yes
SAOUHSC_00517,no
SAOUHSC_00518,yes
SAOUHSC_00519,yes
SAOUHSC_00520,yes
SAOUHSC_00521,yes
SAOUHSC_00524,yes
SAOUHSC_00525,yes
SAOUHSC_00527,yes
SAOUHSC_00528,yes
SAOUHSC_00529,yes
SAOUHSC_00530,yes
SAOUHSC_00541,no
SAOUHSC_00549,yes
SAOUHSC_00574,yes
SAOUHSC_00575,yes
SAOUHSC_00577,yes
SAOUHSC_00578,yes
SAOUHSC_00579,yes
SAOUHSC_00611,yes
SAOUHSC_00632,no
SAOUHSC_00640,yes
SAOUHSC_00641,yes
SAOUHSC_00642,yes
SAOUHSC_00643,yes
SAOUHSC_00645,yes
SAOUHSC_00728,yes
SAOUHSC_00741,yes
SAOUHSC_00742,yes
SAOUHSC_00743,yes
SAOUHSC_00752,yes
SAOUHSC_00762,yes
SAOUHSC_00769,yes
SAOUHSC_00771,yes
SAOUHSC_00781,yes
SAOUHSC_00782,no
SAOUHSC_00785,yes
SAOUHSC_00788,yes
SAOUHSC_00790,yes
SAOUHSC_00795,yes
SAOUHSC_00796,yes
SAOUHSC_00797,yes
SAOUHSC_00798,yes
SAOUHSC_00799,yes
SAOUHSC_00801,no
SAOUHSC_00804,yes
SAOUHSC_00847,yes
SAOUHSC_00848,yes
SAOUHSC_00849,yes
SAOUHSC_00850,yes
SAOUHSC_00851,yes
SAOUHSC_00868,yes
SAOUHSC_00869,yes
SAOUHSC_00870,yes
SAOUHSC_00871,yes
SAOUHSC_00872,yes
SAOUHSC_00877,no
SAOUHSC_00884,no
SAOUHSC_00885,no
SAOUHSC_00886,no
SAOUHSC_00887,no
SAOUHSC_00888,no
SAOUHSC_00889,no
SAOUHSC_00900,yes
SAOUHSC_00903,yes
SAOUHSC_00904,no
SAOUHSC_00920,yes
SAOUHSC_00921,yes
SAOUHSC_00933,yes
SAOUHSC_00934,yes
SAOUHSC_00943,yes
SAOUHSC_00945,no
SAOUHSC_00947,yes
SAOUHSC_00954,yes
SAOUHSC_00957,yes
SAOUHSC_00980,yes
SAOUHSC_00983,no
SAOUHSC_00985,no
SAOUHSC_00989,no
SAOUHSC_01007,no
SAOUHSC_01028,yes
SAOUHSC_01035,yes
SAOUHSC_01036,yes
SAOUHSC_01038,yes
SAOUHSC_01040,yes
SAOUHSC_01055,no
SAOUHSC_01062,no
SAOUHSC_01063,yes
SAOUHSC_01075,yes
SAOUHSC_01078,yes
SAOUHSC_01092,yes
SAOUHSC_01093,yes
SAOUHSC_01100,yes
SAOUHSC_01106,yes
SAOUHSC_01144,yes
SAOUHSC_01145,yes
SAOUHSC_01146,yes
SAOUHSC_01147,yes
SAOUHSC_01148,yes
SAOUHSC_01149,yes
SAOUHSC_01150,yes
SAOUHSC_01159,yes
SAOUHSC_01162,no
SAOUHSC_01176,yes
SAOUHSC_01178,yes
SAOUHSC_01179,yes
SAOUHSC_01183,yes
SAOUHSC_01188,yes
SAOUHSC_01189,yes
SAOUHSC_01190,yes
SAOUHSC_01191,no
SAOUHSC_01197,yes
SAOUHSC_01198,yes
SAOUHSC_01199,yes
SAOUHSC_01201,yes
SAOUHSC_01203,no
SAOUHSC_01204,no
SAOUHSC_01205,yes
SAOUHSC_01207,yes
SAOUHSC_01208,yes
SAOUHSC_01209,yes
SAOUHSC_01210,yes
SAOUHSC_01211,yes
SAOUHSC_01214,yes
SAOUHSC_01216,yes
SAOUHSC_01222,yes
SAOUHSC_01232,no
SAOUHSC_01234,yes
SAOUHSC_01235,yes
SAOUHSC_01236,yes
SAOUHSC_01237,yes
SAOUHSC_01238,yes
SAOUHSC_01239,no
SAOUHSC_01240,yes
SAOUHSC_01241,yes
SAOUHSC_01243,yes
SAOUHSC_01244,yes
SAOUHSC_01245,yes
SAOUHSC_01246,yes
SAOUHSC_01249,yes
SAOUHSC_01250,yes
SAOUHSC_01252,yes
SAOUHSC_01260,yes
SAOUHSC_01287,yes
SAOUHSC_01333,yes
SAOUHSC_01337,yes
SAOUHSC_01338,no
SAOUHSC_01350,yes
SAOUHSC_01351,yes
SAOUHSC_01352,yes
SAOUHSC_01373,yes
SAOUHSC_01374,yes
SAOUHSC_01385,no
SAOUHSC_01386,no
SAOUHSC_01389,no
SAOUHSC_01394,no
SAOUHSC_01395,no
SAOUHSC_01396,no
SAOUHSC_01397,no
SAOUHSC_01398,no
SAOUHSC_01399,no
SAOUHSC_01424,yes
SAOUHSC_01434,yes
SAOUHSC_01435,yes
SAOUHSC_01462,yes
SAOUHSC_01466,yes
SAOUHSC_01467,yes
SAOUHSC_01470,yes
SAOUHSC_01471,no
SAOUHSC_01473,yes
SAOUHSC_01474,yes
SAOUHSC_01477,yes
SAOUHSC_01481,no
SAOUHSC_01483,no
SAOUHSC_01486,no
SAOUHSC_01490,no
SAOUHSC_01491,no
SAOUHSC_01492,yes
SAOUHSC_01493,no
SAOUHSC_01496,yes
SAOUHSC_01501,yes
SAOUHSC_01589,no
SAOUHSC_01592,yes
SAOUHSC_01598,yes
SAOUHSC_01599,yes
SAOUHSC_01605,yes
SAOUHSC_01618,no
SAOUHSC_01623,yes
SAOUHSC_01624,yes
SAOUHSC_01635,no
SAOUHSC_01661,yes
SAOUHSC_01662,yes
SAOUHSC_01663,yes
SAOUHSC_01666,yes
SAOUHSC_01668,yes
SAOUHSC_01672,yes
SAOUHSC_01678,no
SAOUHSC_01682,no
SAOUHSC_01683,no
SAOUHSC_01684,no
SAOUHSC_01690,yes
SAOUHSC_01697,yes
SAOUHSC_01700,yes
SAOUHSC_01701,yes
SAOUHSC_01714,yes
SAOUHSC_01720,yes
SAOUHSC_01721,yes
SAOUHSC_01722,yes
SAOUHSC_01726,yes
SAOUHSC_01727,yes
SAOUHSC_01737,yes
SAOUHSC_01738,yes
SAOUHSC_01742,yes
SAOUHSC_01746,yes
SAOUHSC_01750,yes
SAOUHSC_01753,yes
SAOUHSC_01755,yes
SAOUHSC_01756,yes
SAOUHSC_01757,yes
SAOUHSC_01758,no
SAOUHSC_01759,no
SAOUHSC_01766,yes
SAOUHSC_01767,yes
SAOUHSC_01771,no
SAOUHSC_01772,no
SAOUHSC_01773,no
SAOUHSC_01774,no
SAOUHSC_01776,no
SAOUHSC_01777,yes
SAOUHSC_01782,yes
SAOUHSC_01784,yes
SAOUHSC_01785,yes
SAOUHSC_01786,yes
SAOUHSC_01787,yes
SAOUHSC_01788,yes
SAOUHSC_01791,yes
SAOUHSC_01792,yes
SAOUHSC_01795,yes
SAOUHSC_01797,no
SAOUHSC_01806,yes
SAOUHSC_01807,yes
SAOUHSC_01808,yes
SAOUHSC_01809,yes
SAOUHSC_01811,yes
SAOUHSC_01829,yes
SAOUHSC_01837,yes
SAOUHSC_01839,yes
SAOUHSC_01856,yes
SAOUHSC_01866,yes
SAOUHSC_01871,yes
SAOUHSC_01875,yes
SAOUHSC_01886,no
SAOUHSC_01887,no
SAOUHSC_01888,no
SAOUHSC_01889,no
SAOUHSC_01909,yes
SAOUHSC_01915,no
SAOUHSC_01916,no
SAOUHSC_01961,no
SAOUHSC_01962,no
SAOUHSC_01972,no
SAOUHSC_02003,no
SAOUHSC_02057,no
SAOUHSC_02102,yes
SAOUHSC_02106,yes
SAOUHSC_02107,yes
SAOUHSC_02114,yes
SAOUHSC_02116,yes
SAOUHSC_02117,yes
SAOUHSC_02118,yes
SAOUHSC_02122,yes
SAOUHSC_02123,yes
SAOUHSC_02132,yes
SAOUHSC_02133,yes
SAOUHSC_02140,yes
SAOUHSC_02151,yes
SAOUHSC_02152,yes
SAOUHSC_02254,yes
SAOUHSC_02255,yes
SAOUHSC_02277,yes
SAOUHSC_02279,yes
SAOUHSC_02280,yes
SAOUHSC_02305,no
SAOUHSC_02306,yes
SAOUHSC_02317,yes
SAOUHSC_02318,yes
SAOUHSC_02319,no
SAOUHSC_02327,yes
SAOUHSC_02336,yes
SAOUHSC_02337,no
SAOUHSC_02340,no
SAOUHSC_02341,no
SAOUHSC_02343,no
SAOUHSC_02345,no
SAOUHSC_02346,no
SAOUHSC_02347,no
SAOUHSC_02349,no
SAOUHSC_02350,no
SAOUHSC_02352,no
SAOUHSC_02357,yes
SAOUHSC_02358,no
SAOUHSC_02359,yes
SAOUHSC_02361,yes
SAOUHSC_02362,no
SAOUHSC_02366,yes
SAOUHSC_02368,yes
SAOUHSC_02371,yes
SAOUHSC_02399,yes
SAOUHSC_02405,yes
SAOUHSC_02407,yes
SAOUHSC_02477,yes
SAOUHSC_02478,yes
SAOUHSC_02484,yes
SAOUHSC_02485,yes
SAOUHSC_02486,yes
SAOUHSC_02487,yes
SAOUHSC_02488,yes
SAOUHSC_02489,yes
SAOUHSC_02490,yes
SAOUHSC_02491,yes
SAOUHSC_02492,yes
SAOUHSC_02493,yes
SAOUHSC_02494,yes
SAOUHSC_02495,yes
SAOUHSC_02496,yes
SAOUHSC_02498,yes
SAOUHSC_02499,yes
SAOUHSC_02500,yes
SAOUHSC_02501,yes
SAOUHSC_02502,yes
SAOUHSC_02503,yes
SAOUHSC_02504,yes
SAOUHSC_02505,yes
SAOUHSC_02506,yes
SAOUHSC_02507,yes
SAOUHSC_02508,yes
SAOUHSC_02509,yes
SAOUHSC_02510,yes
SAOUHSC_02511,yes
SAOUHSC_02512,yes
SAOUHSC_02512a,yes
SAOUHSC_02527,yes
SAOUHSC_02612,yes
SAOUHSC_02623,yes
SAOUHSC_02801,no
SAOUHSC_02859,yes
SAOUHSC_02860,yes
SAOUHSC_03049,yes
SAOUHSC_03052,yes
SAOUHSC_03053,yes
SAOUHSC_03054,yes
SAOUHSC_03055,yes
