NP_414542.1	b0001	thrL
NP_414543.1	b0002	thrA
NP_414544.1	b0003	thrB
NP_414545.1	b0004	thrC
NP_414546.1	b0005	yaaX
NP_414547.1	b0006	yaaA
NP_414548.1	b0007	yaaJ
NP_414549.1	b0008	talB
NP_414550.1	b0009	mog
NP_414551.1	b0010	satP
NP_414552.1	b0011	yaaW
YP_009518733.1	b0012	mbiA
NP_414554.1	b0013	yaaI
NP_414555.1	b0014	dnaK
NP_414556.1	b0015	dnaJ
NP_414557.1	b0016	insL1
NP_414559.1	b0018	mokC
YP_025292.1	b4412	hokC
NP_414560.1	b0019	nhaA
NP_414561.1	b0020	nhaR
NP_414562.1	b0021	insB1
NP_414563.1	b0022	insA1
NP_414564.1	b0023	rpsT
NP_414565.1	b0024	yaaY
NP_414566.1	b0025	ribF
NP_414567.1	b0026	ileS
NP_414568.1	b0027	lspA
NP_414569.1	b0028	fkpB
NP_414570.1	b0029	ispH
NP_414571.1	b0030	rihC
NP_414572.1	b0031	dapB
NP_414573.1	b0032	carA
NP_414574.1	b0033	carB
NP_414576.4	b0034	caiF
NP_414577.2	b0035	caiE
NP_414578.2	b0036	caiD
NP_414579.4	b0037	caiC
NP_414580.1	b0038	caiB
NP_414581.1	b0039	caiA
NP_414582.1	b0040	caiT
NP_414583.2	b0041	fixA
NP_414584.1	b0042	fixB
NP_414585.1	b0043	fixC
NP_414586.1	b0044	fixX
NP_414587.1	b0045	yaaU
NP_414588.1	b0046	kefF
NP_414589.1	b0047	kefC
NP_414590.1	b0048	folA
NP_414591.1	b0049	apaH
NP_414592.1	b0050	apaG
NP_414593.1	b0051	rsmA
NP_414594.1	b0052	pdxA
NP_414595.1	b0053	surA
NP_414596.1	b0054	lptD
NP_414597.1	b0055	djlA
YP_009518734.1	b0056	yabP
YP_009518735.1	b0057	yabQ
NP_414600.1	b0058	rluA
NP_414601.1	b0059	rapA
NP_414602.1	b0060	polB
NP_414603.1	b0061	araD
NP_414604.1	b0062	araA
NP_414605.1	b0063	araB
NP_414606.1	b0064	araC
NP_414607.1	b0065	yabI
NP_414608.1	b0066	thiQ
NP_414609.1	b0067	thiP
NP_414610.1	b0068	thiB
NP_414611.1	b0069	sgrR
YP_002791237.1	b4662	sgrT
YP_025293.1	b0070	setA
NP_414613.1	b0071	leuD
NP_414614.1	b0072	leuC
NP_414615.4	b0073	leuB
NP_414616.1	b0074	leuA
NP_414617.1	b0075	leuL
NP_414618.4	b0076	leuO
YP_009518736.1	b4726	yabR
YP_025294.2	b0077	ilvI
NP_414620.1	b0078	ilvH
NP_414622.1	b0080	cra
NP_414623.1	b0081	mraZ
NP_414624.1	b0082	rsmH
NP_414625.1	b0083	ftsL
NP_414626.1	b0084	ftsI
NP_414627.1	b0085	murE
NP_414628.1	b0086	murF
NP_414629.1	b0087	mraY
NP_414630.1	b0088	murD
NP_414631.1	b0089	ftsW
NP_414632.1	b0090	murG
NP_414633.1	b0091	murC
NP_414634.1	b0092	ddlB
NP_414635.1	b0093	ftsQ
NP_414636.1	b0094	ftsA
NP_414637.1	b0095	ftsZ
NP_414638.1	b0096	lpxC
NP_414639.2	b0097	secM
NP_414640.1	b0098	secA
NP_414641.1	b0099	mutT
NP_414643.1	b0101	yacG
NP_414644.1	b0102	zapD
NP_414645.1	b0103	coaE
YP_009518737.1	b4727	yacM
NP_414646.1	b0104	guaC
NP_414648.1	b0106	hofC
NP_414649.1	b0107	hofB
NP_414650.1	b0108	ppdD
NP_414651.1	b0109	nadC
NP_414652.1	b0110	ampD
NP_414653.1	b0111	ampE
NP_414654.1	b0112	aroP
NP_414655.1	b0113	pdhR
NP_414656.1	b0114	aceE
NP_414657.1	b0115	aceF
NP_414658.1	b0116	lpd
NP_414659.1	b0117	yacH
NP_414660.1	b0118	acnB
NP_414661.2	b0119	yacL
NP_414662.1	b0120	speD
NP_414663.1	b0121	speE
NP_414664.4	b0122	yacC
NP_414665.1	b0123	cueO
NP_414666.1	b0124	gcd
NP_414667.4	b0125	hpt
NP_414668.1	b0126	can
NP_414669.1	b0127	yadG
NP_414670.1	b0128	yadH
NP_414671.1	b0129	yadI
NP_414672.1	b0130	yadE
NP_414673.1	b0131	panD
NP_414674.1	b0132	rpnC
NP_414675.1	b0133	panC
NP_414676.1	b0134	panB
NP_414677.1	b0135	yadC
NP_414678.1	b0136	yadK
NP_414679.1	b0137	yadL
NP_414680.4	b0138	yadM
NP_414681.1	b0139	htrE
NP_414682.1	b0140	yadV
NP_414683.1	b0141	yadN
NP_414684.1	b0142	folK
NP_414685.4	b0143	pcnB
NP_414686.3	b0144	gluQ
NP_414687.1	b0145	dksA
NP_414688.1	b0146	sfsA
NP_414689.4	b0147	thpR
NP_414690.4	b0148	hrpB
NP_414691.1	b0149	mrcB
YP_010051172.1	b0149	mrcB
NP_414692.1	b0150	fhuA
NP_414693.1	b0151	fhuC
NP_414694.1	b0152	fhuD
NP_414695.1	b0153	fhuB
NP_414696.1	b0154	hemL
YP_010051173.1	b4765	yadX
NP_414697.1	b0155	clcA
YP_009518738.1	b4728	yadW
NP_414698.1	b0156	erpA
NP_414699.1	b0157	yadS
NP_414700.1	b0158	btuF
NP_414701.1	b0159	mtn
NP_414702.1	b0160	dgt
NP_414703.1	b0161	degP
NP_414704.4	b0162	cdaR
NP_414705.1	b0163	yaeH
NP_414706.2	b0164	yaeI
NP_414708.1	b0166	dapD
NP_414709.1	b0167	glnD
NP_414710.1	b0168	map
NP_414711.1	b0169	rpsB
NP_414712.1	b0170	tsf
NP_414713.1	b0171	pyrH
NP_414714.1	b0172	frr
NP_414715.1	b0173	dxr
NP_414716.1	b0174	ispU
NP_414717.2	b0175	cdsA
NP_414718.1	b0176	rseP
NP_414719.1	b0177	bamA
NP_414720.1	b0178	skp
NP_414721.1	b0179	lpxD
NP_414722.1	b0180	fabZ
NP_414723.1	b0181	lpxA
NP_414724.1	b0182	lpxB
NP_414725.1	b0183	rnhB
NP_414726.1	b0184	dnaE
NP_414727.1	b0185	accA
NP_414728.1	b0186	ldcC
NP_414729.4	b0187	yaeR
NP_414730.1	b0188	tilS
NP_414731.2	b0189	rof
YP_026160.1	b4406	yaeP
NP_414732.1	b0190	yaeQ
NP_414733.1	b0191	arfB
NP_414734.1	b0192	nlpE
NP_414735.4	b0193	yaeF
NP_414736.1	b0194	proS
NP_414737.1	b0195	trmO
NP_414738.1	b0196	rcsF
NP_414739.1	b0197	metQ
NP_414740.1	b0198	metI
NP_414741.1	b0199	metN
NP_414742.1	b0200	gmhB
NP_414743.1	b0207	dkgB
NP_414744.1	b0208	yafC
NP_414745.1	b0209	yafD
NP_414746.1	b0210	yafE
NP_414747.1	b0211	mltD
NP_414748.1	b0212	gloB
YP_010283908.1	b4815	ykfO
NP_414749.2	b0213	yafS
NP_414750.1	b0214	rnhA
NP_414751.1	b0215	dnaQ
NP_414752.1	b0217	yafT
YP_001165307.1	b4586	ykfM
NP_414754.1	b0219	yafV
NP_414755.1	b0220	ivy
NP_414756.2	b0221	fadE
NP_414757.1	b0222	gmhA
NP_414758.1	b0223	yafJ
NP_414759.1	b0224	dpaA
NP_414760.1	b0225	yafQ
NP_414761.1	b0226	dinJ
NP_414762.1	b0227	yafL
NP_414763.1	b0228	rayT
NP_414766.1	b0231	dinB
NP_414767.1	b0232	yafN
NP_414768.1	b0233	yafO
NP_414769.1	b0234	yafP
NP_414772.1	b0237	pepD
NP_414773.1	b0238	gpt
NP_414774.1	b0239	frsA
YP_009518739.1	b4710	insB9
YP_009518740.1	b4709	insA9
NP_414776.1	b0241	phoE
NP_414777.1	b0242	proB
NP_414778.1	b0243	proA
NP_414779.1	b0245	ykfI
NP_414780.1	b0246	yafW
YP_588435.1	b4504	ykfH
NP_414781.1	b0247	ykfG
NP_414782.1	b0248	yafX
NP_414783.1	b0249	ykfF
NP_414784.1	b0250	ykfB
NP_414785.4	b0251	yafY
NP_414786.4	b0252	yafZ
NP_414787.4	b0253	ykfA
NP_414788.1	b0254	perR
NP_414790.1	b0256	insI1
YP_009518741.1	b0258	ykfC
NP_414793.2	b0259	insH1
NP_414794.4	b0260	mmuP
NP_414795.1	b0261	mmuM
NP_414796.2	b0262	afuC
NP_414798.1	b0264	insB2
NP_414799.1	b0265	insA2
YP_009518742.1	b0266	yagB
NP_414801.1	b0267	yagA
NP_414802.2	b0268	yagE
NP_414803.1	b0269	yagF
NP_414804.1	b0270	yagG
NP_414805.1	b0271	yagH
NP_414806.1	b0272	xynR
NP_414807.1	b0273	argF
YP_010051174.1	b4766	argL
YP_009518743.1	b4688	ykgS
NP_414808.1	b0274	insB3
NP_414809.1	b0275	insA3
YP_009518744.1	b0276	yagJ
NP_414811.1	b0277	yagK
NP_414812.1	b0278	yagL
NP_414813.1	b0279	yagM
YP_009518745.1	b4729	ykgV
NP_414814.1	b0280	yagN
NP_414815.1	b0281	intF
YP_009518746.1	b0282	yagP
NP_414817.1	b0283	paoD
NP_414818.1	b0284	paoC
NP_414819.1	b0285	paoB
NP_414820.1	b0286	paoA
NP_414821.1	b0287	yagU
NP_414822.1	b0288	ykgJ
NP_414823.2	b0289	ecpE
NP_414824.1	b0290	ecpD
NP_414825.1	b0291	ecpC
NP_414826.1	b0292	ecpB
NP_414827.1	b0293	ecpA
NP_414828.1	b0294	matA
NP_414829.1	b0295	ykgL
YP_588437.1	b4506	ykgO
NP_414830.1	b0296	ykgM
YP_002791238.1	b4671	ykgR
NP_414832.2	b0298	insE1
NP_414833.1	b0299	insF1
NP_414835.2	b0301	rclC
NP_414837.2	b0303	rclB
NP_414838.2	b0304	rclA
NP_414839.1	b0305	rclR
NP_414840.1	b0306	ykgE
NP_414841.1	b0307	ykgF
NP_414842.4	b0308	ykgG
NP_414844.1	b0310	ykgH
NP_414845.1	b0311	betA
NP_414846.1	b0312	betB
NP_414847.3	b0313	betI
NP_414848.1	b0314	betT
YP_009518747.1	b4730	yahV
NP_414849.1	b0315	pdeL
NP_414850.1	b0316	yahB
NP_414851.1	b0317	yahC
NP_414852.1	b0318	yahD
NP_414853.1	b0319	yahE
NP_414854.1	b0320	yahF
NP_414855.1	b0321	yahG
YP_009518748.2	b0322	yahH
NP_414857.1	b0323	yahI
NP_414858.1	b0324	yahJ
NP_414859.1	b0325	yahK
NP_414860.1	b0326	yahL
YP_013606033.1	b4845	xtpA
NP_414861.2	b0327	yahM
NP_414862.1	b0328	yahN
NP_414863.1	b0329	yahO
NP_414864.1	b0330	prpR
NP_414865.1	b0331	prpB
NP_414867.1	b0333	prpC
NP_414868.1	b0334	prpD
NP_414869.1	b0335	prpE
NP_414870.1	b0336	codB
NP_414871.1	b0337	codA
NP_414872.3	b0338	cynR
NP_414873.1	b0339	cynT
NP_414874.1	b0340	cynS
NP_414875.1	b0341	cynX
NP_414876.1	b0342	lacA
NP_414877.1	b0343	lacY
NP_414878.1	b0344	lacZ
NP_414879.3	b0345	lacI
NP_414880.2	b0346	mhpR
NP_414881.1	b0347	mhpA
NP_414882.1	b0348	mhpB
NP_414883.5	b0349	mhpC
NP_414884.2	b0350	mhpD
NP_414885.1	b0351	mhpF
NP_414886.1	b0352	mhpE
NP_414887.2	b0353	mhpT
NP_414888.4	b0354	yaiL
NP_414889.1	b0355	frmB
NP_414890.1	b0356	frmA
NP_414891.4	b0357	frmR
NP_414892.1	b0358	yaiO
NP_414894.2	b0360	insC1
NP_414895.1	b0361	insD1
NP_414897.1	b0363	yaiP
YP_009518749.1	b4731	ykiC
NP_414898.4	b0364	yaiS
NP_414899.2	b0365	tauA
NP_414900.1	b0366	tauB
NP_414901.1	b0367	tauC
NP_414902.1	b0368	tauD
NP_414903.4	b0369	hemB
YP_010051175.1	b4767	ytiB
NP_414906.1	b0372	insF2
NP_414907.2	b0373	insE2
NP_414909.2	b0375	iprA
NP_414910.1	b0376	ampH
NP_414911.1	b0377	sbmA
NP_414912.1	b0378	yaiW
NP_414913.1	b0379	yaiY
NP_414914.2	b0380	yaiZ
NP_414915.1	b0381	ddlA
NP_414916.1	b0382	iraP
NP_414917.2	b0383	phoA
NP_414918.4	b0384	psiF
NP_414919.1	b0385	dgcC
NP_414920.1	b0386	proC
NP_414921.2	b0387	yaiI
NP_414922.1	b0388	aroL
NP_414923.1	b0389	yaiA
NP_414924.1	b0390	aroM
NP_414925.1	b0391	ppnP
YP_009518750.1	b4732	ykiD
NP_414927.1	b0393	rdgC
NP_414928.2	b0394	mak
NP_414930.3	b0396	araJ
NP_414931.1	b0397	sbcC
NP_414932.1	b0398	sbcD
NP_414933.1	b0399	phoB
NP_414934.1	b0400	phoR
NP_414935.1	b0401	brnQ
NP_414936.1	b0402	proY
NP_414937.2	b0403	malZ
NP_414938.1	b0404	acpH
NP_414939.1	b0405	queA
NP_414940.1	b0406	tgt
NP_414941.1	b0407	yajC
NP_414942.1	b0408	secD
NP_414943.1	b0409	secF
NP_414944.1	b0410	yajD
NP_414945.1	b0411	tsx
NP_414946.4	b0412	yajI
NP_414947.1	b0413	nrdR
NP_414948.1	b0414	ribD
NP_414949.1	b0415	ribE
NP_414950.1	b0416	nusB
NP_414951.1	b0417	thiL
NP_414952.1	b0418	pgpA
NP_414953.2	b0419	yajO
NP_414954.1	b0420	dxs
NP_414955.1	b0421	ispA
NP_414956.1	b0422	xseB
NP_414957.1	b0423	thiI
NP_414958.4	b0424	yajL
NP_414959.1	b0425	panE
NP_414960.2	b0426	yajQ
NP_414961.4	b0427	yajR
NP_414962.1	b0428	cyoE
NP_414963.1	b0429	cyoD
NP_414964.1	b0430	cyoC
NP_414965.1	b0431	cyoB
NP_414966.1	b0432	cyoA
NP_414967.1	b0433	ampG
NP_414968.4	b0434	yajG
NP_414969.4	b0435	bolA
NP_414970.1	b0436	tig
NP_414971.1	b0437	clpP
NP_414972.1	b0438	clpX
NP_414973.1	b0439	lon
NP_414974.1	b0440	hupB
NP_414975.1	b0441	ppiD
NP_414976.1	b0442	ybaV
NP_414977.1	b0443	fadM
NP_414978.1	b0444	queC
NP_414979.1	b0445	ybaE
NP_414980.2	b0446	cof
NP_414981.4	b0447	decR
NP_414982.1	b0448	mdlA
NP_414983.1	b0449	mdlB
NP_414984.1	b0450	glnK
NP_414985.1	b0451	amtB
NP_414986.1	b0452	tesB
NP_414987.3	b0453	ybaY
NP_414988.1	b0454	ybaZ
NP_414989.1	b0456	ybaA
NP_414990.2	b0457	pdeB
NP_414991.4	b0458	ylaC
NP_414992.1	b0459	maa
NP_414993.1	b0460	hha
NP_414994.1	b0461	tomB
NP_414995.1	b0462	acrB
NP_414996.1	b0463	acrA
NP_414997.1	b0464	acrR
NP_414998.1	b0465	mscK
NP_414999.1	b0466	ybaM
NP_415000.1	b0467	priC
NP_415001.1	b0468	ybaN
NP_415002.1	b0469	apt
NP_415003.1	b0470	dnaX
YP_009518751.1	b0470	dnaX
NP_415004.1	b0471	ybaB
NP_415005.1	b0472	recR
NP_415006.1	b0473	htpG
NP_415007.1	b0474	adk
NP_415008.1	b0475	hemH
NP_415009.1	b0476	aes
NP_415010.1	b0477	gsk
NP_415011.1	b0478	ybaL
NP_415012.1	b0479	fsr
NP_415013.1	b0480	ushA
NP_415014.1	b0481	ybaK
NP_415015.1	b0482	ybaP
NP_415016.4	b0483	ybaQ
NP_415017.1	b0484	copA
YP_009518752.1	b0484	copA
NP_415018.1	b0485	glsA
NP_415019.1	b0486	ybaT
NP_415020.1	b0487	cueR
NP_415021.2	b0488	ybbJ
NP_415022.1	b0489	qmcA
NP_415023.1	b0490	fetA
NP_415024.4	b0491	fetB
NP_415025.4	b0492	cnoX
NP_415026.1	b0493	ybbO
NP_415027.1	b0494	tesA
NP_415028.1	b0495	ybbA
NP_415029.1	b0496	ybbP
NP_415030.1	b0497	rhsD
NP_415031.1	b0498	ybbC
YP_009518753.1	b0502	ylbG
NP_415036.1	b0503	selU
NP_415037.1	b0504	allS
NP_415038.1	b0505	allA
NP_415039.1	b0506	allR
NP_415040.1	b0507	gcl
NP_415041.1	b0508	hyi
NP_415042.1	b0509	glxR
NP_415044.4	b0511	allW
NP_415045.1	b0512	allB
NP_415046.4	b0513	ybbY
NP_415047.1	b0514	glxK
NP_415048.1	b0515	allE
NP_415049.1	b0516	allC
NP_415050.1	b0517	allD
NP_415051.1	b0518	fdrA
YP_009029994.1	b4572	ylbE
NP_415053.1	b0520	ylbF
NP_415054.1	b0521	ybcF
NP_415055.1	b0522	purK
NP_415056.1	b0523	purE
NP_415057.1	b0524	lpxH
NP_415058.1	b0525	ppiB
NP_415059.1	b0526	cysS
NP_415060.1	b0527	ybcI
NP_415061.2	b0528	ybcJ
NP_415062.1	b0529	folD
NP_415063.4	b0530	sfmA
NP_415064.1	b0531	sfmC
NP_415065.1	b0532	sfmD
NP_415066.2	b0533	sfmH
NP_415067.1	b0534	sfmF
NP_415068.1	b0535	fimZ
NP_415069.1	b0537	intD
NP_415072.2	b0540	insE3
NP_415073.1	b0541	insF3
NP_415075.1	b0543	emrE
YP_009518754.1	b4733	ylcJ
NP_415076.1	b0544	ybcK
NP_415077.1	b0545	ybcL
NP_415078.1	b0546	ybcM
YP_001165308.1	b4588	ylcH
NP_415079.1	b0547	ybcN
NP_415080.1	b0548	ninE
NP_415081.1	b0549	ybcO
NP_415082.1	b0550	rusA
YP_588439.1	b4509	ylcG
NP_415083.1	b0551	quuD
NP_415084.2	b0552	insH2
NP_415086.1	b0554	essD
NP_415087.1	b0555	rrrD
NP_415088.1	b0556	rzpD
YP_588440.1	b4510	rzoD
NP_415089.1	b0557	borD
NP_415090.2	b0558	ybcV
NP_415091.1	b0559	ybcW
YP_001165309.1	b4589	ylcI
NP_415092.1	b0560	nohD
YP_009518755.1	b0561	tfaD
YP_009518756.1	b0563	tfaX
NP_415096.1	b0564	appY
NP_415097.1	b0565	ompT
NP_415098.1	b0566	envY
NP_415099.1	b0567	ybcH
NP_415100.1	b0568	nfrA
NP_415101.1	b0569	nfrB
NP_415102.1	b0570	cusS
NP_415103.1	b0571	cusR
NP_415104.1	b0572	cusC
NP_415105.1	b0573	cusF
NP_415106.1	b0574	cusB
NP_415107.1	b0575	cusA
NP_415108.1	b0576	pheP
NP_415109.1	b0577	ybdG
NP_415110.1	b0578	nfsB
NP_415111.1	b0579	ybdF
NP_415112.1	b0580	ybdJ
NP_415113.1	b0581	ybdK
YP_025295.1	b4415	hokE
NP_415114.1	b0582	insL2
NP_415115.2	b0583	entD
NP_415116.1	b0584	fepA
NP_415117.2	b0585	fes
YP_588441.1	b4511	ybdZ
NP_415118.1	b0586	entF
NP_415119.1	b0587	fepE
NP_415120.1	b0588	fepC
NP_415121.1	b0589	fepG
NP_415122.1	b0590	fepD
NP_415123.1	b0591	entS
NP_415124.1	b0592	fepB
NP_415125.1	b0593	entC
NP_415126.1	b0594	entE
NP_415127.1	b0595	entB
NP_415128.1	b0596	entA
NP_415129.1	b0597	entH
NP_415130.1	b0598	cstA
YP_588442.1	b4512	ybdD
NP_415132.1	b0599	hcxA
NP_415133.1	b0600	ybdL
NP_415134.1	b0601	ybdM
NP_415135.1	b0602	ybdN
NP_415136.1	b0603	citR
NP_415137.2	b0604	dsbG
NP_415138.1	b0605	ahpC
NP_415139.2	b0606	ahpF
NP_415140.1	b0607	uspG
NP_415141.1	b0608	ybdR
YP_009518757.1	b4734	yldA
NP_415143.1	b0610	rnk
NP_415144.1	b0611	rna
NP_415145.1	b0612	citT
NP_415146.1	b0613	citG
NP_415147.1	b0614	citX
NP_415148.1	b0615	citF
NP_415149.4	b0616	citE
NP_415150.1	b0617	citD
NP_415151.4	b0618	citC
NP_415152.1	b0619	dpiB
NP_415153.1	b0620	dpiA
NP_415154.1	b0621	dcuC
NP_415155.1	b0622	pagP
NP_415156.1	b0623	cspE
NP_415157.1	b0624	crcB
NP_415160.1	b0627	tatE
NP_415161.1	b0628	lipA
NP_415162.4	b0629	ybeF
NP_415163.2	b0630	lipB
NP_415164.1	b0631	ybeD
NP_415165.1	b0632	dacA
NP_415166.1	b0633	rlpA
NP_415167.1	b0634	mrdB
NP_415168.1	b0635	mrdA
NP_415169.1	b0636	rlmH
NP_415170.4	b0637	rsfS
NP_415171.1	b0638	cobC
NP_415172.1	b0639	nadD
NP_415173.1	b0640	holA
NP_415174.1	b0641	lptE
NP_415175.1	b0642	leuS
NP_415176.1	b0643	ybeL
NP_415177.4	b0644	ybeQ
NP_415178.1	b0645	ybeR
NP_415179.1	b0646	djlB
NP_415180.1	b0647	ybeT
NP_415181.1	b0648	ybeU
NP_415182.1	b0649	djlC
NP_415183.1	b0650	hscC
NP_415184.1	b0651	rihA
NP_415185.1	b0652	gltL
NP_415186.1	b0653	gltK
NP_415187.1	b0654	gltJ
NP_415188.1	b0655	gltI
NP_415189.2	b0656	insH3
NP_415190.1	b0657	lnt
NP_415191.1	b0658	ybeX
NP_415192.1	b0659	ybeY
NP_415193.2	b0660	ybeZ
NP_415194.1	b0661	miaB
NP_415195.1	b0662	ubiF
NP_415200.1	b0674	asnB
NP_415201.1	b0675	umpH
NP_415202.1	b0676	nagC
NP_415203.1	b0677	nagA
NP_415204.1	b0678	nagB
NP_415205.1	b0679	nagE
NP_415206.1	b0680	glnS
NP_415207.1	b0681	chiP
NP_415208.1	b0682	chiQ
NP_415209.1	b0683	fur
YP_001491546.1	b4637	uof
NP_415210.1	b0684	fldA
NP_415211.2	b0685	ybfE
NP_415212.1	b0686	ybfF
NP_415213.1	b0687	seqA
NP_415214.1	b0688	pgm
NP_415215.1	b0689	ybfP
NP_415219.1	b0692	potE
NP_415220.1	b0693	speF
YP_010051176.1	b4803	speFL
NP_415222.1	b0694	kdpE
NP_415223.1	b0695	kdpD
NP_415224.1	b0696	kdpC
NP_415225.1	b0697	kdpB
NP_415226.1	b0698	kdpA
YP_588443.1	b4513	kdpF
NP_415228.1	b0699	ybfA
NP_415229.1	b0700	rhsC
NP_415230.1	b0702	ybfB
NP_415232.1	b0704	ybfC
YP_009518758.1	b4514	ybfQ
NP_415234.1	b0706	ybfD
NP_415235.1	b0707	ybgA
NP_415236.1	b0708	phr
NP_415237.1	b0709	dtpD
NP_415238.1	b0710	ybgI
NP_415239.1	b0711	pxpB
NP_415240.1	b0712	pxpC
NP_415241.1	b0713	pxpA
NP_415242.1	b0714	nei
NP_415243.4	b0715	abrB
NP_415244.4	b0716	ybgO
NP_415245.1	b0717	ybgP
NP_415246.2	b0718	ybgQ
NP_415247.1	b0719	ybgD
NP_415248.1	b0720	gltA
YP_010051177.1	b4768	ybgV
YP_009518759.1	b4735	ybgU
NP_415249.1	b0721	sdhC
NP_415250.1	b0722	sdhD
NP_415251.1	b0723	sdhA
NP_415252.1	b0724	sdhB
NP_415254.1	b0726	sucA
NP_415255.1	b0727	sucB
NP_415256.1	b0728	sucC
NP_415257.1	b0729	sucD
NP_415258.1	b0730	mngR
NP_415259.1	b0731	mngA
NP_415260.1	b0732	mngB
NP_415261.2	b0733	cydA
NP_415262.1	b0734	cydB
YP_588444.1	b4515	cydX
NP_415263.1	b0735	ybgE
NP_415264.1	b0736	ybgC
NP_415265.1	b0737	tolQ
NP_415266.1	b0738	tolR
NP_415267.1	b0739	tolA
NP_415268.1	b0740	tolB
NP_415269.1	b0741	pal
NP_415270.1	b0742	cpoB
NP_415271.1	b0750	nadA
NP_415272.1	b0751	pnuC
NP_415273.1	b0752	zitB
NP_415274.1	b0753	ybgS
NP_415275.1	b0754	aroG
NP_415276.1	b0755	gpmA
NP_415277.1	b0756	galM
NP_415278.1	b0757	galK
NP_415279.1	b0758	galT
NP_415280.3	b0759	galE
NP_415281.1	b0760	modF
NP_415282.1	b0761	modE
NP_415283.1	b0762	acrZ
NP_415284.1	b0763	modA
NP_415285.1	b0764	modB
NP_415286.1	b0765	modC
NP_415287.1	b0766	ybhA
NP_415288.1	b0767	pgl
NP_415289.4	b0768	ybhD
NP_415290.1	b0769	ybhH
NP_415291.1	b0770	ybhI
NP_415292.2	b0771	ybhJ
NP_415293.1	b0772	ybhC
NP_415294.1	b0773	ybhB
NP_415295.1	b0774	bioA
NP_415296.1	b0775	bioB
NP_415297.1	b0776	bioF
NP_415298.1	b0777	bioC
NP_415299.1	b0778	bioD
NP_415300.1	b0779	uvrB
NP_415301.1	b0780	ybhK
NP_415302.1	b0781	moaA
NP_415303.1	b0782	moaB
NP_415304.1	b0783	moaC
NP_415305.1	b0784	moaD
NP_415306.1	b0785	moaE
NP_415307.1	b0786	ybhL
NP_415308.1	b0787	ybhM
NP_415309.1	b0788	ybhN
NP_415310.1	b0789	clsB
NP_415311.1	b0790	ybhP
NP_415312.1	b0791	ybhQ
NP_415313.1	b0792	ybhR
NP_415314.1	b0793	ybhS
NP_415315.4	b0794	ybhF
NP_415316.1	b0795	ybhG
NP_415317.4	b0796	cecR
NP_415318.1	b0797	rhlE
NP_415319.1	b0798	ybiA
NP_415320.1	b0799	dinG
NP_415321.1	b0800	ybiB
NP_415322.1	b0801	hcxB
YP_010051178.1	b4769	ybiE
NP_415323.1	b0802	ybiJ
NP_415324.1	b0803	ybiI
NP_415325.4	b0804	ybiX
NP_415326.1	b0805	fiu
NP_415327.2	b0806	mcbA
NP_415328.4	b0807	rlmF
NP_415329.4	b0808	ybiO
NP_415330.1	b0809	glnQ
NP_415331.1	b0810	glnP
NP_415332.1	b0811	glnH
NP_415333.1	b0812	dps
NP_415334.1	b0813	rhtA
YP_009518760.1	b4736	yliM
NP_415335.1	b0814	ompX
NP_415336.1	b0815	opgE
YP_009029995.1	b4705	mntS
NP_415338.1	b0817	mntR
NP_415339.1	b0818	ybiR
NP_415340.1	b0819	ldtB
NP_415341.1	b0820	ybiT
NP_415342.1	b0821	ybiU
NP_415343.1	b0822	ybiV
NP_415344.1	b0823	ybiW
NP_415345.2	b0824	ybiY
NP_415346.4	b0825	fsaA
NP_415347.1	b0826	moeB
NP_415348.1	b0827	moeA
NP_415349.1	b0828	iaaA
NP_415350.2	b0829	gsiA
NP_415351.1	b0830	gsiB
NP_415352.1	b0831	gsiC
NP_415353.1	b0832	gsiD
NP_415354.1	b0833	pdeI
NP_415355.1	b0834	dgcI
NP_415356.1	b0835	rimO
NP_415357.1	b0836	bssR
NP_415358.1	b0837	yliI
NP_415359.4	b0838	gstB
NP_415360.1	b0839	dacC
NP_415361.1	b0840	deoR
NP_415362.1	b0841	ybjG
NP_415363.1	b0842	mdfA
NP_415364.1	b0843	ybjH
NP_415365.4	b0844	ybjI
NP_415366.1	b0845	ybjJ
NP_415367.1	b0846	rcdA
NP_415368.1	b0847	ybjL
NP_415369.1	b0848	ybjM
NP_415370.1	b0849	grxA
NP_415371.1	b0850	ybjC
NP_415372.1	b0851	nfsA
NP_415373.1	b0852	rimK
NP_415374.1	b0853	ybjN
NP_415375.1	b0854	potF
NP_415376.4	b0855	potG
NP_415377.1	b0856	potH
NP_415378.1	b0857	potI
NP_415379.1	b0858	ybjO
NP_415380.1	b0859	rlmC
NP_415381.1	b0860	artJ
NP_415382.1	b0861	artM
NP_415383.1	b0862	artQ
NP_415384.1	b0863	artI
NP_415385.1	b0864	artP
NP_415386.1	b0865	ybjP
NP_415387.1	b0866	ybjQ
NP_415388.1	b0867	amiD
NP_415389.2	b0868	ybjS
NP_415390.4	b0869	ybjT
NP_415391.1	b0870	ltaE
NP_415392.1	b0871	poxB
NP_415393.1	b0872	hcr
NP_415394.4	b0873	hcp
NP_415395.2	b0874	lysO
NP_415396.1	b0875	aqpZ
NP_415397.1	b0876	ybjD
NP_415398.1	b0877	ybjX
NP_415399.4	b0878	macA
NP_415400.1	b0879	macB
NP_415401.1	b0880	cspD
YP_010051179.1	b4770	yljB
NP_415402.1	b0881	clpS
NP_415403.1	b0882	clpA
NP_415404.1	b0884	infA
NP_415405.1	b0885	aat
NP_415406.1	b0886	cydC
NP_415407.1	b0887	cydD
NP_415408.1	b0888	trxB
NP_415409.1	b0889	lrp
NP_415410.1	b0890	ftsK
NP_415411.2	b0891	lolA
NP_415412.1	b0892	rarA
NP_415413.1	b0893	serS
NP_415414.4	b0894	dmsA
NP_415415.1	b0895	dmsB
NP_415416.1	b0896	dmsC
NP_415417.1	b0897	ycaC
NP_415418.1	b0898	ycaD
NP_415419.2	b0899	ycaM
NP_415420.1	b0900	ycaN
NP_415421.1	b0901	ycaK
NP_415422.1	b0902	pflA
NP_415423.1	b0903	pflB
NP_415424.1	b0904	focA
NP_415425.4	b0905	ycaO
NP_415426.1	b0906	ycaP
NP_415427.1	b0907	serC
NP_415428.1	b0908	aroA
NP_415429.2	b0909	ycaL
NP_415430.1	b0910	cmk
NP_415431.1	b0911	rpsA
NP_415432.1	b0912	ihfB
NP_415433.4	b0913	ycaI
NP_415434.1	b0914	msbA
NP_415435.1	b0915	lpxK
NP_415436.1	b0916	ycaQ
NP_415437.1	b0917	ycaR
NP_415438.1	b0918	kdsB
NP_415439.1	b0919	ycbJ
NP_415440.1	b0920	elyC
NP_415441.1	b0921	cmoM
NP_415442.1	b0922	mukF
NP_415443.2	b0923	mukE
NP_415444.1	b0924	mukB
NP_415445.1	b0925	ldtD
NP_415446.1	b0926	mepK
NP_415447.1	b0927	gloC
NP_415448.1	b0928	aspC
NP_415449.1	b0929	ompF
NP_415450.1	b0930	asnS
NP_415451.1	b0931	pncB
NP_415452.1	b0932	pepN
NP_415453.1	b0933	ssuB
NP_415454.4	b0934	ssuC
NP_415455.1	b0935	ssuD
NP_415456.4	b0936	ssuA
NP_415457.1	b0937	ssuE
NP_415458.2	b0938	elfA
NP_415459.1	b0939	elfD
NP_415460.1	b0940	elfC
NP_415461.1	b0941	elfG
NP_415462.1	b0942	ycbU
NP_415463.2	b0943	ycbV
NP_415464.4	b0944	ycbF
NP_415465.1	b0945	pyrD
NP_415466.4	b0946	zapC
NP_415467.1	b0947	ycbX
NP_415468.1	b0948	rlmL
NP_415469.1	b0949	uup
NP_415470.1	b0950	pqiA
NP_415471.1	b0951	pqiB
NP_415472.2	b0952	pqiC
NP_415473.1	b0953	rmf
NP_415474.1	b0954	fabA
NP_415475.1	b0955	ycbZ
NP_415476.1	b0956	matP
NP_415477.1	b0957	ompA
NP_415478.1	b0958	sulA
NP_415479.1	b0959	sxy
NP_415480.2	b0960	yccS
NP_415481.1	b0961	yccF
NP_415482.1	b0962	helD
NP_415483.2	b0963	mgsA
NP_415484.1	b0964	csgI
NP_415485.4	b0965	yccU
NP_415486.4	b0966	hspQ
NP_415487.4	b0967	rlmI
NP_415488.1	b0968	yccX
NP_415489.4	b0969	tusE
NP_415490.1	b0970	yccA
NP_415491.1	b0972	hyaA
NP_415492.1	b0973	hyaB
NP_415493.1	b0974	hyaC
NP_415494.1	b0975	hyaD
NP_415495.1	b0976	hyaE
NP_415496.1	b0977	hyaF
NP_415497.1	b0978	appC
NP_415498.1	b0979	appB
YP_001165313.1	b4592	appX
NP_415500.1	b0980	appA
NP_415501.1	b0981	etk
NP_415502.4	b0982	etp
NP_415503.1	b0983	gfcE
NP_415504.1	b0984	gfcD
NP_415505.1	b0985	gfcC
NP_415506.1	b0986	gfcB
NP_415507.2	b0987	gfcA
YP_588445.1	b4516	insA4
NP_415508.1	b0988	insB4
NP_415509.1	b0989	cspH
NP_415510.1	b0990	cspG
YP_009518761.1	b4723	ymcF
NP_415511.1	b0991	ymcE
YP_588446.1	b4517	gnsA
NP_415512.1	b0992	yccM
NP_415513.2	b0993	torS
NP_415514.1	b0994	torT
NP_415515.1	b0995	torR
NP_415516.1	b0996	torC
NP_415517.1	b0997	torA
NP_415518.1	b0998	torD
NP_415519.1	b0999	cbpM
NP_415520.1	b1000	cbpA
NP_415521.1	b1001	yccE
NP_415522.1	b1002	agp
NP_415523.1	b1003	yccJ
NP_415524.1	b1004	wrbA
NP_415525.2	b4518	ymdF
NP_415526.4	b1006	rutG
NP_415527.4	b1007	rutF
NP_415528.1	b1008	rutE
NP_415529.1	b1009	rutD
NP_415530.1	b1010	rutC
NP_415531.2	b1011	rutB
NP_415532.3	b1012	rutA
NP_415533.1	b1013	rutR
NP_415534.1	b1014	putA
YP_009518762.2	b4737	ymdG
NP_415535.1	b1015	putP
NP_415537.1	b1018	efeO
NP_415538.1	b1019	efeB
NP_415539.1	b1020	phoH
NP_415540.1	b1021	pgaD
NP_415541.1	b1022	pgaC
NP_415542.1	b1023	pgaB
NP_415543.1	b1024	pgaA
NP_415544.1	b1025	dgcT
NP_415545.1	b1026	insF4
NP_415546.2	b1027	insE4
NP_415548.1	b1029	ycdU
NP_415551.2	b1033	ghrA
NP_415552.1	b1034	ycdX
NP_415553.1	b1035	ycdY
NP_415554.4	b1036	ycdZ
NP_415555.1	b1037	csgG
NP_415556.1	b1038	csgF
NP_415557.1	b1039	csgE
NP_415558.1	b1040	csgD
NP_415559.1	b1041	csgB
NP_415560.1	b1042	csgA
NP_415561.1	b1043	csgC
NP_415562.1	b1044	ymdA
NP_415563.1	b1045	ymdB
NP_415564.2	b1046	clsC
NP_415565.1	b1047	opgC
NP_415566.1	b1048	opgG
NP_415567.1	b1049	opgH
NP_415568.1	b1050	yceK
NP_415569.4	b1051	msyB
NP_415571.1	b1053	mdtG
NP_415572.1	b1054	lpxL
NP_415573.1	b1055	trhO
NP_415574.1	b1056	yceI
NP_415575.1	b1057	yceJ
NP_415576.1	b1058	yceO
NP_415577.1	b1059	solA
NP_415578.3	b1060	bssS
NP_415579.1	b1061	dinI
NP_415580.1	b1062	pyrC
NP_415581.1	b1063	yceB
NP_415582.1	b1064	grxB
NP_415583.4	b1065	mdtH
NP_415584.1	b1066	rimJ
NP_415585.1	b1067	yceH
NP_415586.1	b1068	yceM
NP_415587.1	b1069	murJ
NP_415588.1	b1070	flgN
NP_415589.1	b1071	flgM
NP_415590.1	b1072	flgA
NP_415591.1	b1073	flgB
NP_415592.1	b1074	flgC
NP_415593.1	b1075	flgD
NP_415594.1	b1076	flgE
NP_415595.1	b1077	flgF
NP_415596.1	b1078	flgG
NP_415597.1	b1079	flgH
NP_415598.3	b1080	flgI
NP_415599.1	b1081	flgJ
NP_415600.1	b1082	flgK
NP_415601.1	b1083	flgL
NP_415602.1	b1084	rne
NP_415603.2	b1085	yceQ
NP_415604.1	b1086	rluC
NP_415605.2	b1087	yceF
NP_415606.1	b1088	yceD
NP_415607.1	b1089	rpmF
NP_415608.2	b1090	plsX
NP_415609.1	b1091	fabH
NP_415610.1	b1092	fabD
NP_415611.1	b1093	fabG
NP_415612.1	b1094	acpP
NP_415613.1	b1095	fabF
NP_415614.1	b1096	pabC
NP_415615.1	b1097	mltG
NP_415616.1	b1098	tmk
NP_415617.1	b1099	holB
NP_415618.1	b1100	ycfH
NP_415619.1	b1101	ptsG
NP_415620.1	b1102	fhuE
NP_415621.3	b1103	hinT
NP_415622.1	b1104	ycfL
NP_415623.1	b1105	lpoB
NP_415624.1	b1106	thiK
NP_415625.1	b1107	nagZ
NP_415626.4	b1108	ycfP
NP_415627.1	b1109	ndh
NP_415628.1	b1110	ycfJ
NP_415629.4	b1111	comR
NP_415630.1	b1112	bhsA
NP_415631.1	b1113	ldtC
NP_415632.1	b1114	mfd
NP_415633.1	b1115	ycfT
NP_415634.1	b1116	lolC
NP_415635.4	b1117	lolD
NP_415636.1	b1118	lolE
NP_415637.1	b1119	nagK
NP_415638.3	b1120	cobB
YP_010051180.1	b1120	cobB
NP_415639.1	b1121	ycfZ
NP_415640.2	b1122	ymfA
NP_415641.1	b1123	potD
NP_415642.1	b1124	potC
NP_415643.3	b1125	potB
NP_415644.1	b1126	potA
NP_415645.1	b1127	pepT
NP_415646.4	b1128	roxA
NP_415647.1	b1129	phoQ
NP_415648.1	b1130	phoP
NP_415649.1	b1131	purB
NP_415650.1	b1132	hflD
NP_415651.4	b1133	mnmA
NP_415652.1	b1134	nudJ
NP_415653.4	b1135	rluE
NP_415654.1	b1136	icd
NP_415655.1	b1137	ymfD
NP_415656.1	b1138	ymfE
NP_415657.1	b1139	lit
NP_415658.1	b1140	intE
NP_415659.1	b1141	xisE
YP_009518763.1	b1142	ymfH
NP_415661.2	b1143	ymfI
NP_415662.2	b1144	ymfJ
NP_415663.1	b1145	ymfK
NP_415664.2	b1146	ymfT
NP_415665.2	b1147	ymfL
NP_415666.1	b1148	ymfM
YP_009518764.1	b1149	ymfN
NP_415668.1	b1150	ymfR
YP_009518765.1	b1151	beeE
NP_415671.1	b1153	ymfQ
NP_415672.1	b1154	ycfK
NP_415673.1	b1155	tfaP
NP_415674.1	b1156	tfaE
NP_415676.1	b1158	pinE
NP_415677.1	b1159	mcrA
NP_415678.1	b1160	iraM
YP_009518766.1	b4738	ymgK
YP_009518767.1	b4739	ymgL
NP_415679.1	b1161	ycgX
NP_415680.1	b1162	bluR
NP_415681.1	b1163	bluF
NP_415682.1	b1164	ycgZ
NP_415683.1	b1165	ymgA
NP_415684.1	b1166	ariR
NP_415685.1	b1167	ymgC
NP_415686.2	b1168	pdeG
YP_588447.1	b4520	ymgF
NP_415689.2	b1171	ymgD
NP_415690.5	b1172	ymgG
YP_001165314.1	b4593	ymgI
YP_001165315.1	b4594	ymgJ
NP_415692.1	b1174	minE
NP_415693.1	b1175	minD
NP_415694.1	b1176	minC
NP_415695.1	b1177	ycgJ
NP_415696.1	b1178	pliG
YP_010283909.1	b4816	ymgN
NP_415697.5	b1179	ycgL
NP_415698.1	b1180	ycgM
NP_415699.5	b1181	ycgN
NP_415700.4	b1182	hlyE
NP_415701.1	b1183	umuD
NP_415702.1	b1184	umuC
NP_415703.3	b1185	dsbB
NP_415704.1	b1186	nhaB
NP_415705.1	b1187	fadR
NP_415706.1	b1188	ycgB
NP_415707.1	b1189	dadA
NP_415708.1	b1190	dadX
YP_009518768.1	b4740	ymgM
NP_415709.2	b1191	cvrA
NP_415710.1	b1192	ldcA
NP_415711.2	b1193	emtA
NP_415712.1	b1194	ycgR
NP_415713.1	b1195	ymgE
NP_415714.1	b1196	ycgY
NP_415715.1	b1197	treA
NP_415716.4	b1198	dhaM
NP_415717.1	b1199	dhaL
NP_415718.6	b1200	dhaK
NP_415719.2	b1201	dhaR
NP_415720.1	b1202	ycgV
NP_415721.1	b1203	ychF
NP_415722.1	b1204	pth
NP_415723.1	b1205	ychH
NP_415724.2	b1206	dauA
NP_415725.1	b1207	prs
NP_415726.1	b1208	ispE
NP_415727.1	b1209	lolB
NP_415728.1	b1210	hemA
NP_415729.1	b1211	prfA
NP_415730.1	b1212	prmC
NP_415731.1	b1213	ychQ
NP_415732.1	b1214	ychA
NP_415733.1	b1215	kdsA
YP_025297.1	b4419	ldrA
YP_025298.1	b4421	ldrB
YP_025299.1	b4423	ldrC
NP_415734.1	b1216	chaA
NP_415735.1	b1217	chaB
NP_415736.2	b1218	chaC
NP_415737.1	b1219	ychN
NP_415738.2	b1220	ychO
NP_415739.1	b1221	narL
NP_415740.1	b1222	narX
NP_415741.1	b1223	narK
NP_415742.1	b1224	narG
NP_415743.1	b1225	narH
NP_415744.1	b1226	narJ
NP_415745.1	b1227	narI
YP_009518769.1	b1228	ychS
NP_415747.2	b1229	tpr
NP_415748.1	b1232	purU
NP_415749.1	b1233	ychJ
NP_415750.2	b1234	rssA
NP_415751.1	b1235	rssB
NP_415752.1	b1236	galU
NP_415753.1	b1237	hns
NP_415754.1	b1238	tdk
NP_415757.1	b1241	adhE
YP_010051181.1	b4771	ychT
NP_415758.1	b1242	ychE
NP_417962.2	b4711	insH21
NP_415759.1	b1243	oppA
NP_415760.1	b1244	oppB
NP_415761.1	b1245	oppC
YP_025300.1	b1246	oppD
NP_415763.1	b1247	oppF
NP_415764.4	b1248	yciU
NP_415765.1	b1249	clsA
YP_001165316.1	b4595	yciY
NP_415766.1	b1250	kch
NP_415767.2	b1251	yciI
NP_415768.1	b1252	tonB
NP_415769.1	b1253	yciA
NP_415770.1	b1254	yciB
NP_415771.1	b1255	yciC
NP_415772.1	b1256	ompW
NP_415773.1	b1257	yciE
NP_415774.1	b1258	yciF
NP_415775.4	b1259	yciG
NP_415776.1	b1260	trpA
NP_415777.1	b1261	trpB
NP_415778.3	b1262	trpC
NP_415779.1	b1263	trpD
NP_415780.1	b1264	trpE
NP_415781.1	b1265	trpL
NP_415782.1	b1266	rnm
NP_415783.6	b1267	yciO
NP_415784.1	b1268	yciQ
NP_415785.1	b1269	rluB
NP_415786.1	b1270	btuR
NP_415787.1	b1271	yciK
NP_415788.1	b1272	sohB
NP_415789.1	b1273	yciN
NP_415790.1	b1274	topA
NP_415791.1	b1275	cysB
YP_588449.3	b4522	ymiA
YP_588450.2	b4523	yciX
YP_009518771.1	b4741	ymiC
NP_415792.1	b1276	acnA
NP_415793.1	b1277	ribA
NP_415794.1	b1278	pgpB
NP_415795.1	b1279	lapA
NP_415796.1	b1280	lapB
NP_415797.1	b1281	pyrF
NP_415798.2	b1282	yciH
NP_415799.1	b1283	osmB
NP_415800.1	b1284	yciT
YP_001165317.1	b4596	yciZ
YP_010051182.1	b4772	ymiD
NP_415801.1	b1285	pdeR
YP_002791239.1	b4672	ymiB
NP_415802.1	b1286	rnb
NP_415803.2	b1287	yciW
NP_415804.1	b1288	fabI
NP_415805.1	b1289	ycjD
NP_415806.1	b1290	sapF
NP_415807.1	b1291	sapD
NP_415808.1	b1292	sapC
NP_415809.1	b1293	sapB
NP_415810.1	b1294	sapA
NP_415811.1	b1295	ymjA
NP_415812.4	b1296	puuP
YP_009518772.1	b4742	ymjE
NP_415813.4	b1297	puuA
NP_415814.4	b1298	puuD
NP_415815.1	b1299	puuR
NP_415816.1	b1300	puuC
NP_415817.1	b1301	puuB
NP_415818.1	b1302	puuE
NP_415819.4	b1303	pspF
NP_415820.1	b1304	pspA
NP_415821.1	b1305	pspB
NP_415822.1	b1306	pspC
NP_415823.1	b1307	pspD
NP_415824.1	b1308	pspE
NP_415825.4	b1309	ycjM
NP_415826.1	b1310	ycjN
NP_415827.1	b1311	ycjO
NP_415828.1	b1312	ycjP
NP_415829.1	b1313	ycjQ
NP_415830.2	b1314	ycjR
NP_415831.1	b1315	ycjS
NP_415832.1	b1316	ycjT
NP_415833.1	b1317	ycjU
NP_415835.1	b1319	ompG
NP_415836.1	b1320	ycjW
NP_415837.1	b1321	ycjX
NP_415838.1	b1322	ycjF
NP_415839.1	b1323	tyrR
NP_415840.1	b1324	tpx
NP_415841.4	b1325	ycjG
NP_415842.2	b1326	mpaA
YP_009518773.1	b4525	ymjC
YP_009518774.1	b4673	ymjD
NP_415843.2	b1327	ycjY
NP_415844.1	b1328	pgrR
NP_415845.2	b1329	mppA
NP_415846.1	b1330	ynaI
YP_009518770.2	b1331	insH4
NP_415848.1	b1332	ynaJ
NP_415849.1	b1333	uspE
NP_415850.1	b1334	fnr
NP_415851.1	b1335	ogt
NP_415852.2	b1336	abgT
NP_415853.1	b1337	abgB
NP_415854.4	b1338	abgA
NP_415855.1	b1339	abgR
NP_415856.1	b1340	smrA
NP_415857.2	b1341	dgcM
YP_010051183.1	b4773	ynaN
NP_415858.1	b1342	zntB
YP_009518775.1	b4743	ynaL
NP_415859.1	b1343	dbpA
NP_415860.1	b1344	ttcA
NP_415861.1	b1345	intR
NP_415862.4	b1346	xisR
NP_415863.1	b1347	rcbA
NP_415864.1	b1348	ralR
NP_415865.1	b1349	recT
NP_415866.1	b1350	recE
NP_415867.1	b1351	racC
YP_588451.1	b4526	ydaE
NP_415869.2	b1352	kilR
NP_415870.4	b1353	sieB
NP_415872.2	b4527	ydaF
NP_415873.2	b1355	ydaG
NP_415874.1	b1356	racR
NP_415875.1	b1357	ydaS
NP_415876.1	b1358	ydaT
NP_415877.1	b1359	ydaU
NP_415878.1	b1360	ydaV
YP_009518776.1	b1361	ydaW
YP_588452.1	b4528	rzoR
NP_415881.1	b1363	trkG
NP_415883.1	b1365	ynaK
YP_009518777.1	b1366	ydaY
YP_009518778.1	b1368	ynaA
NP_415888.1	b1370	insH5
NP_415890.2	b1372	stfR
NP_415891.1	b1373	tfaR
NP_415892.1	b1374	pinR
NP_415893.2	b1375	ynaE
YP_009518779.1	b4744	ynaM
NP_415894.4	b1376	uspF
NP_415895.1	b1377	ompN
NP_415896.1	b1378	ydbK
YP_588453.1	b4529	ydbJ
NP_415897.1	b1379	hslJ
NP_415898.1	b1380	ldhA
NP_415899.1	b1381	ydbH
NP_415900.1	b1382	ynbE
NP_415901.2	b1383	ydbL
NP_415902.1	b1384	feaR
NP_415903.4	b1385	feaB
NP_415904.3	b1386	tynA
NP_415905.1	b1387	paaZ
NP_415906.1	b1388	paaA
NP_415907.1	b1389	paaB
NP_415908.1	b1390	paaC
NP_415909.4	b1391	paaD
NP_415910.1	b1392	paaE
NP_415911.1	b1393	paaF
NP_415912.1	b1394	paaG
NP_415913.1	b1395	paaH
NP_415914.1	b1396	paaI
NP_415915.1	b1397	paaJ
NP_415916.1	b1398	paaK
NP_415917.1	b1399	paaX
NP_415918.1	b1400	paaY
YP_002791240.1	b4674	ynbG
NP_415920.1	b1402	insD2
NP_415921.2	b1403	insC2
NP_415922.1	b1404	insI2
NP_415924.1	b1406	pdxI
NP_415925.2	b1407	ydbD
NP_415926.4	b1408	ynbA
NP_415927.1	b1409	ynbB
NP_415928.1	b1410	ynbC
NP_415929.1	b1411	ynbD
NP_415930.1	b1412	azoR
NP_415931.4	b1413	hrpA
NP_415932.1	b1414	ydcF
NP_415933.1	b1415	aldA
NP_415935.2	b1418	cybB
NP_415936.1	b1419	ydcA
YP_010051184.1	b4774	yncP
YP_025301.1	b4428	hokB
NP_415937.1	b1420	mokB
NP_415938.1	b1421	trg
NP_415939.2	b1422	ydcI
NP_415940.1	b1423	ydcJ
NP_415941.5	b1424	opgD
NP_415943.4	b1426	ydcH
NP_415944.1	b1427	rimL
NP_415945.1	b1428	ydcK
NP_415946.1	b1429	tehA
NP_415947.1	b1430	tehB
NP_415948.1	b1431	ydcL
NP_415949.3	b1432	insQ
NP_415950.4	b1433	ydcO
NP_415951.1	b1434	sutR
NP_415952.2	b1435	rlhA
NP_415953.1	b1436	yncJ
NP_415954.2	b4532	hicA
NP_415955.2	b1438	hicB
NP_415956.1	b1439	ydcR
NP_415957.1	b1440	ydcS
NP_415958.1	b1441	ydcT
NP_415959.1	b1442	ydcU
NP_415960.1	b1443	ydcV
NP_415961.1	b1444	patD
YP_001165318.1	b4598	yncL
NP_415962.2	b1445	ortT
NP_415963.1	b1446	ydcY
NP_415964.1	b1447	ydcZ
NP_415965.1	b1448	mnaT
NP_415966.6	b1449	curA
NP_415967.2	b1450	mcbR
NP_415968.1	b1451	pqqU
NP_415969.1	b1452	yncE
NP_415970.4	b1453	ansP
NP_415971.1	b1454	yncG
NP_415972.1	b1455	yncH
NP_415974.1	b1457	ydcD
YP_009518780.1	b4745	yncO
NP_415977.1	b1460	ydcC
NP_415978.1	b1461	pptA
NP_415979.2	b1462	yddH
NP_415980.1	b1463	nhoA
NP_415981.1	b1464	yddE
NP_415982.1	b1465	narV
NP_415983.1	b1466	narW
NP_415984.1	b1467	narY
NP_415985.1	b1468	narZ
NP_415986.1	b1469	narU
YP_009518781.1	b1471	yddK
YP_009518782.1	b1472	yddL
NP_415990.5	b1473	yddG
NP_415991.1	b1474	fdnG
NP_415992.1	b1475	fdnH
NP_415993.1	b1476	fdnI
NP_415994.4	b1477	yddM
NP_415995.4	b1478	adhP
NP_415996.2	b1479	maeA
NP_415997.1	b1480	sra
NP_415998.4	b1481	bdm
NP_415999.1	b1482	osmC
NP_416000.1	b1483	ddpF
NP_416001.1	b1484	ddpD
NP_416002.1	b1485	ddpC
NP_416003.1	b1486	ddpB
NP_416004.1	b1487	ddpA
NP_416005.1	b1488	ddpX
NP_416006.4	b1489	dosP
NP_416007.3	b1490	dosC
YP_009518783.1	b4746	yddY
NP_416008.1	b1491	digH
NP_416009.1	b1492	gadC
NP_416010.1	b1493	gadB
NP_416011.1	b1494	pqqL
NP_416012.1	b1495	yddB
NP_416013.1	b1496	yddA
YP_009518784.1	b4747	yneP
NP_416014.4	b1497	ydeM
NP_416015.2	b1498	ydeN
NP_416016.1	b1499	ydeO
NP_416017.1	b1500	safA
NP_416018.1	b1501	ydeP
NP_416019.1	b1502	ydeQ
NP_416020.1	b1503	ydeR
NP_416021.1	b1504	ydeS
YP_009518785.1	b1505	ydeT
NP_416024.1	b1507	hipA
NP_416025.1	b1508	hipB
NP_416028.3	b1511	lsrK
NP_416029.1	b1512	lsrR
NP_416030.1	b1513	lsrA
NP_416031.1	b1514	lsrC
NP_416032.1	b1515	lsrD
NP_416033.1	b1516	lsrB
NP_416034.1	b1517	lsrF
NP_416035.1	b1518	lsrG
NP_416036.1	b1519	tam
NP_416037.2	b1520	yneE
YP_025302.1	b1521	uxaB
NP_416039.1	b1522	dgcF
NP_416040.1	b1523	yneG
NP_416041.1	b1524	glsB
NP_416042.2	b1525	sad
NP_416043.1	b1526	ptrR
NP_416044.1	b1527	yneK
NP_416045.1	b1528	ydeA
NP_416046.1	b1529	marC
NP_416047.4	b1530	marR
NP_416048.2	b1531	marA
NP_416049.1	b1532	marB
NP_416050.4	b1533	eamA
NP_416051.1	b1534	ydeE
YP_001165319.1	b4599	mgtS
YP_010051185.1	b4775	mgtT
NP_416052.1	b1535	dgcZ
NP_416054.1	b1536	ydeI
NP_416055.1	b1537	ydeJ
NP_416056.1	b1538	dcp
NP_416057.1	b1539	ydfG
NP_416058.1	b1540	rspR
NP_416059.1	b1541	ydfZ
NP_416060.1	b1542	ydfI
YP_009518786.1	b1543	ydfJ
YP_009518787.1	b4748	ynfT
NP_416062.2	b1544	ydfK
NP_416063.1	b1545	pinQ
NP_416064.1	b1546	tfaQ
NP_416065.1	b1547	stfQ
YP_009518788.1	b1548	nohA
YP_588454.1	b4533	ynfO
NP_416067.2	b1549	ydfO
NP_416068.2	b1550	gnsB
NP_416069.2	b1551	ynfN
YP_009518789.1	b4749	ynfR
YP_009518790.1	b4724	ynfQ
NP_416070.1	b1552	cspI
NP_416071.1	b1553	rzpQ
YP_002791241.1	b4689	rzoQ
NP_416072.1	b1554	rrrQ
NP_416073.1	b1555	ydfR
NP_416074.4	b1556	essQ
YP_010051186.1	b4776	ynfU
NP_416075.1	b1557	cspB
NP_416076.1	b1558	cspF
YP_009518791.1	b4750	ynfS
NP_416077.4	b1559	ydfT
NP_416078.4	b1560	ydfU
NP_416079.1	b1561	rem
NP_416080.1	b1562	hokD
NP_416081.1	b1563	relE
NP_416082.1	b1564	relB
NP_416083.1	b1565	ydfV
NP_416084.1	b1566	flxA
YP_009518792.1	b1567	ydfW
YP_009518793.1	b1568	ydfX
NP_416087.1	b1569	dicC
NP_416088.1	b1570	dicA
NP_416089.1	b1571	ydfA
NP_416090.2	b1572	ydfB
NP_416091.1	b1573	ydfC
NP_416092.1	b1575	dicB
NP_416093.1	b1576	ydfD
YP_009518794.1	b4534	ynfP
NP_416097.1	b1580	rspB
NP_416098.1	b1581	rspA
NP_416099.1	b1582	ynfA
NP_416100.1	b1583	ynfB
NP_416101.1	b1584	speG
NP_416102.2	b1585	ynfC
NP_416103.2	b1586	ynfD
NP_416104.1	b1587	ynfE
NP_416105.4	b1588	ynfF
NP_416106.1	b1589	ynfG
NP_416107.1	b1590	ynfH
NP_416108.2	b1591	dmsD
NP_416109.2	b1592	clcB
NP_416110.4	b1593	bidA
NP_416111.1	b1594	mlc
NP_416112.1	b1595	ynfL
NP_416113.1	b1596	ynfM
NP_416114.2	b1597	asr
YP_001165320.1	b4601	ydgU
NP_416115.1	b1598	ydgD
NP_416116.1	b1599	mdtI
NP_416117.1	b1600	mdtJ
YP_010051187.1	b4777	mdtU
NP_416118.1	b1601	tqsA
NP_416119.1	b1602	pntB
NP_416120.1	b1603	pntA
NP_416121.1	b1604	ydgH
NP_416122.1	b1605	ydgI
NP_416123.1	b1606	folM
NP_416124.1	b1607	ydgC
NP_416125.2	b1608	rstA
NP_416126.1	b1609	rstB
NP_416127.1	b1610	tus
NP_416128.1	b1611	fumC
NP_416129.1	b1612	fumA
NP_416130.3	b1613	manA
NP_416131.1	b1614	ydgA
NP_416132.2	b1615	uidC
NP_416133.1	b1616	uidB
NP_416134.1	b1617	uidA
NP_416135.1	b1618	uidR
NP_416136.1	b1619	hdhA
NP_416137.1	b1620	malI
NP_416138.1	b1621	malX
NP_416139.1	b1622	malY
NP_416140.1	b1623	add
NP_416141.4	b1624	ydgJ
YP_025303.1	b4409	blr
NP_416142.1	b1625	cnu
NP_416143.2	b1626	ydgK
NP_416144.1	b1627	rsxA
NP_416145.1	b1628	rsxB
NP_416146.1	b1629	rsxC
NP_416147.1	b1630	rsxD
NP_416148.1	b1631	rsxG
NP_416149.1	b1632	rsxE
NP_416150.1	b1633	nth
NP_416151.1	b1634	dtpA
NP_416152.1	b1635	gstA
NP_416153.1	b1636	pdxY
NP_416154.1	b1637	tyrS
NP_416155.1	b1638	pdxH
NP_416156.4	b1639	mliC
NP_416157.1	b1640	anmK
YP_025304.1	b1641	slyB
NP_416159.2	b1642	slyA
NP_416160.1	b1643	ydhI
NP_416161.4	b1644	ydhJ
NP_416162.1	b1645	ydhK
NP_416163.1	b1646	sodC
YP_025305.1	b1647	ydhF
NP_416165.2	b1648	ydhL
NP_416166.3	b1649	nemR
NP_416167.1	b1650	nemA
NP_416168.1	b1651	gloA
NP_416169.1	b1652	rnt
NP_416170.1	b1653	lhr
NP_416171.1	b1654	grxD
NP_416172.1	b1655	mepH
NP_416173.1	b1656	sodB
NP_416174.1	b1657	ydhP
YP_001165321.1	b4602	cydH
NP_416175.1	b1658	purR
NP_416176.1	b1659	punR
YP_025306.1	b1660	punC
NP_416178.1	b1661	cfa
NP_416179.1	b1662	ribC
YP_025307.1	b1663	mdtK
NP_416181.1	b1664	ydhQ
NP_416182.1	b1667	ydhR
NP_416183.1	b1668	ydhS
NP_416184.1	b1669	ydhT
NP_416185.1	b1670	ydhU
NP_416186.4	b1671	ydhX
NP_416187.1	b1672	ydhW
NP_416188.1	b1673	ydhV
NP_416189.1	b1674	ydhY
NP_416190.1	b1675	fumD
YP_010283910.1	b4817	ynhH
NP_416191.1	b1676	pykF
NP_416192.1	b1677	lpp
NP_416193.1	b1678	ldtE
NP_416194.1	b1679	sufE
NP_416195.1	b1680	sufS
NP_416196.1	b1681	sufD
NP_416197.1	b1682	sufC
NP_416198.2	b1683	sufB
NP_416199.1	b1684	sufA
NP_416200.2	b1685	ydiH
NP_416201.1	b1686	menI
NP_416202.1	b1687	ydiJ
NP_416203.1	b1688	ydiK
NP_416204.2	b1689	ydiL
NP_416205.1	b1690	ydiM
NP_416206.6	b1691	ydiN
NP_416207.1	b1692	ydiB
NP_416208.1	b1693	aroD
NP_416209.1	b1694	ydiF
NP_416210.4	b1695	ydiO
NP_416211.1	b1696	ydiP
NP_416212.1	b1697	ydiQ
NP_416213.1	b1698	ydiR
NP_416214.1	b1699	ydiS
NP_416215.1	b1700	ydiT
NP_416216.5	b1701	fadK
NP_416217.1	b1702	ppsA
NP_416218.1	b1703	ppsR
NP_416219.1	b1704	aroH
NP_416220.1	b1705	ydiE
NP_416221.1	b1706	selO
NP_416222.1	b1707	rflP
NP_416223.1	b1708	nlpC
NP_416224.1	b1709	btuD
NP_416225.1	b1710	btuE
NP_416226.1	b1711	btuC
NP_416227.1	b1712	ihfA
NP_416228.1	b1713	pheT
NP_416229.1	b1714	pheS
NP_416230.1	b1715	pheM
NP_416231.1	b1716	rplT
NP_416232.3	b1717	rpmI
NP_416233.1	b1718	infC
NP_416234.1	b1719	thrS
YP_588455.2	b4535	yniD
NP_416236.1	b1722	ydiY
NP_416237.3	b1723	pfkB
NP_416238.1	b1724	ydiZ
NP_416239.1	b1725	yniA
NP_416240.1	b1726	yniB
NP_416241.1	b1727	hxpB
NP_416242.6	b1728	ydjM
NP_416243.1	b1729	tcyP
NP_416244.2	b1730	ydjO
NP_416245.2	b1731	cedA
YP_025308.1	b1732	katE
NP_416247.1	b1733	chbG
NP_416248.1	b1734	chbF
NP_416249.1	b1735	chbR
NP_416250.1	b1736	chbA
NP_416251.1	b1737	chbC
NP_416252.1	b1738	chbB
NP_416253.1	b1739	osmE
NP_416254.1	b1740	nadE
NP_416255.1	b1741	cho
NP_416256.2	b1742	ves
NP_416257.1	b1743	spy
NP_416258.1	b1744	astE
NP_416259.1	b1745	astB
NP_416260.1	b1746	astD
NP_416261.1	b1747	astA
NP_416262.1	b1748	astC
NP_416263.1	b1749	xthA
NP_416264.4	b1750	ydjX
NP_416265.4	b1751	ydjY
NP_416266.1	b1752	ydjZ
NP_416267.1	b1753	ynjA
NP_416268.2	b1754	ynjB
NP_416269.4	b1755	ynjC
NP_416270.1	b1756	ynjD
NP_416271.4	b1757	ynjE
NP_416272.2	b1758	ynjF
NP_416273.1	b1759	nudG
NP_416274.1	b1760	ynjH
NP_416275.1	b1761	gdhA
NP_416276.4	b1762	ynjI
NP_416277.1	b1763	topB
NP_416278.1	b1764	selD
NP_416279.1	b1765	ydjA
NP_416280.1	b1766	sppA
NP_416281.1	b1767	ansA
NP_416282.4	b1768	pncA
NP_416283.1	b1769	ydjE
NP_416284.1	b1770	ydjF
NP_416285.1	b1771	ydjG
NP_416286.4	b1772	ydjH
NP_416287.1	b1773	ydjI
NP_416288.1	b1774	ydjJ
NP_416289.1	b1775	ydjK
NP_416290.1	b1776	ydjL
NP_416291.4	b1777	yeaC
NP_416292.1	b1778	msrB
NP_416293.1	b1779	gapA
NP_416294.4	b1780	yeaD
NP_416295.1	b1781	yeaE
NP_416296.1	b1782	mipA
NP_416297.1	b1783	yeaG
NP_416298.1	b1784	yeaH
NP_416299.1	b1785	cdgI
NP_416300.2	b1786	dgcJ
NP_416301.1	b1787	yeaK
NP_416302.2	b1788	yoaI
NP_416303.1	b1789	yeaL
NP_416304.1	b1790	nimR
NP_416305.1	b1791	nimT
NP_416306.2	b1792	yeaO
NP_416307.1	b1793	yoaF
NP_416308.4	b1794	dgcP
YP_002791242.1	b4676	yoaK
YP_002791243.1	b4675	yoaJ
NP_416309.1	b1795	yeaQ
NP_416310.1	b1796	yoaG
NP_416311.1	b1797	yeaR
NP_416312.1	b1798	leuE
NP_416313.4	b1799	dmlR
NP_416314.1	b1800	dmlA
NP_416315.1	b1801	yeaV
NP_416316.1	b1802	yeaW
NP_416317.1	b1803	yeaX
NP_416318.1	b1804	rnd
NP_416319.1	b1805	fadD
NP_416320.1	b1806	yeaY
NP_416321.1	b1807	tsaB
NP_416322.1	b1808	yoaA
NP_416323.4	b1809	yoaB
NP_416324.2	b1810	yoaC
NP_416325.1	b1811	yoaH
NP_416326.1	b1812	pabB
NP_416327.1	b1813	nudL
NP_416328.1	b1814	sdaA
NP_416329.4	b1815	pdeD
NP_416330.1	b1816	yoaE
YP_009518795.2	b4751	yoaL
NP_416331.1	b1817	manX
NP_416332.1	b1818	manY
NP_416333.4	b1819	manZ
NP_416334.1	b1820	yobD
NP_416335.4	b1821	mntP
NP_416336.1	b1822	rlmA
NP_416337.1	b1823	cspC
NP_416338.1	b1824	yobF
NP_416339.1	b1825	yebO
NP_416340.1	b1826	mgrB
YP_588456.1	b4536	yobH
NP_416341.1	b1827	kdgR
NP_416342.4	b1828	yebQ
NP_416343.1	b1829	htpX
NP_416344.1	b1830	prc
YP_026161.1	b1831	proQ
NP_416346.4	b1832	msrC
NP_416347.1	b1833	letA
NP_416348.2	b1834	letB
NP_416349.2	b1835	rsmF
NP_416350.4	b1836	yebV
NP_416351.2	b1837	yebW
NP_416352.4	b1838	pphA
NP_416353.1	b1839	yebY
NP_416354.1	b1840	yebZ
NP_416355.1	b1841	yobA
NP_416356.1	b1842	holE
NP_416357.1	b1843	yobB
NP_416358.1	b1844	exoX
NP_416359.1	b1845	ptrB
NP_416360.1	b1846	yebE
NP_416361.2	b1847	yebF
NP_416362.1	b1848	yebG
NP_416363.1	b1849	purT
NP_416364.1	b1850	eda
NP_416365.1	b1851	edd
NP_416366.1	b1852	zwf
NP_416367.1	b1853	yebK
NP_416368.1	b1854	pykA
NP_416369.1	b1855	lpxM
NP_416370.2	b1856	mepM
NP_416371.4	b1857	znuA
NP_416372.1	b1858	znuC
NP_416373.1	b1859	znuB
NP_416374.1	b1860	ruvB
NP_416375.1	b1861	ruvA
YP_002791244.1	b4677	yobI
NP_416376.2	b1862	yebB
NP_416377.1	b1863	ruvC
NP_416378.1	b1864	yebC
NP_416379.1	b1865	nudB
NP_416380.1	b1866	aspS
NP_416381.2	b1867	yecD
NP_416382.1	b1868	yecE
NP_416383.4	b1869	yecN
NP_416384.1	b1870	cmoA
NP_416385.1	b1871	cmoB
NP_416386.4	b1872	torZ
NP_416387.1	b1873	torY
YP_025309.2	b1874	cutC
NP_416389.4	b1875	yecM
NP_416390.1	b1876	argS
YP_010051188.1	b4778	yecV
NP_416391.4	b1877	yecT
NP_416392.1	b1878	flhE
NP_416393.1	b1879	flhA
NP_416394.1	b1880	flhB
NP_416395.1	b1881	cheZ
NP_416396.1	b1882	cheY
NP_416397.1	b1883	cheB
NP_416398.1	b1884	cheR
NP_416399.1	b1885	tap
NP_416400.1	b1886	tar
NP_416401.1	b1887	cheW
YP_010283911.1	b1888	cheA
NP_416402.2	b1888	cheA
NP_416403.1	b1889	motB
NP_416404.1	b1890	motA
NP_416405.1	b1891	flhC
NP_416406.4	b1892	flhD
NP_416407.1	b1893	insB5
NP_416408.1	b1894	insA5
NP_416409.1	b1895	uspC
NP_416410.1	b1896	otsA
NP_416411.1	b1897	otsB
YP_026162.2	b4460	araH
NP_416413.1	b1900	araG
NP_416414.1	b1901	araF
NP_416415.1	b1902	ftnB
NP_416416.2	b4537	yecJ
YP_002791245.1	b4663	azuC
NP_416417.1	b1904	yecR
NP_416418.1	b1905	ftnA
NP_416419.1	b1906	yecH
NP_416420.1	b1907	tyrP
NP_416421.1	b1908	yecA
NP_416422.1	b1912	pgsA
NP_416423.4	b1913	uvrC
NP_416424.1	b1914	uvrY
YP_009518796.1	b4752	yecU
NP_416425.1	b1915	yecF
NP_416426.1	b1916	sdiA
NP_416427.1	b1917	tcyN
NP_416428.1	b1918	tcyL
NP_416429.4	b1919	dcyD
NP_416430.1	b1920	tcyJ
NP_416431.2	b1921	fliZ
NP_416432.3	b1922	fliA
NP_416433.1	b1923	fliC
NP_416434.1	b1924	fliD
NP_416435.1	b1925	fliS
NP_416436.1	b1926	fliT
NP_416437.1	b1927	amyA
NP_416438.1	b1928	yedD
NP_416439.1	b1929	yedE
NP_416440.1	b1930	yedF
YP_025310.1	b1931	yedK
NP_416442.1	b1932	yedL
NP_416447.1	b1937	fliE
NP_416448.1	b1938	fliF
NP_416449.1	b1939	fliG
NP_416450.2	b1940	fliH
NP_416451.1	b1941	fliI
NP_416452.1	b1942	fliJ
NP_416453.1	b1943	fliK
NP_416454.1	b1944	fliL
NP_416455.1	b1945	fliM
NP_416456.1	b1946	fliN
NP_416457.4	b1947	fliO
NP_416458.1	b1948	fliP
NP_416459.1	b1949	fliQ
NP_416460.1	b1950	fliR
NP_416461.1	b1951	rcsA
NP_416462.1	b1952	dsrB
NP_416463.4	b1953	yodD
NP_416464.1	b1955	yedP
NP_416465.2	b1956	dgcQ
NP_416466.1	b1957	yodC
NP_416467.1	b1958	yedI
NP_416468.1	b1959	yedA
NP_416469.1	b1960	vsr
NP_416470.1	b1961	dcm
NP_416471.1	b1962	yedJ
NP_416472.3	b1963	drpB
NP_416476.1	b1967	hchA
NP_416477.1	b1968	hprS
NP_416478.2	b1969	hprR
NP_416479.1	b1970	hiuH
NP_416480.1	b1971	msrP
NP_416481.1	b1972	msrQ
NP_416482.1	b1973	zinT
NP_416483.4	b1974	yodB
NP_416484.2	b1976	mtfA
NP_416485.5	b1978	yeeJ
NP_416488.1	b1981	shiA
NP_416489.1	b1982	amn
NP_416490.1	b1983	yeeN
NP_416491.3	b1985	yeeO
NP_416492.1	b1987	cbl
NP_416493.1	b1988	nac
NP_416494.1	b1990	ldtA
NP_416495.1	b1991	cobT
NP_416496.1	b1992	cobS
NP_416497.1	b1993	cobU
NP_416498.2	b1994	insH6
NP_416500.1	b1996	insD3
YP_026163.2	b1997	insC3
YP_026164.1	b2000	flu
NP_416505.2	b2001	yeeR
NP_416506.1	b2002	yeeS
NP_416507.1	b2003	yeeT
NP_416508.1	b2004	cbeA
NP_416509.1	b2005	cbtA
YP_009518797.1	b2006	yeeW
YP_009518798.1	b4538	yoeF
NP_416511.4	b2007	tmaR
YP_010283912.1	b4818	yoeJ
NP_416512.1	b2008	yeeA
NP_416513.1	b2009	sbmC
NP_416514.4	b2010	dacD
NP_416515.1	b2011	sbcB
NP_416516.1	b2012	tsuB
NP_416517.1	b2013	tsuA
NP_416518.2	b2014	plaP
YP_002791246.1	b4678	yoeI
NP_416519.4	b2015	yeeY
NP_416520.1	b2016	yeeZ
YP_588458.1	b4539	yoeB
NP_416521.2	b2017	yefM
NP_416522.1	b2018	hisL
NP_416523.1	b2019	hisG
NP_416524.1	b2020	hisD
NP_416525.1	b2021	hisC
NP_416526.4	b2022	hisB
NP_416527.1	b2023	hisH
NP_416528.2	b2024	hisA
NP_416529.1	b2025	hisF
NP_416530.1	b2026	hisI
NP_416531.4	b2027	wzzB
NP_416532.1	b2028	ugd
NP_416533.1	b2029	gnd
NP_415847.2	b2030	insH7
NP_416536.1	b2032	wbbK
NP_416537.1	b2033	wbbJ
NP_416538.1	b2034	wbbI
NP_416539.1	b2035	wbbH
NP_416540.1	b2036	glf
NP_416541.1	b2037	rfbX
NP_416542.1	b2038	rfbC
NP_416543.1	b2039	rfbA
NP_416544.1	b2040	rfbD
NP_416545.1	b2041	rfbB
NP_416546.1	b2042	galF
NP_416547.1	b2043	wcaM
NP_416548.1	b2044	wcaL
NP_416549.1	b2045	wcaK
NP_416550.1	b2046	wzxC
NP_416551.1	b2047	wcaJ
NP_416552.1	b2048	cpsG
NP_416553.1	b2049	cpsB
NP_416554.1	b2050	wcaI
NP_416555.2	b2051	gmm
NP_416556.1	b2052	fcl
NP_416557.1	b2053	gmd
NP_416558.1	b2054	wcaF
NP_416559.1	b2055	wcaE
NP_416560.1	b2056	wcaD
NP_416561.1	b2057	wcaC
NP_416562.1	b2058	wcaB
NP_416563.1	b2059	wcaA
NP_416564.4	b2060	wzc
NP_416565.1	b2061	wzb
NP_416566.1	b2062	wza
NP_416567.4	b2063	yegH
NP_416568.1	b2064	asmA
NP_416569.1	b2065	dcd
NP_416570.2	b2066	udk
NP_416571.1	b2067	dgcE
NP_416572.1	b2068	alkA
NP_416573.4	b2069	yegD
NP_416574.1	b2070	yegI
NP_416575.1	b2071	yegJ
NP_416576.1	b2072	pphC
NP_416577.1	b2073	yegL
YP_002791247.1	b4667	ibsA
YP_002791248.1	b4668	ibsB
NP_416578.2	b2074	mdtA
NP_416579.1	b2075	mdtB
NP_416580.1	b2076	mdtC
NP_416581.1	b2077	mdtD
NP_416582.1	b2078	baeS
NP_416583.1	b2079	baeR
NP_416584.4	b2080	yegP
NP_416585.1	b2081	trhP
NP_416586.1	b2082	ogrK
NP_416589.2	b2085	yegR
NP_416590.1	b2086	yegS
NP_416592.2	b2088	insE5
NP_416593.1	b2089	insF5
NP_416594.1	b2091	gatD
NP_416596.1	b2093	gatB
NP_416597.1	b2094	gatA
NP_416598.1	b2095	gatZ
NP_416599.2	b2096	gatY
NP_416600.4	b2097	fbaB
NP_416601.1	b2098	yegT
NP_416602.1	b2099	yegU
NP_416603.1	b2100	yegV
NP_416604.1	b2101	yegW
NP_416605.2	b2102	yegX
NP_416606.1	b2103	thiD
NP_416607.1	b2104	thiM
NP_416608.1	b2105	rcnR
NP_416609.1	b2106	rcnA
NP_416610.4	b2107	rcnB
NP_416611.1	b2108	yehA
NP_416612.1	b2109	yehB
NP_416613.1	b2110	yehC
NP_416614.1	b2111	yehD
NP_416615.1	b2112	yehE
NP_416616.4	b2113	mrp
NP_416617.1	b2114	metG
YP_009518799.1	b2115	yehF
NP_416621.1	b2118	yehI
YP_588459.1	b4541	yehK
NP_416623.2	b2119	yehL
NP_416624.1	b2120	yehM
NP_416625.1	b2121	yehP
YP_009518800.1	b2122	yehQ
NP_416627.2	b2123	yehR
NP_416628.1	b2124	yehS
NP_416629.4	b2125	btsR
NP_416630.1	b2126	btsS
NP_416631.1	b2127	mlrA
YP_588460.1	b4542	yohO
NP_416632.1	b2128	yehW
NP_416633.1	b2129	yehX
NP_416634.1	b2130	yehY
NP_416635.1	b2131	osmF
NP_416636.1	b2132	bglX
NP_416637.1	b2133	dld
NP_416638.4	b2134	pbpG
NP_416639.2	b2135	yohC
NP_416640.2	b2136	yohD
NP_416641.1	b2137	yohF
YP_002791249.1	b4679	yohP
NP_416645.1	b2140	dusC
NP_416646.1	b2141	yohJ
NP_416647.1	b2142	yohK
NP_416648.1	b2143	cdd
NP_416649.1	b2144	sanA
NP_416650.1	b2145	yeiS
NP_416651.1	b2146	preT
NP_416652.4	b2147	preA
NP_416653.1	b2148	mglC
NP_416654.1	b2149	mglA
NP_416655.1	b2150	mglB
NP_416656.1	b2151	galS
NP_416657.1	b2152	yeiB
NP_416658.1	b2153	folE
NP_416659.1	b2154	yeiG
NP_416660.1	b2155	cirA
NP_416661.1	b2156	lysP
NP_416662.1	b2157	yeiE
NP_416663.1	b2158	yeiH
NP_416664.1	b2159	nfo
NP_416665.1	b2160	yeiI
NP_416666.1	b2161	nupX
NP_416667.1	b2162	rihB
NP_416668.3	b2163	yeiL
NP_416669.1	b2164	psuT
NP_416670.1	b2165	psuG
NP_416671.1	b2166	psuK
NP_416672.1	b2167	fruA
NP_416673.1	b2168	fruK
NP_416674.1	b2169	fruB
NP_416675.1	b2170	setB
YP_588461.1	b4502	yeiW
NP_416676.4	b2171	yeiP
NP_416677.1	b2172	yeiQ
NP_416678.1	b2173	yeiR
NP_416679.4	b2174	lpxT
NP_416680.1	b2175	mepS
NP_416681.1	b2176	pdeN
NP_416682.4	b2177	yejA
NP_416683.1	b2178	yejB
NP_416684.1	b2179	yejE
NP_416685.1	b2180	yejF
NP_416686.1	b2181	yejG
NP_416687.1	b2182	bcr
NP_416688.1	b2183	rsuA
NP_416689.1	b2184	radD
NP_416690.1	b2185	rplY
NP_416691.1	b2186	yejK
NP_416692.1	b2187	yejL
NP_416693.1	b2188	lapC
NP_416535.2	b2192	insH8
NP_416697.1	b2193	narP
NP_416698.1	b2194	ccmH
NP_416699.1	b2195	ccmG
NP_416700.1	b2196	ccmF
NP_416701.1	b2197	ccmE
NP_416702.1	b2198	ccmD
NP_416703.1	b2199	ccmC
NP_416704.1	b2200	ccmB
NP_416705.2	b2201	ccmA
NP_416706.1	b2202	napC
NP_416707.4	b2203	napB
NP_416708.1	b2204	napH
NP_416709.1	b2205	napG
NP_416710.1	b2206	napA
NP_416711.1	b2207	napD
NP_416712.1	b2208	napF
YP_009518801.1	b4604	yojO
NP_416713.1	b2209	eco
NP_416714.1	b2210	mqo
NP_416715.1	b2211	yojI
NP_416716.1	b2212	alkB
NP_416717.1	b2213	ada
NP_416718.1	b2214	ftp
NP_416719.1	b2215	ompC
NP_416720.1	b2216	rcsD
NP_416721.1	b2217	rcsB
NP_416722.2	b2218	rcsC
NP_416723.1	b2219	atoS
NP_416724.1	b2220	atoC
NP_416725.1	b2221	atoD
NP_416726.1	b2222	atoA
NP_416727.1	b2223	atoE
NP_416728.1	b2224	atoB
NP_416729.1	b2225	yfaP
NP_416730.1	b2226	yfaQ
NP_416732.4	b2229	yfaT
NP_416733.4	b2230	yfaA
NP_416734.1	b2231	gyrA
NP_416735.1	b2232	ubiG
NP_416736.1	b2233	yfaL
YP_009518802.1	b4605	ypaB
NP_416737.1	b2234	nrdA
YP_010051189.1	b4779	yoaM
NP_416738.1	b2235	nrdB
NP_416739.1	b2236	yfaE
NP_416740.1	b2237	inaA
NP_416742.1	b2239	glpQ
NP_416743.1	b2240	glpT
NP_416744.1	b2241	glpA
NP_416745.1	b2242	glpB
NP_416746.1	b2243	glpC
NP_416747.1	b2244	rpnE
NP_416748.1	b2245	yfaU
NP_416749.4	b2246	yfaV
NP_416750.2	b2247	rhmD
NP_416751.1	b2248	yfaX
NP_416752.1	b2249	yfaY
NP_416753.4	b2250	yfaZ
NP_416754.1	b2251	nudI
NP_416755.1	b2252	ais
NP_416756.6	b2253	arnB
NP_416757.1	b2254	arnC
NP_416758.1	b2255	arnA
NP_416759.1	b2256	arnD
NP_416760.1	b2257	arnT
YP_588462.1	b4544	arnE
NP_416761.4	b2258	arnF
NP_416762.2	b2259	pmrD
NP_416763.1	b2260	menE
NP_416764.1	b2261	menC
NP_416765.1	b2262	menB
NP_416766.1	b2263	menH
NP_416767.1	b2264	menD
NP_416768.4	b2265	menF
NP_416769.1	b2266	elaB
NP_416770.1	b2267	elaA
NP_416771.4	b2268	rbn
NP_416772.1	b2269	elaD
NP_416773.1	b2270	yfbK
NP_416774.2	b2271	yfbL
NP_416775.1	b2272	yfbM
NP_416776.1	b2273	yfbN
NP_416777.2	b2274	yfbO
NP_416778.2	b2275	yfbP
NP_416779.2	b2276	nuoN
NP_416780.1	b2277	nuoM
NP_416781.1	b2278	nuoL
NP_416782.1	b2279	nuoK
NP_416783.1	b2280	nuoJ
NP_416784.1	b2281	nuoI
NP_416785.1	b2282	nuoH
NP_416786.4	b2283	nuoG
NP_416787.1	b2284	nuoF
NP_416788.1	b2285	nuoE
NP_416789.2	b2286	nuoC
NP_416790.1	b2287	nuoB
NP_416791.3	b2288	nuoA
NP_416792.1	b2289	lrhA
NP_416793.1	b2290	alaA
NP_416794.1	b2291	yfbR
NP_416795.1	b2292	yfbS
NP_416796.2	b2293	hxpA
NP_416797.2	b2294	yfbU
NP_416798.1	b2295	yfbV
NP_416799.1	b2296	ackA
NP_416800.1	b2297	pta
NP_416801.2	b2298	yfcC
NP_416802.1	b2299	yfcD
NP_416803.3	b2300	yfcE
NP_416804.1	b2301	yfcF
NP_416805.1	b2302	yfcG
NP_416806.1	b2303	folX
NP_416807.1	b2304	yfcH
NP_416808.1	b2305	rpnB
NP_416809.1	b2306	hisP
NP_416810.1	b2307	hisM
NP_416811.1	b2308	hisQ
NP_416812.1	b2309	hisJ
NP_416813.1	b2310	argT
NP_416814.1	b2311	ubiX
NP_416815.1	b2312	purF
NP_416816.1	b2313	cvpA
NP_416817.2	b2314	dedD
NP_416818.1	b2315	folC
NP_416819.1	b2316	accD
NP_416820.1	b2317	dedA
NP_416821.1	b2318	truA
NP_416822.1	b2319	usg
NP_416823.1	b2320	pdxB
NP_416824.1	b2321	flk
NP_416825.1	b2322	yfcJ
NP_416826.1	b2323	fabB
NP_416827.4	b2324	mnmC
NP_416828.1	b2325	yfcL
NP_416829.1	b2326	epmC
NP_416830.1	b2327	yfcA
NP_416831.1	b2328	mepA
NP_416832.1	b2329	aroC
NP_416833.4	b2330	prmB
NP_416834.1	b2331	smrB
NP_416835.2	b2332	yfcO
NP_416836.1	b2333	yfcP
NP_416837.1	b2334	yfcQ
NP_416838.1	b2335	yfcR
NP_416839.1	b2336	yfcS
NP_416841.1	b2339	yfcV
NP_416842.1	b2340	sixA
NP_416843.1	b2341	fadJ
NP_416844.1	b2342	fadI
NP_416845.2	b2343	yfcZ
NP_416846.2	b2344	fadL
NP_416847.1	b2345	yfdF
NP_416848.1	b2346	mlaA
NP_416849.1	b2347	yfdC
NP_416850.1	b2349	intS
NP_416851.1	b2350	yfdG
NP_416852.1	b2351	yfdH
NP_416853.1	b2352	yfdI
YP_010051190.1	b4780	yodE
NP_416855.1	b2354	yfdK
YP_009518803.1	b2356	yfdM
NP_416858.1	b2357	yfdN
YP_009518804.1	b2358	yfdO
NP_416860.4	b2359	yfdP
NP_416861.1	b2360	yfdQ
NP_416862.2	b2361	yfdR
NP_416863.1	b2362	yfdS
NP_416864.1	b2363	yfdT
YP_009518805.1	b4545	ypdJ
YP_588463.1	b4501	torI
NP_416865.1	b2364	dsdC
NP_416866.1	b2365	dsdX
NP_416867.1	b2366	dsdA
NP_416868.1	b2367	emrY
NP_416869.1	b2368	emrK
YP_010051191.1	b4781	evgL
NP_416870.1	b2369	evgA
NP_416871.1	b2370	evgS
NP_416872.4	b2371	yfdE
NP_416873.1	b2372	yfdV
NP_416874.1	b2373	oxc
NP_416875.1	b2374	frc
NP_416876.1	b2375	yfdX
NP_416877.1	b2376	ypdI
NP_416878.1	b2377	yfdY
NP_416879.4	b2378	lpxP
YP_002791250.1	b4680	ypdK
NP_416880.1	b2379	alaC
NP_416881.1	b2380	pyrS
NP_416882.1	b2381	pyrR
NP_416883.1	b2382	ypdC
NP_416884.1	b2383	fryA
NP_416885.1	b2384	ypdE
NP_416886.1	b2385	ypdF
NP_416887.1	b2386	fryC
NP_416888.1	b2387	fryB
NP_416889.1	b2388	glk
NP_416890.1	b2389	yfeO
NP_416891.1	b2390	ypeC
NP_416893.1	b2392	mntH
YP_010283913.1	b4819	ypeD
NP_416894.1	b2393	nupC
NP_416895.2	b2394	insL3
NP_416896.4	b2395	pdeA
NP_416897.2	b2398	yfeC
NP_416898.3	b2399	yfeD
NP_416899.1	b2400	gltX
NP_416900.1	b2405	xapR
NP_416901.1	b2406	xapB
NP_416902.1	b2407	xapA
NP_416903.1	b2408	yfeN
NP_416904.1	b2409	yfeR
NP_416905.1	b2410	yfeH
YP_588464.1	b4546	ypeB
NP_416906.1	b2411	ligA
NP_416907.1	b2412	zipA
NP_416908.1	b2413	cysZ
NP_416909.1	b2414	cysK
NP_416910.1	b2415	ptsH
NP_416911.1	b2416	ptsI
NP_416912.1	b2417	crr
NP_416913.1	b2418	pdxK
NP_416914.1	b2419	yfeK
NP_416915.1	b2420	yfeS
NP_416916.1	b2421	cysM
NP_416917.1	b2422	cysA
YP_026168.2	b2423	cysW
NP_416919.1	b2424	cysU
NP_416920.1	b2425	cysP
NP_416921.4	b2426	ucpA
NP_416922.1	b2427	murR
NP_416923.1	b2428	murQ
NP_416924.1	b2429	murP
NP_416925.2	b2430	yfeW
NP_416926.4	b2431	yfeX
NP_416927.1	b2432	yfeY
NP_416928.4	b2433	yfeZ
NP_416929.4	b2434	ypeA
NP_416930.1	b2435	amiA
NP_416931.1	b2436	hemF
NP_416932.1	b2437	eutR
NP_416933.4	b2438	eutK
NP_416934.1	b2439	eutL
NP_416935.1	b2440	eutC
NP_416936.4	b2441	eutB
NP_416937.2	b2442	intZ
NP_416938.1	b2443	yffL
NP_416939.1	b2444	yffM
NP_416940.2	b2445	yffN
NP_416941.1	b2446	yffO
NP_416942.1	b2447	yffP
NP_416943.2	b2448	yffQ
NP_416944.1	b2449	yffR
NP_416945.2	b2450	yffS
NP_416946.1	b2451	eutA
NP_416947.1	b2452	eutH
NP_416948.4	b2453	eutG
NP_416949.1	b2454	eutJ
NP_416950.1	b2455	eutE
NP_416951.1	b2456	eutN
NP_416952.2	b2457	eutM
NP_416953.1	b2458	eutD
NP_416954.1	b2459	eutT
NP_416955.1	b2460	eutQ
NP_416956.1	b2461	eutP
NP_416957.4	b2462	eutS
NP_416958.1	b2463	maeB
NP_416959.1	b2464	talA
NP_416960.1	b2465	tktB
NP_416961.1	b2466	ypfG
NP_416962.1	b2467	nudK
NP_416963.1	b2468	aegA
NP_416964.1	b2469	narQ
NP_416965.1	b2470	acrD
YP_001165325.1	b4606	ypfM
NP_416966.1	b2471	yffB
NP_416967.1	b2472	dapE
YP_588465.1	b4547	ypfN
NP_416968.2	b2473	ypfH
NP_416969.1	b2474	tmcA
NP_416970.1	b2475	ypfJ
NP_416971.1	b2476	purC
NP_416972.4	b2477	bamC
NP_416973.1	b2478	dapA
NP_416974.4	b2479	gcvR
NP_416975.1	b2480	bcp
NP_416976.4	b2481	hyfA
NP_416977.1	b2482	hyfB
NP_416978.4	b2483	hyfC
NP_416979.1	b2484	hyfD
NP_416980.1	b2485	hyfE
NP_416981.1	b2486	hyfF
NP_416982.1	b2487	hyfG
NP_416983.1	b2488	hyfH
NP_416984.1	b2489	hyfI
NP_416985.4	b2490	hyfJ
NP_416986.4	b2491	hyfR
NP_416987.1	b2492	focB
NP_416988.1	b2493	yfgO
NP_416989.1	b2494	bepA
NP_416990.1	b2495	yfgD
NP_416991.2	b2496	hda
NP_416992.1	b2497	uraA
NP_416993.2	b2498	upp
NP_416994.1	b2499	purM
NP_416995.1	b2500	purN
NP_416996.1	b2501	ppk
NP_416997.1	b2502	ppx
NP_416998.1	b2503	pdeF
NP_416999.1	b2504	yfgG
NP_417000.1	b2505	yfgH
NP_417001.1	b2506	yfgI
NP_417002.1	b2507	guaA
NP_417003.1	b2508	guaB
NP_417004.1	b2509	xseA
NP_417005.2	b2510	yfgJ
NP_417006.2	b2511	der
NP_417007.1	b2512	bamB
NP_417008.1	b2513	yfgM
NP_417009.1	b2514	hisS
NP_417010.1	b2515	ispG
NP_417011.1	b2516	rodZ
NP_417012.1	b2517	rlmN
NP_417013.1	b2518	ndk
NP_417014.1	b2519	pbpC
NP_417015.1	b2520	yfhM
NP_417016.4	b2521	sseA
YP_010283914.1	b4812	timP
NP_417017.4	b2522	sseB
NP_417018.4	b2523	pepB
NP_417019.1	b2524	iscX
NP_417020.1	b2525	fdx
NP_417021.1	b2526	hscA
NP_417022.1	b2527	hscB
NP_417023.1	b2528	iscA
NP_417024.1	b2529	iscU
YP_026169.1	b2530	iscS
NP_417026.1	b2531	iscR
NP_417027.1	b2532	trmJ
NP_417028.1	b2533	suhB
NP_417029.4	b2534	yfhR
NP_417030.2	b2535	csiE
NP_417031.1	b2536	hcaT
NP_417032.1	b2537	hcaR
YP_008592385.1	b4706	iroK
NP_417033.1	b2538	hcaE
NP_417034.1	b2539	hcaF
NP_417035.1	b2540	hcaC
NP_417036.1	b2541	hcaB
NP_417037.1	b2542	hcaD
NP_417038.4	b2543	yphA
NP_417039.1	b2544	yphB
NP_417040.2	b2545	yphC
NP_417041.1	b2546	yphD
NP_417042.1	b2547	yphE
NP_417043.1	b2548	yphF
NP_417044.4	b2549	yphG
NP_417045.4	b2550	yphH
NP_417046.1	b2551	glyA
NP_417047.1	b2552	hmp
NP_417048.1	b2553	glnB
NP_417049.1	b2554	glrR
NP_417050.1	b2555	qseG
NP_417051.2	b2556	glrK
YP_026170.1	b2557	purL
NP_417053.2	b2558	mltF
NP_417054.2	b2559	tadA
NP_417055.4	b2560	pgpC
NP_417056.2	b2561	yfhH
NP_417057.1	b2562	yfhL
YP_002791251.1	b4687	shoB
NP_417058.1	b2563	acpS
NP_417059.1	b2564	pdxJ
NP_417060.1	b2565	recO
NP_417061.1	b2566	era
NP_417062.1	b2567	rnc
NP_417063.1	b2568	lepB
NP_417064.1	b2569	lepA
NP_417065.1	b2570	rseC
NP_417066.1	b2571	rseB
NP_417067.1	b2572	rseA
NP_417068.1	b2573	rpoE
YP_009518806.1	b4725	rseD
NP_417069.1	b2574	nadB
NP_417070.2	b2575	yfiC
NP_417071.1	b2576	srmB
NP_417072.4	b2577	yfiE
NP_417073.1	b2578	eamB
NP_417074.1	b2579	grcA
NP_417075.1	b2580	ung
NP_417076.1	b2581	yfiF
NP_417077.1	b2582	trxC
NP_417078.4	b2583	tapT
NP_417079.1	b2584	patZ
YP_010051192.1	b4782	pssL
NP_417080.4	b2585	pssA
NP_417081.2	b2586	yfiM
NP_417082.1	b2587	kgtP
YP_010051193.1	b4783	yfiS
NP_417083.1	b2592	clpB
YP_010051194.1	b2592	clpB
NP_417084.1	b2593	yfiH
NP_417085.1	b2594	rluD
NP_417086.1	b2595	bamD
NP_417088.1	b2597	raiA
NP_417089.1	b2598	pheL
NP_417090.1	b2599	pheA
NP_417091.1	b2600	tyrA
NP_417092.1	b2601	aroF
NP_417093.2	b2602	yfiL
NP_417094.1	b2603	yfiR
NP_417095.1	b2604	dgcN
NP_417096.1	b2605	yfiB
NP_417097.1	b2606	rplS
NP_417098.1	b2607	trmD
NP_417099.4	b2608	rimM
NP_417100.1	b2609	rpsP
NP_417101.1	b2610	ffh
NP_417102.4	b2611	ypjD
YP_026171.3	b4461	yfjD
NP_417104.1	b2614	grpE
NP_417105.1	b2615	nadK
YP_026172.1	b2616	recN
NP_417107.2	b2617	bamE
NP_417108.4	b2618	yfjF
NP_417109.1	b2619	ratA
NP_417110.1	b2620	smpB
NP_417111.1	b2622	intA
NP_417112.1	b2623	yfjH
NP_417113.1	b2624	alpA
NP_417114.1	b2625	yfjI
NP_417115.1	b2626	yfjJ
NP_417116.1	b2627	abpB
NP_417117.1	b2628	abpA
NP_417118.1	b2629	yfjM
NP_417119.1	b2630	rnlA
NP_417120.2	b2631	rnlB
YP_026173.1	b2632	yfjP
NP_417122.1	b2633	yfjQ
NP_417123.1	b2634	yfjR
YP_026174.2	b2635	ypjK
NP_417124.4	b2636	yfjS
NP_417125.1	b2637	yfjT
YP_009518807.1	b2638	yfjU
NP_417129.1	b2642	yfjW
NP_417130.1	b2643	lfgA
NP_417131.1	b2644	lfgB
YP_588466.1	b4548	ypjJ
NP_417132.1	b2645	yfjZ
NP_417133.1	b2646	ypjF
NP_417134.2	b2647	ypjA
YP_009518808.1	b2649	ypjB
YP_009518809.1	b2650	ypjC
NP_417145.4	b2659	glaH
NP_417146.2	b2660	lhgD
NP_417147.1	b2661	gabD
NP_417148.1	b2662	gabT
NP_417149.1	b2663	gabP
NP_417150.4	b2664	glaR
NP_417151.1	b2665	kbp
NP_417152.1	b2666	yqaE
NP_417153.1	b2667	ygaV
NP_417154.1	b2668	ygaP
NP_417155.1	b2669	stpA
NP_417156.1	b2670	alaE
NP_417157.1	b2671	ygaC
NP_417158.4	b2672	ygaM
NP_417159.1	b2673	nrdH
NP_417160.1	b2674	nrdI
NP_417161.1	b2675	nrdE
NP_417162.1	b2676	nrdF
NP_417163.1	b2677	proV
NP_417164.1	b2678	proW
NP_417165.1	b2679	proX
NP_417167.1	b2682	ygaZ
NP_417168.1	b2683	ygaH
NP_417169.1	b2684	mprA
NP_417170.1	b2685	emrA
NP_417171.1	b2686	emrB
NP_417172.1	b2687	luxS
NP_417173.1	b2688	gshA
NP_417174.1	b2689	yqaA
NP_417175.1	b2690	yqaB
NP_417176.1	b2696	csrA
NP_417177.1	b2697	alaS
NP_417178.1	b2698	recX
NP_417179.1	b2699	recA
NP_417180.1	b2700	pncC
NP_417181.1	b2701	mltB
YP_026180.1	b2702	srlA
YP_026181.1	b2703	srlE
NP_417184.1	b2704	srlB
NP_417185.1	b2705	srlD
NP_417186.1	b2706	gutM
NP_417187.1	b2707	srlR
NP_417188.4	b2708	gutQ
NP_417189.2	b2709	norR
NP_417190.1	b2710	norV
NP_417191.1	b2711	norW
NP_417192.1	b2712	hypF
NP_417193.1	b2713	hydN
NP_417194.2	b2714	ascG
YP_026182.1	b2715	ascF
NP_417196.1	b2716	ascB
NP_417197.1	b2717	hycI
NP_417198.1	b2718	hycH
NP_417199.1	b2719	hycG
NP_417200.1	b2720	hycF
NP_417201.1	b2721	hycE
NP_417202.1	b2722	hycD
NP_417203.1	b2723	hycC
NP_417204.1	b2724	hycB
NP_417205.1	b2725	hycA
NP_417206.1	b2726	hypA
NP_417207.1	b2727	hypB
NP_417208.1	b2728	hypC
NP_417209.1	b2729	hypD
NP_417210.2	b2730	hypE
NP_417211.1	b2731	fhlA
NP_417212.1	b2732	ygbA
NP_417213.1	b2733	mutS
NP_417214.1	b2734	pphB
NP_417215.2	b2735	ygbI
NP_417216.1	b2736	ygbJ
NP_417217.1	b2737	ygbK
NP_417218.1	b2738	ygbL
NP_417219.1	b2739	ygbM
NP_417220.1	b2740	ygbN
NP_417221.1	b2741	rpoS
NP_417222.1	b2742	nlpD
NP_417223.1	b2743	pcm
NP_417224.1	b2744	umpG
NP_417225.1	b2745	truD
NP_417226.1	b2746	ispF
NP_417227.1	b2747	ispD
NP_417228.1	b2748	ftsB
NP_417229.1	b2749	ygbE
NP_417230.1	b2750	cysC
NP_417231.1	b2751	cysN
NP_417232.1	b2752	cysD
NP_417233.1	b2753	iap
NP_417234.2	b2754	cas2
NP_417235.1	b2755	cas1
NP_417236.1	b2756	casE
NP_417237.2	b2757	casD
NP_417238.1	b2758	casC
NP_417239.1	b2759	casB
NP_417240.1	b2760	casA
NP_417241.1	b2761	cas3
NP_417242.1	b2762	cysH
NP_417243.1	b2763	cysI
NP_417244.1	b2764	cysJ
NP_417245.1	b2765	queD
NP_417246.4	b2766	ygcN
NP_417247.2	b2767	ygcO
NP_417248.1	b2768	ygcP
NP_417249.4	b2769	ygcQ
NP_417250.4	b2770	ygcR
NP_417251.2	b2771	ygcS
YP_026183.1	b4463	ygcU
NP_417254.4	b2774	ygcW
NP_417255.1	b2775	yqcE
NP_417256.1	b2776	ygcE
NP_417257.1	b2777	queE
YP_002791252.1	b4682	yqcG
NP_417258.4	b2778	ygcG
NP_417259.1	b2779	eno
NP_417260.1	b2780	pyrG
NP_417261.1	b2781	mazG
NP_417262.1	b2782	mazF
NP_417263.1	b2783	mazE
NP_417264.1	b2784	relA
NP_417265.1	b2785	rlmD
NP_417266.1	b2786	barA
NP_417267.1	b2787	gudD
NP_417268.1	b2788	gudX
NP_417269.1	b2789	gudP
NP_417270.1	b2790	yqcA
NP_417271.1	b2791	truC
NP_417272.1	b2792	yqcC
NP_417273.1	b2793	syd
NP_417274.1	b2794	queF
NP_417275.1	b2795	ppnN
NP_417276.1	b2796	sdaC
NP_417277.1	b2797	sdaB
NP_417278.4	b2798	ygdG
NP_417279.2	b2799	fucO
NP_417280.1	b2800	fucA
NP_417281.1	b2801	fucP
NP_417282.1	b2802	fucI
NP_417283.2	b2803	fucK
NP_417284.1	b2804	fucU
NP_417285.1	b2805	fucR
NP_417286.1	b2806	rlmM
NP_417287.1	b2807	ygdD
NP_417288.1	b2808	gcvA
NP_417289.2	b2809	ygdI
NP_417290.1	b2810	csdA
NP_417291.1	b2811	csdE
NP_417292.1	b2812	tcdA
NP_417293.1	b2813	mltA
NP_417294.4	b2817	amiC
NP_417295.1	b2818	argA
NP_417296.1	b2819	recD
NP_417297.1	b2820	recB
NP_417298.1	b2821	ptrA
NP_417299.1	b2822	recC
NP_417300.1	b2823	ppdC
NP_417301.4	b2824	ygdB
NP_417302.1	b2825	ppdB
NP_417303.1	b2826	ppdA
NP_417304.1	b2827	thyA
NP_417305.1	b2828	lgt
NP_417306.1	b2829	ptsP
NP_417307.1	b2830	rppH
YP_009518810.1	b4610	ygdT
NP_417308.1	b2831	mutH
NP_417309.1	b2832	ygdQ
NP_417310.1	b2833	ygdR
NP_417311.1	b2834	tas
NP_417312.1	b2835	lplT
NP_417313.1	b2836	aas
NP_417314.1	b2837	galR
NP_417315.1	b2838	lysA
NP_417316.1	b2839	lysR
NP_417317.1	b2840	ygeA
NP_417318.1	b2841	araE
NP_417319.1	b2842	kduD
NP_417320.1	b2843	kduI
NP_417321.2	b2844	yqeF
NP_417322.1	b2845	yqeG
NP_417323.2	b2846	yqeH
NP_417324.1	b2847	yqeI
NP_417325.4	b2848	yqeJ
YP_002791253.1	b4683	yqeL
NP_417326.2	b2849	yqeK
NP_417328.1	b2851	ygeG
NP_417329.1	b2852	ygeH
NP_417330.1	b2853	ygeI
NP_417337.1	b2860	insD4
NP_417338.3	b2861	insC4
YP_009518811.1	b2863	ygeQ
NP_417341.4	b2865	actS
NP_417342.1	b2866	xdhA
NP_417343.1	b2867	xdhB
NP_417344.1	b2868	xdhC
NP_417345.1	b2869	ygeV
YP_026185.1	b2870	ygeW
NP_417347.1	b2871	ygeX
NP_417348.1	b2872	ygeY
NP_417349.4	b2873	hyuA
NP_417350.1	b2874	yqeA
NP_417351.1	b2875	yqeB
NP_417352.2	b2876	yqeC
NP_417353.1	b2877	mocA
NP_417354.1	b2878	ygfK
NP_417355.4	b2879	ssnA
NP_417356.1	b2880	ygfM
NP_417357.1	b2881	xdhD
NP_417358.2	b2882	xanQ
NP_417359.1	b2883	guaD
YP_026186.1	b4464	ghxQ
NP_417362.4	b2886	ygfS
NP_417363.2	b2887	ygfT
NP_417364.2	b2888	uacT
YP_002791254.1	b4684	yqfG
YP_009518812.1	b4753	yqfH
NP_417365.1	b2889	idi
NP_417366.1	b2890	lysS
NP_417367.1	b2891	prfB
NP_417368.1	b2892	recJ
NP_417369.1	b2893	dsbC
NP_417370.1	b2894	xerD
NP_417371.1	b2895	fldB
NP_417372.1	b2896	ygfX
NP_417373.1	b2897	sdhE
NP_417374.1	b2898	ygfZ
NP_417375.1	b2899	trhA
NP_417376.1	b2900	yqfB
NP_417377.1	b2901	bglA
NP_417378.1	b2902	ygfF
NP_417379.1	b2903	gcvP
NP_417380.1	b2904	gcvH
NP_417381.1	b2905	gcvT
YP_009518813.1	b4754	yqfI
NP_417382.1	b2906	ubiI
NP_417383.1	b2907	ubiH
NP_417384.1	b2908	pepP
NP_417385.4	b2909	ygfB
NP_417386.1	b2910	zapA
NP_417387.3	b2912	fau
YP_002791255.1	b4665	ibsC
NP_417388.1	b2913	serA
NP_417389.1	b2914	rpiA
NP_417391.1	b2916	argP
NP_417392.1	b2917	scpA
NP_417393.1	b2918	argK
NP_417394.4	b2919	scpB
NP_417395.1	b2920	scpC
NP_417396.4	b2921	srsR
NP_417397.1	b2922	yggE
NP_417398.1	b2923	argO
NP_417399.1	b2924	mscS
NP_417400.1	b2925	fbaA
NP_417401.1	b2926	pgk
NP_417402.1	b2927	epd
NP_417403.1	b2928	yggC
NP_417404.1	b2929	fumE
NP_417405.1	b2930	yggF
YP_026187.1	b4465	yggP
NP_417408.1	b2933	cmtA
NP_417409.1	b2934	cmtB
YP_026188.1	b2935	tktA
NP_417411.2	b2936	loiP
NP_417412.1	b2937	speB
NP_417413.1	b2938	speA
NP_417414.2	b2939	yqgB
YP_010051195.1	b4784	yqgG
NP_417415.1	b2940	yqgC
YP_009518814.1	b2941	yqgD
NP_417417.1	b2942	metK
NP_417418.1	b2943	galP
NP_417419.1	b2944	yggI
NP_417420.1	b2945	endA
NP_417421.4	b2946	rsmE
NP_417422.1	b2947	gshB
NP_417423.4	b2948	yqgE
NP_417424.1	b2949	yqgF
NP_417425.2	b2950	yggR
NP_417426.1	b2951	yggS
NP_417427.1	b2952	yggT
NP_417428.2	b2953	yggU
NP_417429.1	b2954	rdgB
NP_417430.1	b2955	hemW
NP_417431.1	b2956	yggM
NP_417432.1	b2957	ansB
NP_417433.1	b2958	yggN
NP_417434.4	b2959	yggL
NP_417435.1	b2960	trmB
NP_417436.1	b2961	mutY
NP_417437.1	b2962	yggX
NP_417438.2	b2963	mltC
NP_417439.4	b2964	nupG
NP_417440.4	b2965	speC
YP_010051196.1	b4785	yqgH
NP_417441.1	b2966	yqgA
NP_417442.1	b2968	yghD
YP_010051197.1	b2969	yghE
YP_010051198.1	b4786	yqhJ
YP_010051199.1	b2970	yghF
NP_417445.1	b2971	yghG
NP_417446.4	b2972	pppA
YP_026189.1	b4466	yghJ
NP_417449.1	b2975	glcA
NP_417450.1	b2976	glcB
NP_417451.1	b2977	glcG
YP_026190.1	b4467	glcF
YP_026191.1	b4468	glcE
NP_417453.1	b2979	glcD
NP_417454.1	b2980	glcC
YP_009518815.1	b2981	yghO
NP_416696.2	b2982	insH9
YP_026192.1	b2983	yghQ
NP_417458.1	b2984	yghR
NP_417459.1	b2985	yghS
NP_417460.1	b2986	yghT
NP_417461.1	b2987	pitB
NP_417462.1	b2988	gss
NP_417463.4	b2989	yghU
NP_417464.1	b2990	hybG
NP_417465.1	b2991	hybF
NP_417466.1	b2992	hybE
NP_417467.1	b2993	hybD
NP_417468.1	b2994	hybC
NP_417469.1	b2995	hybB
NP_417470.1	b2996	hybA
NP_417471.1	b2997	hybO
NP_417472.1	b2998	yghW
YP_009518816.1	b4755	yqhI
NP_417474.1	b3001	gpr
NP_417475.1	b3002	yqhA
NP_417476.1	b3003	yghA
NP_417478.1	b3005	exbD
NP_417479.1	b3006	exbB
NP_417481.1	b3008	metC
NP_417482.1	b3009	yghB
NP_417483.2	b3010	yqhC
NP_417484.1	b3011	yqhD
NP_417485.4	b3012	dkgA
YP_026195.1	b3013	yqhG
NP_417487.1	b3014	yqhH
YP_026196.1	b4469	ygiQ
NP_417489.1	b3017	ftsP
NP_417490.1	b3018	plsC
NP_417491.1	b3019	parC
NP_417492.1	b3020	ygiS
NP_417493.1	b3021	mqsA
NP_417494.1	b3022	mqsR
YP_026197.1	b3023	ygiV
NP_417496.1	b3024	ygiW
NP_417497.1	b3025	qseB
NP_417498.1	b3026	qseC
NP_417499.1	b3027	ygiZ
NP_417500.1	b3028	mdaB
NP_417501.1	b3029	ygiN
NP_417502.1	b3030	parE
NP_417503.1	b3031	yqiA
NP_417504.1	b3032	cpdA
NP_417505.1	b3033	yqiB
NP_417506.1	b3034	nudF
NP_417507.2	b3035	tolC
NP_417509.3	b3037	ygiB
NP_417510.1	b3038	ygiC
NP_417511.3	b3039	ygiD
NP_417512.1	b3040	zupT
YP_009518818.1	b4756	yqiD
NP_417513.1	b3041	ribB
NP_417514.4	b3042	ubiK
NP_417515.1	b3043	ygiL
NP_417516.3	b3044	insC5
NP_417517.1	b3045	insD5
NP_417519.4	b3047	yqiH
NP_417520.1	b3048	yqiI
NP_417521.1	b3049	glgS
NP_417522.1	b3050	yqiJ
NP_417523.1	b3051	yqiK
YP_002791256.1	b4664	ibsD
YP_002791257.1	b4666	ibsE
NP_417524.1	b3052	hldE
NP_417525.1	b3053	glnE
NP_417526.1	b3054	ygiF
NP_417527.1	b3055	ygiM
NP_417528.1	b3056	cca
NP_417529.1	b3057	bacA
NP_417530.2	b3058	folB
NP_417531.1	b3059	plsY
NP_417532.1	b3060	ttdR
NP_417533.1	b3061	ttdA
NP_417534.1	b3062	ttdB
NP_417535.1	b3063	ttdT
NP_417536.1	b3064	tsaD
NP_417537.1	b3065	rpsU
NP_417538.1	b3066	dnaG
NP_417539.1	b3067	rpoD
NP_417540.1	b3068	mug
NP_417541.1	b3070	nfeF
NP_417542.1	b3071	nfeR
NP_417543.1	b3072	aer
NP_417544.5	b3073	patA
NP_417545.1	b3074	ygjH
NP_417546.1	b3075	ebgR
YP_026199.1	b3076	ebgA
NP_417548.1	b3077	ebgC
YP_026200.1	b3078	ygjI
NP_417550.1	b3079	ygjJ
NP_417551.1	b3080	ygjK
NP_417552.1	b3081	fadH
NP_417553.1	b3082	higA
NP_417554.1	b3083	higB
NP_417555.4	b3084	rlmG
NP_417556.2	b3085	ygjP
NP_417557.1	b3086	ygjQ
NP_417558.2	b3087	ygjR
YP_026201.1	b3088	alx
NP_417560.1	b3089	sstT
NP_417561.1	b3090	ygjV
NP_417562.1	b3091	uxaA
NP_417563.1	b3092	uxaC
NP_417564.2	b3093	exuT
NP_417565.2	b3094	exuR
YP_010051200.1	b4787	yqiM
NP_417566.1	b3095	yqjA
NP_417567.1	b3096	mzrA
NP_417568.2	b3097	yqjC
NP_417569.1	b3098	yqjD
NP_417570.1	b3099	yqjE
NP_417571.1	b3100	yqjK
NP_417572.2	b3101	yqjF
NP_417573.1	b3102	yqjG
NP_417574.1	b3103	yhaH
NP_417575.1	b3104	yhaI
NP_417576.1	b3105	yhaJ
NP_417577.1	b3106	yhaK
NP_417578.2	b3107	yhaL
YP_026202.1	b4470	cyuA
YP_026203.3	b3110	cyuP
YP_026204.1	b4471	tdcG
NP_417583.4	b3113	tdcF
YP_026205.1	b3114	tdcE
NP_417585.2	b3115	tdcD
NP_417586.1	b3116	tdcC
NP_417587.1	b3117	tdcB
NP_417588.1	b3118	tdcA
NP_417589.4	b3119	tdcR
NP_417590.2	b3120	yhaB
NP_417591.1	b3121	yhaC
NP_417593.4	b3124	garK
NP_417594.3	b3125	garR
NP_417595.1	b3126	garL
NP_417596.1	b3127	garP
NP_417597.1	b3128	garD
NP_417598.1	b3129	prlF
NP_417599.1	b3130	yhaV
NP_417600.1	b3131	agaR
NP_417601.1	b3132	kbaZ
NP_417602.4	b3133	agaV
NP_417605.1	b3136	agaS
NP_417606.1	b3137	kbaY
NP_417607.1	b3138	agaB
NP_417608.1	b3139	agaC
NP_417609.1	b3140	agaD
NP_417610.1	b3141	agaI
NP_417611.1	b3142	yraH
NP_417612.1	b3143	yraI
NP_417613.1	b3144	yraJ
NP_417614.1	b3145	yraK
NP_417615.1	b3146	rsmI
NP_417616.1	b3147	lpoA
NP_417617.1	b3148	yraN
NP_417618.1	b3149	diaA
NP_417619.1	b3150	dolP
NP_417620.1	b3151	yraQ
NP_417621.2	b3152	yraR
NP_417622.2	b3153	yhbO
NP_417623.1	b3154	yhbP
NP_417624.1	b3155	yhbQ
NP_417625.1	b3156	yhbS
NP_417626.1	b3157	ubiT
NP_417627.1	b3158	ubiU
NP_417628.2	b3159	ubiV
NP_417629.1	b3160	yhbW
NP_417630.1	b3161	mtr
NP_417631.2	b3162	deaD
YP_002791258.1	b4685	yrbN
NP_417632.1	b3163	nlpI
NP_417633.4	b3164	pnp
NP_417634.1	b3165	rpsO
NP_417635.1	b3166	truB
NP_417636.1	b3167	rbfA
NP_417637.1	b3168	infB
YP_010283915.1	b3168	infB
YP_010283916.1	b3168	infB
NP_417638.1	b3169	nusA
NP_417639.6	b3170	rimP
NP_417640.1	b3172	argG
NP_417641.4	b3173	yhbX
NP_417642.1	b3175	secG
NP_417643.1	b3176	glmM
NP_417644.4	b3177	folP
NP_417645.1	b3178	ftsH
NP_417646.1	b3179	rlmE
NP_417647.1	b3180	yhbY
NP_417648.4	b3181	greA
NP_417649.1	b3182	dacB
NP_417650.1	b3183	obgE
NP_417651.1	b3184	yhbE
NP_417652.1	b3185	rpmA
NP_417653.1	b3186	rplU
NP_417654.1	b3187	ispB
NP_417655.1	b3188	sfsB
NP_417656.1	b3189	murA
NP_417657.2	b3190	ibaG
NP_417658.4	b3191	mlaB
NP_417659.1	b3192	mlaC
NP_417660.1	b3193	mlaD
NP_417661.1	b3194	mlaE
NP_417662.1	b3195	mlaF
NP_417663.1	b3196	yrbG
NP_417664.1	b3197	kdsD
NP_417665.1	b3198	kdsC
NP_417666.1	b3199	lptC
NP_417667.1	b3200	lptA
NP_417668.1	b3201	lptB
NP_417669.1	b3202	rpoN
NP_417670.1	b3203	hpf
NP_417671.1	b3204	ptsN
NP_417672.1	b3205	rapZ
NP_417673.1	b3206	npr
NP_417674.1	b3207	yrbL
NP_417675.1	b3208	mtgA
NP_417676.2	b3209	elbB
YP_026207.1	b3210	arcB
NP_417678.1	b3211	yhcC
NP_417679.2	b3212	gltB
NP_417680.1	b3213	gltD
NP_417681.1	b3214	gltF
NP_417682.1	b3215	yhcA
NP_417683.1	b3216	yhcD
NP_417456.2	b3218	insH10
NP_417686.1	b3219	yhcF
NP_417687.1	b3220	yhcG
NP_417688.1	b3221	nanQ
NP_417689.4	b3222	nanK
NP_417690.1	b3223	nanE
NP_417691.4	b3224	nanT
NP_417692.1	b3225	nanA
NP_417693.3	b3226	nanR
NP_417694.1	b3227	dcuD
NP_417695.1	b3228	sspB
NP_417696.1	b3229	sspA
NP_417697.1	b3230	rpsI
NP_417698.1	b3231	rplM
NP_417699.1	b3232	zapE
NP_417700.2	b3233	yhcB
NP_417701.1	b3234	degQ
NP_417702.1	b3235	degS
NP_417703.1	b3236	mdh
NP_417704.1	b3237	argR
NP_417705.2	b3238	yhcN
NP_417706.1	b3239	yhcO
NP_417707.1	b3240	aaeB
NP_417708.1	b3241	aaeA
NP_417709.2	b3242	aaeX
NP_417710.1	b3243	aaeR
NP_417711.1	b3244	tldD
YP_026208.1	b4472	yhdP
NP_417713.2	b3247	rng
NP_417714.1	b3248	yhdE
NP_417715.1	b3249	mreD
NP_417716.1	b3250	mreC
NP_417717.2	b3251	mreB
NP_417718.1	b3252	csrD
NP_417719.1	b3253	yhdH
NP_417721.1	b3255	accB
NP_417722.1	b3256	accC
NP_417723.1	b3257	yhdT
NP_417724.4	b3258	panF
NP_417725.1	b3259	prmA
NP_417726.1	b3260	dusB
NP_417727.1	b3261	fis
NP_417728.4	b3262	yhdJ
NP_417729.1	b3263	yhdU
NP_417730.1	b3264	envR
NP_417731.1	b3265	acrE
NP_417732.1	b3266	acrF
NP_417733.1	b3267	yhdV
YP_026209.1	b3269	yhdX
NP_417736.2	b3270	yhdY
NP_417737.1	b3271	yhdZ
NP_417738.4	b3279	yrdA
NP_417739.1	b3280	yrdB
NP_417740.1	b3281	aroE
NP_417741.1	b3282	tsaC
YP_026210.1	b3283	yrdD
NP_417743.1	b3284	smg
YP_026211.1	b4473	smf
NP_417745.1	b3287	def
NP_417746.1	b3288	fmt
NP_417747.1	b3289	rsmB
NP_417748.1	b3290	trkA
NP_417749.1	b3291	mscL
YP_588467.1	b4550	arfA
NP_417751.1	b3292	zntR
NP_417752.1	b3293	yhdN
NP_417753.1	b3294	rplQ
NP_417754.1	b3295	rpoA
NP_417755.1	b3296	rpsD
NP_417756.1	b3297	rpsK
NP_417757.1	b3298	rpsM
NP_417758.1	b3299	rpmJ
NP_417759.1	b3300	secY
NP_417760.1	b3301	rplO
NP_417761.1	b3302	rpmD
NP_417762.1	b3303	rpsE
NP_417763.1	b3304	rplR
NP_417764.1	b3305	rplF
NP_417765.1	b3306	rpsH
NP_417766.1	b3307	rpsN
NP_417767.1	b3308	rplE
NP_417768.1	b3309	rplX
NP_417769.1	b3310	rplN
NP_417770.1	b3311	rpsQ
NP_417771.1	b3312	rpmC
NP_417772.1	b3313	rplP
NP_417773.1	b3314	rpsC
NP_417774.1	b3315	rplV
NP_417775.1	b3316	rpsS
NP_417776.1	b3317	rplB
NP_417777.1	b3318	rplW
NP_417778.1	b3319	rplD
NP_417779.1	b3320	rplC
NP_417780.1	b3321	rpsJ
NP_417781.1	b3322	gspB
NP_417782.1	b3323	gspA
NP_417783.1	b3324	gspC
NP_417784.4	b3325	gspD
NP_417785.1	b3326	gspE
NP_417786.1	b3327	gspF
NP_417787.1	b3328	gspG
NP_417788.1	b3329	gspH
NP_417789.4	b3330	gspI
NP_417790.1	b3331	gspJ
NP_417791.1	b3332	gspK
NP_417792.2	b3333	gspL
NP_417793.2	b3334	gspM
NP_417794.1	b3335	gspO
NP_417795.1	b3336	bfr
NP_417796.1	b3337	bfd
NP_417797.1	b3338	chiA
NP_417798.1	b3339	tufA
NP_417799.1	b3340	fusA
NP_417800.1	b3341	rpsG
NP_417801.1	b3342	rpsL
NP_417802.1	b3343	tusB
NP_417803.1	b3344	tusC
NP_417804.1	b3345	tusD
NP_417805.4	b3346	yheO
NP_417806.1	b3347	fkpA
NP_417807.1	b3348	slyX
NP_417808.1	b3349	slyD
YP_588468.1	b4551	yheV
NP_417809.1	b3350	kefB
NP_417810.1	b3351	kefG
NP_417811.1	b3352	yheS
NP_417812.1	b3353	yheT
NP_417813.1	b3354	yheU
NP_417814.1	b3355	prkB
NP_417815.1	b3356	yhfA
NP_417816.1	b3357	crp
NP_417817.2	b3358	yhfK
NP_417818.1	b3359	argD
YP_010283917.1	b4820	yrfJ
NP_417819.1	b3360	pabA
NP_417820.1	b3361	fic
NP_417821.1	b3362	yhfG
NP_417822.1	b3363	ppiA
NP_417823.1	b3364	tsgA
NP_417824.1	b3365	nirB
NP_417825.1	b3366	nirD
YP_026212.2	b3367	nirC
NP_417827.1	b3368	cysG
NP_417828.1	b3369	yhfL
NP_417829.2	b3370	frlA
NP_417830.4	b3371	frlB
YP_026213.1	b4474	frlC
NP_417833.1	b3374	frlD
NP_417834.6	b3375	frlR
NP_417835.1	b3376	yhfS
NP_417836.1	b3377	yhfT
NP_417837.2	b3378	yhfU
NP_417838.1	b3379	php
NP_417839.1	b3380	yhfW
NP_417840.1	b3381	yhfX
NP_417841.2	b3382	yhfY
YP_026214.1	b3383	yhfZ
NP_417843.1	b3384	trpS
NP_417844.1	b3385	gph
NP_417845.1	b3386	rpe
NP_417846.1	b3387	dam
NP_417847.1	b3388	damX
NP_417848.1	b3389	aroB
YP_026215.2	b3390	aroK
NP_417850.1	b3391	hofQ
NP_417851.4	b3392	hofP
NP_417852.1	b3393	hofO
NP_417853.1	b3394	hofN
NP_417854.4	b3395	hofM
NP_417855.4	b3396	mrcA
NP_417856.1	b3397	nudE
NP_417857.1	b3398	igaA
NP_417858.4	b3399	yrfG
NP_417859.1	b3400	hslR
NP_417860.2	b3401	hslO
NP_417861.1	b3402	yhgE
NP_417862.1	b3403	pck
NP_417863.1	b3404	envZ
NP_417864.1	b3405	ompR
YP_026216.2	b3406	greB
NP_417866.4	b3407	yhgF
NP_417867.1	b3408	feoA
NP_417868.1	b3409	feoB
NP_417869.1	b3410	feoC
NP_417870.1	b3411	rpnA
NP_417871.1	b3412	bioH
NP_417872.2	b3413	yhgH
NP_417873.1	b3414	nfuA
YP_026217.1	b3415	gntT
NP_417875.1	b3416	malQ
YP_026218.1	b3417	malP
NP_417877.1	b3418	malT
YP_026219.1	b4475	rtcA
NP_417879.1	b3421	rtcB
NP_417880.1	b3422	rtcR
YP_026220.1	b3424	glpG
NP_417883.1	b3425	glpE
NP_417884.1	b3426	glpD
YP_009518819.1	b3427	yzgL
NP_417886.1	b3428	glgP
NP_417887.1	b3429	glgA
NP_417888.1	b3430	glgC
NP_417889.1	b3431	glgX
NP_417890.1	b3432	glgB
YP_010051201.1	b4788	yhgO
YP_010051202.1	b4789	yhgP
NP_417891.1	b3433	asd
NP_417892.1	b3434	yhgN
YP_026221.1	b4476	gntU
NP_417894.2	b3437	gntK
YP_026222.1	b3438	gntR
NP_417896.1	b3439	yhhW
NP_417897.1	b3440	yhhX
NP_417898.1	b3441	yhhY
NP_417899.1	b3442	yhhZ
NP_417901.1	b3444	insA6
NP_417902.1	b3445	insB6
YP_009518820.1	b4612	yrhD
NP_417903.1	b3446	yrhB
NP_417904.1	b3447	ggt
NP_417905.1	b3448	yhhA
NP_417906.1	b3449	ugpQ
NP_417907.2	b3450	ugpC
NP_417908.1	b3451	ugpE
NP_417909.1	b3452	ugpA
NP_417910.1	b3453	ugpB
NP_417911.4	b3454	livF
NP_417912.1	b3455	livG
NP_417913.1	b3456	livM
NP_417914.1	b3457	livH
NP_417915.1	b3458	livK
NP_417916.1	b3459	panZ
YP_026223.1	b3460	livJ
NP_417918.1	b3461	rpoH
NP_417919.1	b3462	ftsX
NP_417920.1	b3463	ftsE
NP_417921.1	b3464	ftsY
NP_417922.1	b3465	rsmD
NP_417923.1	b3466	yhhL
NP_417924.1	b3467	yhhM
NP_417925.1	b3468	yhhN
NP_417926.1	b3469	zntA
NP_417927.1	b3470	tusA
NP_417928.1	b3471	yhhQ
NP_417929.4	b3472	dcrB
NP_417930.2	b3473	yhhS
NP_417931.4	b3474	yhhT
NP_417932.1	b3475	acpT
NP_417933.1	b3476	nikA
NP_417934.1	b3477	nikB
NP_417935.1	b3478	nikC
NP_417936.1	b3479	nikD
NP_417937.1	b3480	nikE
NP_417938.1	b3481	nikR
YP_026224.1	b3482	rhsB
NP_417940.2	b3483	yhhH
NP_417941.1	b3484	yhhI
NP_417942.6	b3485	yhhJ
YP_026225.1	b3486	rbbA
NP_417944.1	b3487	yhiI
YP_010051203.1	b4790	yhiY
NP_417945.1	b3488	yhiJ
NP_417948.4	b3491	yhiM
NP_417949.1	b3492	yhiN
NP_417950.1	b3493	pitA
NP_417951.1	b3494	uspB
NP_417952.1	b3495	uspA
YP_010051204.1	b4791	yriA
YP_010051205.1	b4792	yriB
NP_417953.1	b3496	dtpB
NP_417954.1	b3497	rsmJ
NP_417955.1	b3498	prlC
NP_417956.1	b3499	rlmJ
NP_417957.1	b3500	gor
YP_001165328.2	b4613	dinQ
NP_417958.1	b3501	arsR
NP_417959.4	b3502	arsB
NP_417960.1	b3503	arsC
NP_417685.2	b3505	insH11
NP_417963.4	b3506	slp
NP_417964.1	b3507	dctR
NP_417965.1	b3508	yhiD
NP_417966.4	b3509	hdeB
NP_417967.1	b3510	hdeA
NP_417968.1	b3511	hdeD
NP_417969.1	b3512	gadE
NP_417970.1	b3513	mdtE
NP_417971.1	b3514	mdtF
NP_417972.1	b3515	gadW
NP_417973.1	b3516	gadX
NP_417974.1	b3517	gadA
NP_417975.1	b3518	ccp
NP_417976.1	b3519	treF
NP_417977.1	b3520	yhjB
NP_417978.2	b3521	rcdB
NP_417979.1	b3522	yhjD
NP_417980.1	b3523	yhjE
NP_417981.2	b3524	yhjG
NP_417982.2	b3525	pdeH
NP_417983.2	b3526	kdgK
NP_417984.1	b3527	yhjJ
NP_417985.1	b3528	dctA
NP_417986.4	b3529	pdeK
YP_026226.4	b3530	bcsC
NP_417988.1	b3531	bcsZ
NP_417989.1	b3532	bcsB
NP_417990.4	b3533	bcsA
NP_417992.1	b3535	yhjR
NP_417993.1	b3536	bcsE
NP_417994.2	b3537	bcsF
NP_417995.1	b3538	bcsG
YP_026227.1	b4453	ldrD
NP_417996.1	b3539	yhjV
NP_417997.1	b3540	dppF
NP_417998.1	b3541	dppD
NP_417999.1	b3542	dppC
NP_418000.1	b3543	dppB
NP_418001.1	b3544	dppA
NP_418002.2	b3546	eptB
NP_418003.1	b3547	yhjX
NP_418004.4	b3548	yhjY
NP_418005.1	b3549	tag
NP_418006.1	b3550	yiaC
NP_418007.3	b3551	bisC
YP_026228.1	b3552	yiaD
NP_418009.2	b3553	ghrB
NP_418010.2	b3554	yiaF
NP_418011.1	b3555	yiaG
NP_418012.1	b3556	cspA
YP_010051206.1	b4793	ysaE
YP_026229.1	b4455	hokA
NP_418014.1	b3557	insJ
NP_418015.1	b3558	insK
NP_418016.1	b3559	glyS
NP_418017.1	b3560	glyQ
YP_588469.1	b4553	ysaB
NP_418018.1	b3561	wecH
NP_418019.4	b3562	yiaA
NP_418020.2	b3563	yiaB
NP_418021.1	b3564	xylB
NP_418022.1	b3565	xylA
NP_418023.1	b3566	xylF
NP_418024.1	b3567	xylG
NP_418025.1	b3568	xylH
NP_418026.1	b3569	xylR
YP_026230.1	b3570	bax
YP_010051207.1	b4794	baxL
NP_418028.1	b3571	malS
YP_026231.1	b3572	avtA
NP_418030.1	b3573	ysaA
NP_418031.1	b3574	plaR
NP_418032.1	b3575	yiaK
NP_418033.1	b3576	yiaL
NP_418034.1	b3577	yiaM
YP_026232.1	b3578	yiaN
NP_418036.1	b3579	yiaO
NP_418037.1	b3580	lyxK
NP_418038.1	b3581	sgbH
NP_418039.2	b3582	sgbU
NP_418040.1	b3583	sgbE
NP_418041.1	b3584	yiaT
NP_418042.1	b3585	yiaU
NP_418043.1	b3586	yiaV
NP_418044.1	b3587	yiaW
NP_418045.4	b3588	aldB
YP_026233.1	b3589	yiaY
NP_418047.1	b3590	selB
NP_418048.1	b3591	selA
NP_418049.1	b3592	yibF
NP_418050.1	b3593	rhsA
NP_418051.1	b3594	yibA
NP_418053.1	b3596	yibG
YP_009518821.1	b4615	yibV
NP_418054.1	b3597	yibH
NP_418055.1	b3598	yibI
NP_418056.1	b3599	mtlA
NP_418057.1	b3600	mtlD
NP_418058.1	b3601	mtlR
YP_588470.1	b4554	yibT
NP_418059.1	b3602	yibL
NP_418060.1	b3603	lldP
NP_418061.1	b3604	lldR
NP_418062.1	b3605	lldD
NP_418063.1	b3606	trmL
NP_418064.1	b3607	cysE
NP_418065.1	b3608	gpsA
NP_418066.1	b3609	secB
NP_418067.1	b3610	grxC
NP_418068.1	b3611	yibN
NP_418069.1	b3612	gpmM
NP_418070.6	b3613	envC
NP_418071.4	b3614	yibQ
NP_418072.1	b3615	waaH
NP_418073.1	b3616	tdh
NP_418074.1	b3617	kbl
NP_418075.2	b3618	htrL
NP_418076.1	b3619	rfaD
NP_418077.1	b3620	waaF
NP_418078.1	b3621	waaC
NP_418079.1	b3622	waaL
YP_010051208.1	b4795	yibX
YP_010051209.1	b4795	yibX
YP_010051210.1	b4796	yibY
NP_418080.1	b3623	waaU
NP_418081.1	b3624	waaZ
NP_418082.1	b3625	waaY
NP_418083.1	b3626	waaJ
NP_418084.1	b3627	waaO
NP_418085.2	b3628	waaB
NP_418086.1	b3629	waaS
NP_418087.1	b3630	waaP
NP_418088.1	b3631	waaG
NP_418089.1	b3632	waaQ
NP_418090.1	b3633	waaA
NP_418091.1	b3634	coaD
NP_418092.1	b3635	mutM
NP_418093.1	b3636	rpmG
NP_418094.1	b3637	rpmB
NP_418095.4	b3638	yicR
NP_418096.4	b3639	dfp
NP_418097.2	b3640	dut
NP_418098.4	b3641	slmA
NP_418099.1	b3642	pyrE
YP_009518822.1	b3643	rph
NP_418101.1	b3644	yicC
NP_418102.2	b3645	dinD
NP_418103.4	b3646	yicG
NP_418104.2	b3647	ligB
NP_418105.1	b3648	gmk
NP_418106.1	b3649	rpoZ
NP_418107.1	b3650	spoT
NP_418108.1	b3651	trmH
NP_418109.1	b3652	recG
NP_418110.1	b3653	gltS
NP_418111.1	b3654	xanP
NP_418112.1	b3655	yicH
NP_418113.1	b3656	yicI
NP_418114.4	b3657	yicJ
NP_418115.1	b3659	setC
NP_418116.1	b3660	yicL
YP_010051211.1	b4797	yicU
NP_418117.1	b3661	nlpA
YP_588471.1	b4555	yicS
NP_418118.2	b3662	nepI
NP_418119.2	b3663	yicN
NP_418120.2	b3664	adeQ
NP_418121.1	b3665	adeD
NP_418122.1	b3666	uhpT
NP_418123.2	b3667	uhpC
NP_418124.4	b3668	uhpB
NP_418125.1	b3669	uhpA
NP_418126.1	b3670	ilvN
NP_418127.1	b3671	ilvB
NP_418128.1	b3672	ivbL
YP_001165331.1	b4618	tisB
YP_010051212.1	b4798	ysdE
NP_418129.2	b3673	emrD
NP_418130.1	b3674	yidF
NP_418131.1	b3675	yidG
NP_418132.1	b3676	yidH
NP_418133.1	b3677	yidI
NP_418134.1	b3678	yidJ
NP_418135.1	b3679	yidK
NP_418136.2	b3680	yidL
YP_009518824.1	b3682	glvB
YP_009518825.1	b3683	glvC
NP_418139.1	b3684	yidP
NP_418140.4	b3685	yidE
NP_418141.2	b3686	ibpB
NP_418142.1	b3687	ibpA
NP_418143.2	b3688	yidQ
NP_418144.3	b3689	yidR
NP_418145.2	b3690	cbrA
NP_418146.4	b3691	dgoT
YP_026237.1	b4478	dgoD
YP_026238.1	b4477	dgoA
NP_418148.1	b3693	dgoK
YP_026239.1	b4479	dgoR
YP_026240.1	b3696	yidX
NP_418152.1	b3697	yidA
NP_418153.4	b3698	yidB
YP_026241.1	b3699	gyrB
NP_418155.1	b3700	recF
NP_418156.1	b3701	dnaN
NP_418157.1	b3702	dnaA
YP_009518826.1	b4757	ysdD
NP_418158.1	b3703	rpmH
NP_418159.1	b3704	rnpA
YP_588472.1	b4557	yidD
NP_418161.1	b3705	yidC
NP_418162.1	b3706	mnmE
NP_418163.1	b3707	tnaC
NP_418164.4	b3708	tnaA
NP_418165.1	b3709	tnaB
NP_418166.1	b3710	mdtL
NP_418167.1	b3711	yidZ
NP_418168.2	b3712	yieE
NP_418169.1	b3713	yieF
NP_418170.1	b3714	adeP
NP_418171.1	b3715	yieH
NP_418172.1	b3716	cbrB
NP_418173.1	b3717	cbrC
YP_026242.1	b3718	yieK
NP_418175.3	b3719	yieL
NP_418176.1	b3720	bglH
NP_418177.1	b3721	bglB
NP_418178.1	b3722	bglF
NP_418179.1	b3723	bglG
NP_418180.1	b3724	phoU
NP_418181.1	b3725	pstB
NP_418182.1	b3726	pstA
NP_418183.1	b3727	pstC
NP_418184.1	b3728	pstS
NP_418185.1	b3729	glmS
NP_418186.1	b3730	glmU
NP_418187.1	b3731	atpC
NP_418188.1	b3732	atpD
NP_418189.1	b3733	atpG
NP_418190.1	b3734	atpA
NP_418191.1	b3735	atpH
NP_418192.1	b3736	atpF
NP_418193.1	b3737	atpE
NP_418194.1	b3738	atpB
NP_418195.2	b3739	atpI
NP_418196.1	b3740	rsmG
NP_418197.1	b3741	mnmG
NP_418198.1	b3742	mioC
NP_418199.1	b3743	asnC
NP_418200.1	b3744	asnA
YP_026243.1	b3745	viaA
NP_418202.4	b3746	ravA
YP_026244.1	b3747	kup
NP_418204.2	b3748	rbsD
NP_418205.1	b3749	rbsA
NP_418206.1	b3750	rbsC
NP_418207.1	b3751	rbsB
NP_418208.1	b3752	rbsK
NP_418209.1	b3753	rbsR
NP_418210.1	b3754	hsrA
YP_026245.1	b3755	yieP
YP_026246.1	b4480	hdfR
NP_418213.1	b3764	maoP
NP_418214.2	b3765	yifB
NP_418215.1	b3766	ilvL
YP_002791259.1	b4669	ilvX
NP_418217.1	b3769	ilvM
YP_026247.1	b3770	ilvE
YP_026248.1	b3771	ilvD
NP_418220.1	b3772	ilvA
NP_418221.1	b3773	ilvY
NP_418222.1	b3774	ilvC
NP_418223.1	b3775	ppiC
YP_026251.1	b3778	rep
YP_026252.1	b3779	gpp
NP_418227.1	b3780	rhlB
NP_418228.2	b3781	trxA
YP_009518827.1	b3782	rhoL
NP_418230.1	b3783	rho
NP_418231.1	b3784	wecA
NP_418232.2	b3785	wzzE
YP_026253.1	b3786	wecB
YP_026254.1	b3787	wecC
YP_026255.1	b3788	rffG
NP_418236.1	b3789	rffH
YP_026256.2	b3790	rffC
NP_418238.1	b3791	wecE
NP_418239.1	b3792	wzxE
YP_026257.1	b4481	wecF
NP_418241.1	b3793	wzyE
NP_418242.1	b3794	rffM
YP_026258.1	b3795	thrP
YP_026259.1	b3800	aslB
NP_418245.1	b3801	aslA
NP_418246.1	b3802	hemY
NP_418247.1	b3803	hemX
NP_418248.1	b3804	hemD
YP_026260.1	b3805	hemC
NP_418250.1	b3806	cyaA
NP_418251.1	b3807	cyaY
YP_009518828.1	b3808	yzcX
YP_588473.1	b4558	lptM
NP_418254.2	b3809	dapF
NP_418255.1	b3810	yigA
NP_418256.1	b3811	xerC
NP_418257.1	b3812	yigB
NP_418258.1	b3813	uvrD
YP_026261.1	b4482	yigE
YP_010051213.1	b4799	ysgD
NP_418260.1	b3816	corA
NP_418261.1	b3817	yigF
NP_418262.2	b3818	yigG
YP_026262.1	b3819	rarD
NP_418264.4	b3820	yigI
NP_418265.1	b3821	pldA
YP_026263.3	b3822	recQ
YP_026264.1	b3823	rhtC
YP_026265.1	b3824	rhtB
YP_026266.1	b3825	pldB
YP_026267.1	b3826	yigL
NP_418271.1	b3827	bioP
NP_418272.1	b3828	metR
NP_418273.1	b3829	metE
YP_026268.1	b3830	ysgA
NP_418275.1	b3831	udp
NP_418276.1	b3832	rmuC
YP_026269.1	b3833	ubiE
NP_418278.1	b3834	ubiJ
NP_418279.1	b3835	ubiB
NP_418280.4	b3836	tatA
YP_026270.1	b3838	tatB
NP_418282.1	b3839	tatC
YP_026271.1	b4483	tatD
NP_418284.1	b3842	rfaH
NP_418285.1	b3843	ubiD
NP_418286.1	b3844	fre
YP_026272.1	b3845	fadA
NP_418288.1	b3846	fadB
NP_418289.1	b3847	pepQ
NP_418290.4	b3848	yigZ
YP_026273.1	b3849	trkH
NP_418292.1	b3850	hemG
NP_418293.2	b3856	mobB
NP_418294.1	b3857	mobA
NP_418295.1	b3858	yihD
NP_418296.1	b3859	srkA
NP_418297.1	b3860	dsbA
NP_418298.4	b3861	yihF
NP_418299.1	b3862	yihG
NP_418300.1	b3863	polA
YP_013606034.1	b4837	spfP
NP_418301.3	b3865	yihA
NP_418302.1	b3866	yihI
NP_418303.2	b3867	hemN
YP_002791260.1	b4686	yshB
NP_418304.1	b3868	glnG
NP_418305.1	b3869	glnL
NP_418306.1	b3870	glnA
YP_026274.1	b3871	bipA
NP_418308.1	b3872	yihL
NP_418309.1	b3873	yihM
NP_418310.1	b3874	yihN
NP_418311.1	b3875	ompL
YP_026275.1	b3876	yihO
NP_418313.4	b3877	yihP
NP_418314.1	b3878	yihQ
NP_418315.3	b3879	yihR
NP_418316.4	b3880	yihS
NP_418317.1	b3881	yihT
NP_418318.1	b3882	yihU
NP_418319.2	b3883	yihV
NP_418320.2	b3884	csqR
NP_418321.4	b3885	yihX
NP_418322.1	b3886	yihY
NP_418323.1	b3887	dtd
NP_418324.1	b3888	fabY
NP_418325.4	b3889	yiiE
NP_418326.2	b3890	yiiF
NP_418327.1	b3891	fdhE
NP_418328.1	b3892	fdoI
NP_418329.1	b3893	fdoH
NP_418330.1	b3894	fdoG
NP_418331.1	b3895	fdhD
NP_418332.1	b3896	yiiG
NP_418333.1	b3897	frvR
NP_418334.1	b3898	frvX
NP_418335.4	b3899	frvB
NP_418336.1	b3900	frvA
NP_418337.1	b3901	rhaM
NP_418338.1	b3902	rhaD
YP_026276.1	b3903	rhaA
NP_418340.1	b3904	rhaB
NP_418341.1	b3905	rhaS
NP_418342.2	b3906	rhaR
NP_418343.1	b3907	rhaT
NP_418344.3	b3908	sodA
NP_418345.2	b3909	kdgT
NP_418346.2	b3910	yiiM
NP_418347.1	b3911	cpxA
NP_418348.1	b3912	cpxR
YP_026277.1	b4484	cpxP
NP_418350.1	b3915	fieF
NP_418351.1	b3916	pfkA
NP_418352.1	b3917	sbp
NP_418353.1	b3918	cdh
NP_418354.1	b3919	tpiA
NP_418355.1	b3920	yiiQ
NP_418356.1	b3921	yiiR
NP_418357.1	b3922	yiiS
NP_418358.1	b3923	uspD
NP_418359.1	b3924	fpr
NP_418360.1	b3925	glpX
NP_418361.1	b3926	glpK
NP_418362.1	b3927	glpF
NP_418363.1	b3928	zapB
NP_418364.1	b3929	rraA
NP_418365.1	b3930	menA
NP_418366.1	b3931	hslU
NP_418367.1	b3932	hslV
NP_418368.1	b3933	ftsN
NP_418369.1	b3934	cytR
NP_418370.1	b3935	priA
NP_418371.1	b3936	rpmE
NP_418372.1	b3937	yiiX
NP_418373.1	b3938	metJ
NP_418374.1	b3939	metB
NP_418375.1	b3940	metL
NP_418376.1	b3941	metF
NP_418377.1	b3942	katG
NP_418378.4	b3943	yijE
NP_418379.1	b3944	yijF
NP_418380.4	b3945	gldA
NP_418381.1	b3946	fsaB
YP_026278.1	b3947	ptsA
NP_418384.1	b3949	frwC
NP_418385.1	b3950	frwB
NP_418386.1	b3951	pflD
NP_418387.3	b3952	pflC
NP_418388.1	b3953	frwD
NP_418389.1	b3954	yijO
NP_418390.1	b3955	eptC
NP_418391.1	b3956	ppc
NP_418392.1	b3957	argE
NP_418393.1	b3958	argC
NP_418394.3	b3959	argB
NP_418395.1	b3960	argH
NP_418396.1	b3961	oxyR
NP_418397.2	b3962	sthA
NP_418398.3	b3963	fabR
NP_418399.1	b3964	yijD
NP_418400.1	b3965	trmA
NP_418401.1	b3966	btuB
NP_418402.2	b3967	murI
NP_418403.1	b3972	murB
NP_418404.1	b3973	birA
NP_418405.1	b3974	coaA
NP_418407.1	b3980	tufB
NP_418408.1	b3981	secE
NP_418409.1	b3982	nusG
NP_418410.1	b3983	rplK
NP_418411.1	b3984	rplA
NP_418412.1	b3985	rplJ
NP_418413.1	b3986	rplL
NP_418414.1	b3987	rpoB
NP_418415.1	b3988	rpoC
NP_418416.1	b3989	yjaZ
NP_418417.1	b3990	thiH
NP_418418.2	b3991	thiG
YP_026279.1	b4407	thiS
NP_418420.4	b3992	thiF
NP_418421.1	b3993	thiE
NP_418422.1	b3994	thiC
NP_418423.1	b3995	rsd
YP_026280.1	b3996	nudC
NP_418425.1	b3997	hemE
NP_418426.2	b3998	nfi
NP_418427.1	b3999	yjaG
NP_418428.1	b4000	hupA
NP_418429.1	b4001	yjaH
NP_418430.2	b4002	zraP
NP_418431.1	b4003	zraS
NP_418432.1	b4004	zraR
NP_418433.1	b4005	purD
NP_418434.1	b4006	purH
NP_418435.1	b4011	yjaA
NP_418436.1	b4012	yjaB
NP_418437.1	b4013	metA
NP_418438.1	b4014	aceB
NP_418439.1	b4015	aceA
NP_418440.1	b4016	aceK
NP_418441.1	b4017	arpA
NP_418442.2	b4018	iclR
NP_418443.1	b4019	metH
NP_418444.1	b4020	yjbB
NP_418445.1	b4021	pepE
NP_418446.1	b4022	rluF
NP_418447.1	b4023	yjbD
NP_418448.1	b4024	lysC
NP_418449.1	b4025	pgi
NP_418450.1	b4026	yjbE
NP_418451.4	b4027	yjbF
NP_418452.1	b4028	yjbG
NP_418453.1	b4029	yjbH
YP_001165332.1	b4620	yjbT
NP_418454.1	b4030	psiE
NP_418455.1	b4031	xylE
NP_418456.1	b4032	malG
NP_418457.1	b4033	malF
NP_418458.1	b4034	malE
NP_418459.1	b4035	malK
NP_418460.1	b4036	lamB
NP_418461.1	b4037	malM
NP_418463.4	b4039	ubiC
NP_418464.1	b4040	ubiA
NP_418465.4	b4041	plsB
NP_418466.1	b4042	dgkA
NP_418467.1	b4043	lexA
NP_418468.3	b4044	dinF
NP_418469.1	b4045	yjbJ
NP_418470.4	b4046	zur
NP_418471.1	b4047	yjbL
NP_418472.1	b4048	yjbM
NP_418473.3	b4049	dusA
NP_418474.4	b4050	pspG
NP_418475.1	b4051	qorA
NP_418476.1	b4052	dnaB
NP_418477.1	b4053	alr
NP_418478.1	b4054	tyrB
YP_001165333.1	b4621	yjbS
NP_418479.1	b4055	aphA
NP_418480.1	b4056	yjbQ
NP_418481.1	b4057	yjbR
NP_418482.1	b4058	uvrA
NP_418483.1	b4059	ssb
NP_418484.4	b4060	yjcB
NP_418485.1	b4061	pdeC
NP_418486.1	b4062	soxS
NP_418487.1	b4063	soxR
NP_418488.1	b4064	ghxP
NP_418489.1	b4065	yjcE
NP_418490.1	b4066	yjcF
NP_418491.1	b4067	actP
NP_418492.1	b4068	yjcH
NP_418493.1	b4069	acs
YP_010283918.1	b4821	ytcB
NP_418494.1	b4070	nrfA
NP_418495.2	b4071	nrfB
NP_418496.1	b4072	nrfC
NP_418497.1	b4073	nrfD
NP_418498.1	b4074	nrfE
NP_418499.1	b4075	nrfF
NP_418500.1	b4076	nrfG
NP_418501.1	b4077	gltP
NP_418502.1	b4078	yjcO
NP_418503.1	b4079	fdhF
NP_418504.1	b4080	mdtP
NP_418505.2	b4081	mdtO
NP_418506.1	b4082	mdtN
YP_001165334.1	b4622	ytcA
NP_418507.2	b4083	yjcS
NP_418508.1	b4084	alsK
NP_418509.1	b4085	alsE
NP_418510.1	b4086	alsC
NP_418511.1	b4087	alsA
NP_418512.1	b4088	alsB
NP_418513.4	b4089	alsR
NP_418514.1	b4090	rpiB
YP_026281.1	b4487	yjdP
NP_418516.1	b4092	phnP
NP_418517.1	b4093	phnO
NP_418518.1	b4094	phnN
NP_418519.1	b4095	phnM
NP_418520.1	b4096	phnL
YP_026282.1	b4097	phnK
NP_418522.1	b4098	phnJ
NP_418523.1	b4099	phnI
NP_418524.1	b4100	phnH
NP_418525.1	b4101	phnG
NP_418526.1	b4102	phnF
NP_418529.1	b4105	phnD
NP_418530.1	b4106	phnC
NP_418531.1	b4107	yjdN
NP_418532.1	b4108	yjdM
NP_418533.1	b4109	rdcA
NP_418534.4	b4110	rdcB
NP_418535.1	b4111	proP
YP_004831120.1	b4703	pmrR
NP_418536.1	b4112	basS
NP_418537.1	b4113	basR
NP_418538.2	b4114	eptA
NP_418539.1	b4115	adiC
NP_418540.1	b4116	adiY
NP_418541.2	b4117	adiA
NP_418542.1	b4118	melR
NP_418543.1	b4119	melA
NP_418544.2	b4120	melB
NP_418545.1	b4121	yjdF
NP_418546.1	b4122	fumB
NP_418547.1	b4123	dcuB
NP_418548.1	b4124	dcuR
NP_418549.1	b4125	dcuS
NP_418550.1	b4126	yjdI
NP_418551.1	b4127	yjdJ
NP_418552.1	b4128	ghoS
YP_588474.1	b4559	ghoT
NP_418553.1	b4129	lysU
NP_418554.1	b4130	dtpC
NP_418555.1	b4131	cadA
NP_418556.1	b4132	cadB
NP_418557.1	b4133	cadC
NP_418558.2	b4135	dicD
NP_418559.1	b4136	dsbD
NP_418560.1	b4137	cutA
NP_418561.1	b4138	dcuA
NP_418562.4	b4139	aspA
NP_418564.2	b4140	fxsA
NP_418565.1	b4141	yjeH
NP_418566.1	b4142	groS
NP_418567.1	b4143	groL
NP_418568.2	b4144	yjeI
NP_418569.1	b4145	yjeJ
NP_418570.1	b4146	epmB
NP_418571.1	b4147	efp
YP_026283.1	b4410	ecnA
YP_026284.1	b4411	ecnB
NP_418572.4	b4148	gdx
NP_418573.1	b4149	blc
NP_418574.1	b4150	ampC
NP_418575.1	b4151	frdD
NP_418576.1	b4152	frdC
NP_418577.1	b4153	frdB
NP_418578.1	b4154	frdA
NP_418579.2	b4155	epmA
NP_418580.2	b4156	yjeM
NP_418581.1	b4157	yjeN
NP_418582.1	b4158	yjeO
NP_418583.1	b4159	mscM
NP_418584.1	b4160	psd
NP_418585.4	b4161	rsgA
NP_418586.4	b4162	orn
YP_002791261.1	b4670	yjeV
NP_418587.1	b4166	queG
NP_418588.1	b4167	nnr
NP_418589.1	b4168	tsaE
NP_418590.1	b4169	amiB
NP_418591.1	b4170	mutL
NP_418592.1	b4171	miaA
NP_418593.1	b4172	hfq
NP_418594.1	b4173	hflX
NP_418595.1	b4174	hflK
NP_418596.1	b4175	hflC
NP_418597.1	b4176	yjeT
NP_418598.1	b4177	purA
NP_418599.1	b4178	nsrR
NP_418600.4	b4179	rnr
NP_418601.1	b4180	rlmB
NP_418602.1	b4181	yjfI
NP_418603.1	b4182	yjfJ
NP_418604.1	b4183	yjfK
NP_418605.1	b4184	yjfL
NP_418606.1	b4185	yjfM
NP_418607.1	b4186	yjfC
NP_418608.6	b4187	aidB
NP_418609.4	b4188	yjfN
NP_418610.4	b4189	bsmA
NP_418611.1	b4190	yjfP
NP_418612.1	b4191	ulaR
NP_418613.2	b4192	ulaG
NP_418614.4	b4193	ulaA
NP_418615.1	b4194	ulaB
NP_418616.1	b4195	ulaC
NP_418617.1	b4196	ulaD
NP_418618.1	b4197	ulaE
NP_418619.1	b4198	ulaF
NP_418620.1	b4199	yjfY
NP_418621.5	b4200	rpsF
NP_418622.1	b4201	priB
NP_418623.1	b4202	rpsR
NP_418624.1	b4203	rplI
NP_418625.1	b4204	yjfZ
NP_418627.4	b4206	ytfB
NP_418628.4	b4207	fklB
NP_418629.1	b4208	cycA
NP_418630.1	b4209	ytfE
NP_418631.2	b4210	ytfF
NP_418632.1	b4211	qorB
NP_418633.4	b4212	ytfH
NP_418634.1	b4213	cpdB
NP_418635.1	b4214	cysQ
YP_026285.1	b4215	ytfI
NP_418637.1	b4216	ytfJ
NP_418638.2	b4217	ytfK
NP_418639.1	b4218	paeA
NP_418640.1	b4219	msrA
NP_418641.1	b4220	tamA
NP_418642.1	b4221	tamB
NP_418643.1	b4222	ytfP
NP_418645.2	b4224	chpS
NP_418646.1	b4225	chpB
NP_418647.1	b4226	ppa
NP_418648.1	b4227	ytfQ
YP_026286.1	b4485	ytfR
NP_418651.3	b4230	ytfT
NP_418652.2	b4231	yjfF
NP_418653.1	b4232	fbp
NP_418654.1	b4233	mpl
NP_418655.1	b4234	yjgA
NP_418656.1	b4235	tldE
NP_418658.1	b4237	nrdG
NP_418659.1	b4238	nrdD
NP_418660.1	b4239	treC
NP_418661.1	b4240	treB
NP_418662.1	b4241	treR
YP_003933616.1	b4702	mgtL
NP_418663.1	b4242	mgtA
NP_418664.2	b4243	ridA
NP_418665.1	b4244	pyrI
NP_418666.1	b4245	pyrB
NP_418667.1	b4246	pyrL
NP_418669.1	b4248	yjgH
NP_418670.1	b4249	bdcA
NP_418672.4	b4251	bdcR
NP_418673.4	b4252	tabA
NP_418674.2	b4253	yjgL
NP_418675.1	b4254	argI
NP_418676.1	b4255	rraB
YP_026287.1	b4256	yjgM
YP_026288.1	b4257	yjgN
NP_418679.1	b4258	valS
NP_418680.1	b4259	holC
NP_418681.1	b4260	pepA
YP_010283919.1	b4822	ytgB
YP_010051214.1	b4800	ytgA
NP_418682.1	b4261	lptF
NP_418683.4	b4262	lptG
NP_418684.1	b4263	yjgR
NP_418685.1	b4264	idnR
NP_418686.1	b4265	idnT
NP_418687.1	b4266	idnO
NP_418688.1	b4267	idnD
NP_418689.1	b4268	idnK
NP_418690.4	b4269	ahr
NP_418692.2	b4272	insC6
NP_418693.1	b4273	insD6
NP_418697.1	b4277	yjgZ
NP_418698.1	b4278	insG
NP_418699.4	b4279	nanX
NP_418700.2	b4280	nanY
YP_001491548.1	b4655	ythA
NP_418704.1	b4284	insI3
NP_418707.1	b4287	fecE
NP_418708.1	b4288	fecD
NP_418709.1	b4289	fecC
NP_418710.4	b4290	fecB
NP_418711.1	b4291	fecA
NP_418712.1	b4292	fecR
NP_418713.1	b4293	fecI
YP_010051215.1	b4801	ykiE
NP_418714.1	b4294	insA7
NP_418715.2	b4295	yjhU
NP_418716.1	b4296	yjhF
NP_418717.1	b4297	yjhG
NP_418718.4	b4298	yjhH
NP_418719.1	b4299	yjhI
NP_418720.1	b4300	sgcR
NP_418721.1	b4301	sgcE
NP_418722.1	b4302	sgcA
NP_418723.1	b4303	sgcQ
NP_418724.1	b4304	sgcC
YP_588476.1	b4565	sgcB
NP_418725.4	b4305	sgcX
NP_418726.1	b4306	yjhP
NP_418727.1	b4307	yjhQ
YP_588477.1	b4566	topAI
YP_010051216.1	b4802	ythB
NP_418729.1	b4309	nanS
NP_418730.4	b4310	nanM
NP_418731.2	b4311	nanC
NP_418732.1	b4312	fimB
NP_418733.1	b4313	fimE
NP_418734.1	b4314	fimA
NP_418735.2	b4315	fimI
NP_418736.3	b4316	fimC
NP_418737.1	b4317	fimD
NP_418738.1	b4318	fimF
NP_418739.1	b4319	fimG
NP_418740.1	b4320	fimH
NP_418741.1	b4321	gntP
NP_418742.1	b4322	uxuA
NP_418743.1	b4323	uxuB
NP_418744.1	b4324	uxuR
NP_418745.3	b4325	yjiC
YP_009518830.1	b4720	ytiC
YP_009518831.1	b4721	ytiD
YP_009518832.1	b4722	idlP
NP_418746.4	b4326	iraD
NP_418747.1	b4327	hypT
NP_418748.1	b4328	iadA
NP_418749.1	b4329	yjiG
NP_418750.2	b4330	yjiH
NP_418751.4	b4331	kptA
NP_418752.1	b4332	yjiJ
NP_418753.3	b4333	yjiK
YP_009518833.1	b4715	ytiA
NP_418754.2	b4334	yjiL
NP_418755.4	b4335	yjiM
NP_418756.1	b4336	yjiN
NP_418757.1	b4337	mdtM
YP_010283920.1	b4823	ytiE
NP_418760.1	b4340	yjiR
NP_418761.1	b4341	yjiS
YP_009518834.1	b4342	yjiT
NP_418765.1	b4345	mcrC
NP_418766.4	b4346	mcrB
YP_010051217.1	b4346	mcrB
NP_418767.4	b4347	symE
NP_418768.1	b4348	hsdS
NP_418769.1	b4349	hsdM
NP_418770.2	b4350	hsdR
NP_418771.1	b4351	mrr
NP_418772.4	b4352	yjiA
NP_418773.1	b4353	yjiX
NP_418774.2	b4354	btsT
NP_418775.1	b4355	tsr
NP_418776.1	b4356	lgoT
YP_026290.1	b4357	lgoR
NP_418778.4	b4358	lgoD
NP_418779.2	b4359	opgB
NP_418780.2	b4360	yjjA
NP_418781.1	b4361	dnaC
NP_418782.1	b4362	dnaT
NP_418783.2	b4363	yjjB
NP_418784.4	b4364	yjjP
NP_418785.1	b4365	yjjQ
NP_418786.4	b4366	bglJ
NP_418787.1	b4367	fhuF
YP_588478.1	b4567	yjjZ
NP_418788.1	b4371	rsmC
NP_418789.1	b4372	holD
NP_418790.1	b4373	rimI
NP_418791.1	b4374	yjjG
NP_418792.1	b4375	prfC
NP_418793.1	b4376	osmY
YP_588479.2	b4568	ytjA
NP_418794.1	b4377	yjjU
YP_026291.2	b4378	yjjV
NP_418796.1	b4379	yjjW
NP_418797.1	b4380	yjjI
NP_418798.1	b4381	deoC
NP_418799.1	b4382	deoA
NP_418800.1	b4383	deoB
NP_418801.1	b4384	deoD
NP_418802.1	b4385	hipH
NP_418803.1	b4386	lplA
NP_418804.1	b4387	ytjB
NP_418805.1	b4388	serB
NP_418806.1	b4389	radA
NP_418807.4	b4390	nadR
NP_418808.1	b4391	ettA
NP_418809.4	b4392	slt
NP_418810.1	b4393	trpR
NP_418811.2	b4394	yjjX
NP_418812.1	b4395	ytjC
NP_418813.1	b4396	rob
NP_418814.1	b4397	creA
NP_418815.1	b4398	creB
NP_418816.1	b4399	creC
NP_418817.1	b4400	creD
NP_418818.1	b4401	arcA
NP_418819.1	b4402	yjjY
YP_010283921.1	b4824	ytjE
NP_418820.1	b4403	yjtD
