NP_387882.1	dnaA
NP_387883.1	dnaN
NP_387884.1	rlbA
NP_387885.1	recF
NP_387886.2	remB
NP_387887.1	gyrB
NP_387888.1	gyrA
NP_387889.1	yaaC
NP_387890.1	guaB
NP_387891.1	dacA
NP_387892.1	pdxS
NP_387893.1	pdxT
NP_387894.1	serS
NP_387895.1	dck
NP_387896.1	dgk
NP_387897.1	sleL
NP_387898.1	yaaI
NP_387899.1	tadA
NP_387900.2	dnaX
NP_387901.1	ebfC
NP_387902.1	recR
NP_387903.1	yaaL
NP_387904.2	bofA
NP_387905.1	csfB
NP_387906.1	xpaC
NP_387907.1	yaaN
NP_387908.1	yaaO
NP_387909.2	tmk
NP_387910.1	darA
NP_387911.1	yaaR
NP_387912.1	holB
NP_387913.1	ricT
NP_387914.1	dnaH
NP_387915.1	trmNF
NP_387916.1	yazA
NP_387917.1	rsmI
NP_387918.1	abrB
NP_387919.1	metS
NP_387920.1	dayD
NP_387921.1	yabE
NP_387922.1	rnmV
NP_387923.1	rsmA
NP_387924.1	prtG
NP_387925.1	veg
NP_387926.1	sspF
NP_387927.1	ispE
NP_387928.1	purR
NP_387929.1	ridA
NP_387930.1	spoVG
NP_387931.1	glmU
NP_387932.1	prs
NP_387933.1	ctc
NP_387934.1	pth
NP_387935.1	fin
NP_387936.1	mfd
NP_387937.1	spoVT
NP_387938.1	yabM
NP_387939.1	yabN
NP_387940.1	hslR
NP_387941.1	spcP
NP_387942.1	spcQ
NP_387943.1	divIC
NP_387944.1	yabR
NP_387945.1	spoIIE
NP_387946.1	yabS
NP_387947.2	prkT
NP_387948.1	tilS
NP_387949.1	hprT
NP_387950.1	ftsH
NP_387951.2	coaX
NP_387952.1	hslO
NP_387953.1	yacD
NP_387954.1	cysK
NP_387955.1	pabB
NP_387956.1	pabA
NP_387957.1	pabC
NP_387958.1	folP
NP_387959.1	folB
NP_387960.1	folK
NP_387961.1	yazB
NP_387962.1	dusB
NP_387963.1	lysS
NP_387964.1	ctsR
NP_387965.1	mcsA
NP_387966.1	mcsB
NP_387967.1	clpC
NP_387968.1	radA
NP_387969.1	disA
NP_387970.1	yacL
NP_387971.1	ispD
NP_387972.1	ispF
NP_387973.1	gltX
NP_387974.1	cysE
NP_387975.1	cysS
NP_387976.1	mrnC
NP_387977.1	rlmB
NP_387978.1	raeA
NP_387979.1	sigH
NP_387980.1	rpmGB
NP_387981.1	secE
NP_387982.1	nusG
NP_387983.2	rplK
NP_387984.2	rplA
NP_387985.2	rplJ
NP_387986.1	rplL
NP_387987.1	rlmG
NP_387988.2	rpoB
NP_387989.2	rpoC
NP_387990.1	rulS
NP_387991.2	rpsL
NP_387992.2	rpsG
NP_387993.2	fusA
NP_387994.1	tufA
NP_387995.2	ybaC
NP_387996.1	rpsJ
NP_387997.1	rplC
NP_387998.1	rplD
NP_387999.2	rplW
NP_388000.2	rplB
NP_388001.1	rpsS
NP_388002.1	rplV
NP_388003.2	rpsC
NP_388004.1	rplP
NP_388005.1	rpmC
NP_388006.1	rpsQ
NP_388007.1	rplNA
NP_388008.1	rplX
NP_388009.1	rplE
NP_388010.1	rpsNA
NP_388011.2	rpsH
NP_388012.1	rplF
NP_388013.2	rplR
NP_388014.1	rpsE
NP_388015.1	rpmD
NP_388016.1	rplO
NP_388017.1	secY
NP_388018.1	adk
NP_388019.1	mapA
YP_003097669.1	ybzG
NP_388020.1	infA
NP_388021.1	rpmJ
NP_388022.2	rpsM
NP_388023.1	rpsK
NP_388024.1	rpoA
NP_388025.1	rplQ
NP_388026.2	ecfA
NP_388027.1	ecfAB
NP_388028.2	ecfT
NP_388029.2	truA
NP_388030.2	rplM
NP_388031.1	rpsI
NP_388032.2	ybaJ
NP_388033.1	ybaK
NP_388034.1	cwlD
NP_388035.1	salA
NP_388036.1	gerD
NP_388037.1	kbaA
NP_388038.1	pdaB
NP_388039.1	ybaR
NP_388040.2	ybaS
NP_388041.2	eesA
NP_388042.2	feuC
NP_388043.1	feuB
NP_388044.1	feuA
NP_388045.1	btr
NP_388046.1	ybbC
NP_388047.1	nagZ
NP_388048.2	amiE
NP_388049.3	murP
NP_388050.1	murR
NP_388051.1	murQ
NP_388052.2	ybbJ
NP_388053.2	ybbK
NP_388054.1	sigW
NP_388055.1	rsiW
NP_388056.2	cdaA
NP_388057.2	cdaR
NP_388058.1	glmM
NP_388059.1	glmS
YP_009513939.1	ybbU
NP_388061.1	alkA
NP_388062.1	adaA
NP_388063.1	adaB
NP_388064.1	ndhF
NP_388065.2	ybcC
NP_388067.1	ybcF
NP_388068.1	ybcH
NP_388069.1	ybcI
YP_003097670.1	ybzH
NP_388070.1	ybcL
NP_388071.1	ybcM
NP_388072.1	skfA
NP_388073.2	skfB
YP_003097671.1	skfC
NP_388077.1	skfE
NP_388078.2	skfF
NP_388079.2	skfG
NP_388080.2	skfH
NP_388081.2	ybdG
NP_388082.1	ybdJ
NP_388083.1	ybdK
YP_003097672.1	ybzI
NP_388085.1	ybdM
NP_388086.1	ybdN
NP_388087.1	ybdO
NP_388088.1	ybxG
NP_388089.1	csgA
NP_388090.1	ybxH
NP_388091.1	ybxI
NP_388092.1	cypC
NP_388093.1	ybyB
NP_388094.2	ybeC
NP_388095.1	glpQA
NP_388096.1	glpT
NP_388097.1	ybeF
NP_388098.1	ybfA
NP_388099.1	ybfB
NP_388101.1	ybfF
NP_388102.1	ybfG
NP_388103.1	ybfH
NP_388104.1	ybfI
NP_388105.1	purT
NP_388106.1	mpr
NP_388107.1	ybfJ
NP_388108.1	cesB
NP_388109.1	pssA
NP_388110.1	ybfM
NP_388111.1	psd
NP_388112.1	ybfN
NP_388113.1	ybfO
NP_388114.1	ybfP
NP_388115.1	ybfQ
NP_388116.1	gltP
NP_388117.1	gamP
NP_388118.1	gamA
NP_388119.1	gamR
NP_388120.1	ybgB
NP_388121.1	ilvE
NP_388122.1	ybgF
NP_388123.1	ybgG
NP_388124.2	glnT
NP_388125.1	glsA
NP_388126.2	glnJ
NP_388127.1	glnL
NP_388128.2	kdgD
NP_388129.1	gucD
NP_388130.2	gudP
NP_388131.2	gudD
NP_388132.2	garR
NP_388133.2	garD
NP_388134.1	ycbJ
NP_388135.1	rtpA
NP_388136.1	ycbK
NP_388137.2	ycbL
NP_388138.2	ycbM
NP_388139.2	ycbN
NP_388140.3	ycbO
YP_009513940.1	
NP_388141.1	ycbP
NP_388142.2	cwlJ
NP_388143.2	ycbR
YP_003097673.1	yczK
NP_388144.2	phoD
NP_388145.2	tatAD
NP_388146.2	tatCD
NP_388147.1	pcp
NP_388148.2	ycbU
NP_388149.1	lmrB
NP_388150.1	lmrA
NP_388151.1	ansZ
NP_388152.1	estA
NP_388153.1	yczC
NP_388154.1	yccF
NP_388155.1	natK
NP_388156.1	natR
NP_388157.1	natA
NP_388158.1	natB
NP_388159.1	yccK
NP_388160.1	ycdA
YP_009513941.1	
NP_388161.1	ycdB
NP_388162.1	ycdC
NP_388163.1	cwlK
NP_388164.1	rapJ
NP_388165.1	ycdF
NP_388166.1	ycdG
NP_388167.1	znuA
NP_388168.1	znuC
NP_388169.1	znuB
NP_388170.2	yceB
NP_388171.1	yceC
NP_388172.1	yceD
NP_388173.1	yceE
NP_388174.1	yceF
NP_388175.1	yceG
NP_388176.1	yceH
NP_388177.1	niaP
NP_388178.1	yceJ
NP_388179.1	yceK
NP_388180.2	opuAA
NP_388181.1	opuAB
NP_388182.1	opuAC
NP_388183.2	amhX
NP_388184.2	ycgA
NP_388185.2	ycgB
NP_388186.2	amyE
NP_388187.2	lctE
NP_388188.2	lctP
NP_388189.2	mdr
NP_388190.2	ycgE
NP_388191.1	ycgF
NP_388192.2	ycgG
NP_388193.2	ycgH
NP_388194.3	ycgI
NP_388195.1	nadE
NP_388196.2	tmrB
NP_388197.2	aroK
NP_388198.2	ycgJ
NP_388199.2	ycgK
NP_388200.1	cah
NP_388201.1	ycgL
NP_388202.1	putB
NP_388203.2	putC
NP_388204.2	putP
NP_388205.2	putR
NP_388206.1	ycgQ
NP_388207.1	ycgR
NP_388208.1	ycgS
NP_388209.1	ffoR
NP_388210.1	nasF
NP_388211.1	nasE
NP_388212.1	nasD
NP_388213.2	nasC
NP_388214.2	nasB
NP_388215.2	nasA
NP_388216.2	folEB
NP_388217.2	yciB
YP_003097674.1	yczL
NP_388218.1	zinU
NP_388219.1	yckA
NP_388220.1	yckB
YP_009513942.1	
NP_388221.1	yckC
NP_388222.1	yckD
NP_388223.1	bglC
NP_388224.1	nin
NP_388225.3	nucA
NP_388226.2	tlpC
NP_388227.1	hxlB
NP_388228.1	hxlA
NP_388229.2	hxlR
NP_388230.2	srfAA
NP_388231.2	srfAB
NP_388232.1	comS
NP_388233.2	srfAC
NP_388234.1	srfAD
NP_388235.2	srfT
NP_388236.1	ycxB
NP_388237.2	ycxC
NP_388238.1	ycxD
NP_388240.2	yczE
NP_388241.2	tcyC
NP_388242.1	tcyB
NP_388243.2	tcyA
NP_388244.1	bsdA
NP_388245.1	ubiX
NP_388246.1	bsdC
YP_003097675.1	bsdD
NP_388247.2	yclD
NP_388248.2	yclE
NP_388249.2	dtpT
NP_388250.1	yclG
NP_388251.1	yczF
NP_388252.1	gerKA
NP_388253.1	gerKC
NP_388254.1	gerKB
NP_388255.1	yclH
NP_388256.2	yclI
NP_388257.1	yclJ
NP_388258.1	yclK
NP_388259.1	rapC
NP_388260.1	phrC
YP_003097676.1	yczM
YP_003097677.1	yczN
NP_388261.1	thrD
NP_388262.1	pbtN
NP_388263.1	pbtO
NP_388264.1	pbtP
NP_388265.1	pbtQ
NP_388266.1	ycnB
NP_388267.2	ycnC
NP_388268.1	nfrAB
NP_388269.1	ycnE
NP_388270.1	yczG
NP_388271.1	gabR
NP_388272.1	gabT
NP_388273.1	gabD
NP_388274.1	glcU
NP_388275.1	gdh
NP_388276.1	cutI
NP_388277.2	cutJ
NP_388278.1	cutR
NP_388279.1	ycnL
NP_388280.2	mtlA
YP_003097678.1	mtlF
NP_388281.2	mtlD
NP_388282.3	ycsA
NP_388283.1	sipU
NP_388284.2	yczH
NP_388285.2	ycsD
YP_003097679.1	yczO
NP_388286.2	ribZ
NP_388287.3	pxpA
NP_388288.3	pxpG
NP_388289.3	pxpI
NP_388290.2	pxpB
YP_054571.2	pxpC
NP_388291.2	pxpR
NP_388292.1	lipC
NP_388293.1	yczI
NP_388294.1	yczJ
NP_388295.1	pbpC
NP_388296.1	ycsN
NP_388297.1	mtlR
NP_388298.2	ydaB
NP_388299.1	ydaC
NP_388300.1	ydaD
NP_388301.1	lyxE
NP_388302.1	ydaF
NP_388303.1	ydaG
NP_388304.1	amj
NP_388305.1	ydzA
NP_388306.1	lrpC
NP_388307.1	topB
NP_388308.1	epsJ
NP_388309.1	epsK
NP_388310.1	ydaL
NP_388311.1	ydaM
NP_388312.1	ydaN
NP_388313.1	kimA
NP_388314.1	nudT
NP_388315.1	poxB
YP_009513943.1	
YP_003097680.1	ydzK
NP_388317.1	mntH
NP_388318.1	ydaS
NP_388319.1	ydaT
NP_388320.1	ydbA
NP_388321.1	gsiB
NP_388322.1	ydbB
NP_388323.1	ydbC
NP_388324.1	ydbD
NP_388325.1	dctB
NP_388326.1	dctS
NP_388327.1	dctR
NP_388328.1	dctP
NP_388329.1	ydbI
NP_388330.1	ydbJ
NP_388331.1	ydbK
NP_388332.1	ydbL
NP_388333.1	ydbM
NP_388334.1	fbpB
YP_009513944.1	fbpA
NP_388335.1	ydbO
NP_388336.1	ydbP
NP_388337.1	ddlA
NP_388338.1	murF
NP_388339.2	cshA
NP_388340.1	ydbS
NP_388341.1	ydbT
NP_388342.1	ydcA
NP_388343.1	acpS
NP_388344.2	ydcC
NP_388345.1	alrA
NP_388346.1	ndoAI
NP_388347.1	ndoA
NP_388348.1	rsbRA
NP_388349.1	rsbS
NP_388350.1	rsbT
NP_388351.1	rsbU
NP_388352.1	rsbV
NP_388353.1	rsbW
NP_388354.2	sigB
NP_388355.1	rsbX
YP_009513945.1	
NP_388356.1	ydcF
NP_388357.1	ydcG
NP_388358.1	ydcH
NP_388359.2	tex
YP_009513946.1	cmpA
NP_388360.1	ydcK
NP_388361.1	ydcL
NP_388362.1	immA
NP_388363.1	immR
NP_388364.1	xis
YP_003097681.1	ydzL
NP_388365.1	ydcO
YP_009513947.1	
NP_388366.1	helP
NP_388367.1	conQ
NP_388368.1	nicK
NP_388369.1	ydcS
NP_388370.1	ydcT
NP_388371.1	yddA
NP_388372.1	conB
NP_388373.1	conC
NP_388374.1	conD
NP_388375.3	conE
NP_388376.1	yddF
NP_388377.1	conG
NP_388378.1	cwlT
NP_388379.1	yddI
NP_388380.1	yddJ
NP_388381.1	yddK
NP_388382.1	rapI
NP_388383.1	phrI
NP_388384.1	yddM
NP_388385.1	yddN
NP_388386.1	lrpA
NP_388387.1	lrpB
NP_388388.1	yddQ
NP_388389.1	yddR
NP_388390.1	yddS
YP_003097682.1	ydzM
NP_388391.1	yddT
YP_003097683.1	ydzN
NP_388392.1	sufLC
NP_388393.1	cspC
NP_388394.1	cdnL
NP_388395.1	ydzE
NP_388396.1	ydeC
NP_388397.1	ydeD
NP_388398.1	ydeE
NP_388399.2	ydeF
NP_388400.1	ydeG
NP_388401.1	ydeH
NP_388402.1	ydeI
NP_388403.1	ydeJ
NP_388404.1	ydeK
NP_388405.1	ydeL
NP_388406.1	ydeM
NP_388407.1	ydeN
NP_388408.1	ydzF
NP_388409.1	ydeO
NP_388410.1	ydeP
NP_388411.1	ydeQ
NP_388412.1	ydeR
NP_388413.1	ydeS
YP_003097684.1	ydzO
NP_388414.1	aseR
NP_388415.1	arsF
NP_388416.1	ydfB
NP_388417.1	ydfC
NP_388418.1	ydfD
NP_388419.1	ydfE
NP_388420.1	ydfF
NP_388421.1	ydfG
YP_003097685.1	ydzP
YP_003097686.1	ydzQ
NP_388422.1	ydfH
NP_388423.1	ydfI
NP_388424.1	ydfJ
NP_388425.1	cesA
NP_388426.1	ydfK
NP_388427.1	ydfL
NP_388428.2	mneP
NP_388429.1	ydfN
NP_388430.1	ydfO
NP_388431.1	ydfP
NP_388432.1	ydfQ
NP_388433.1	ydzH
YP_003097687.1	ydzR
NP_388434.1	ydfR
NP_388435.1	ydfS
NP_388436.1	cotP
NP_388437.1	ydgA
NP_388438.1	ydgB
NP_388439.1	ydgC
NP_388440.1	ydgD
NP_388441.1	ydgE
NP_388442.1	vmlR
NP_388443.1	ydgF
NP_388444.1	dinB
NP_388445.1	ydgG
NP_388446.1	ydgH
NP_388447.1	ydgI
NP_388448.1	ydgJ
NP_388449.1	ydgK
NP_388450.2	ydhB
NP_388451.1	ydhC
NP_388452.2	spoL
NP_388453.2	ydhE
NP_388454.1	ydhF
NP_388455.2	phoB
NP_388456.1	fra
NP_388457.1	ydhH
NP_388458.1	ydhI
NP_388459.1	ydhJ
NP_388460.1	ydhK
NP_388461.2	pbuE
NP_388462.1	gmuB
NP_388463.2	gmuA
NP_388464.1	gmuC
NP_388465.1	gmuD
NP_388466.1	gmuR
NP_388467.1	gmuE
NP_388468.1	gmuF
NP_388469.2	gmuG
NP_388471.1	thiL
NP_388472.1	tsaE
NP_388473.1	tsaB
NP_388474.1	rimI
NP_388475.1	tsaD
NP_388476.2	ydiF
NP_388477.1	moaC
NP_388478.1	rex
NP_388479.1	tatAY
NP_388480.1	tatCY
NP_388481.1	ydiK
NP_388482.1	ydiL
NP_388483.2	groES
NP_388484.1	groEL
NP_388485.1	ydiM
YP_003097688.1	ydzU
NP_388487.1	bsuMA
NP_388488.1	bsuMB
NP_388490.1	bsuRA
NP_388491.1	bsuRB
NP_388492.1	bsuRC
NP_388493.1	ydjB
NP_388494.1	ydjC
NP_388495.1	gutR
NP_388496.1	gutB
NP_388497.1	gutP
NP_388498.1	ydjE
NP_388499.1	pspA
NP_388500.1	ydjG
NP_388501.1	ydjH
NP_388502.1	ydjI
NP_388503.1	ydjJ
NP_388504.1	iolT
NP_388505.1	bdhA
NP_388506.1	walM
NP_388507.1	ydjN
YP_003097689.1	ydzJ
NP_388508.1	ydjO
NP_388509.1	ydjP
NP_388510.1	yeaA
NP_388511.1	cotA
NP_388512.2	gabP
YP_003097690.1	ydzX
NP_388513.1	mneS
NP_388514.2	yeaC
NP_388515.2	yeaD
NP_388516.2	yebA
NP_388517.2	guaA
NP_388518.1	pbuG
NP_388519.2	yebC
NP_388520.3	yebD
NP_388521.2	yebE
NP_388523.1	yebG
NP_388524.1	purE
NP_388525.2	purK
NP_388526.1	purB
NP_388527.1	purC
NP_388528.1	purS
NP_388529.1	purQ
NP_388530.2	purL
NP_388531.2	purF
NP_388532.2	purM
NP_388533.2	purN
NP_388534.2	purH
NP_388535.1	purD
NP_388536.2	yezC
NP_388537.2	yecA
YP_003097691.1	yezF
NP_388538.1	yerA
NP_388539.1	yerB
NP_388540.1	yerC
NP_388541.1	yerD
NP_388542.1	pcrB
NP_388543.1	pcrA
NP_388544.1	ligA
NP_388545.1	yerH
NP_388546.1	yerI
NP_388547.1	sapB
NP_388548.1	opuE
NP_388549.1	gatC
NP_388550.1	gatA
NP_388551.2	gatB
NP_388552.1	yerO
NP_388553.2	srfP
NP_388554.1	dagK
NP_388555.1	rlmCD
NP_388556.1	yefB
NP_388557.2	yefC
NP_388558.1	yeeA
NP_388559.2	yeeB
NP_388560.2	yeeC
NP_388561.1	yeeD
NP_388562.1	yezA
YP_003097692.1	yezG
NP_388563.2	yeeF
NP_388564.2	yeeG
NP_388565.2	rapH
YP_003097693.1	phrH
NP_388566.3	yeeI
NP_388567.2	cotK
YP_054572.1	yezE
NP_388568.1	yesE
NP_388569.1	yesF
NP_388570.1	cotJA
NP_388571.2	cotJB
NP_388572.1	cotJC
NP_388573.1	yesJ
NP_388574.2	yesK
NP_388575.1	yesL
NP_388576.1	yesM
NP_388577.1	yesN
NP_388578.2	yesO
NP_388579.1	rhgP
NP_388580.1	rhgQ
NP_388581.1	rhgH
NP_388582.1	rhgR
NP_388583.1	rhgT
NP_388584.1	yesU
NP_388585.1	yesV
NP_388586.1	rhgW
NP_388587.1	rhgX
NP_388588.1	yesY
NP_388589.1	rhgZ
NP_388590.2	yetA
NP_388591.1	lplA
NP_388592.1	lplB
NP_388593.1	lplC
NP_388594.1	lplD
NP_388595.1	yetF
NP_388596.2	hmoA
NP_388597.1	yetH
NP_388600.1	yezD
NP_388601.1	calJ
NP_388602.1	yetK
NP_388603.1	flvL
NP_388604.1	flvM
NP_388605.1	yetN
NP_388606.1	cypD
NP_388607.2	ltaSA
NP_388608.1	spmH
NP_388609.2	spmG
NP_388610.1	yfnF
NP_388611.1	yfnE
NP_388612.1	yfnD
NP_388613.1	yfnC
NP_388614.1	pynN
NP_388615.1	mtrA
NP_388616.1	vdhT
NP_388617.1	yfmS
NP_388618.1	ettA
NP_388619.1	yfmQ
NP_388620.1	copP
NP_388621.1	copO
NP_388622.1	yfmN
NP_388623.2	ettM
NP_388624.1	yfmL
NP_388625.1	yfmK
NP_388626.1	yfmJ
NP_388627.1	yfmI
NP_388629.1	yfmG
NP_388630.1	fecF
NP_388631.1	fecE
NP_388632.1	fecD
NP_388633.1	fecC
NP_388634.1	yfmB
NP_388636.1	yflT
NP_388637.1	pelA
NP_388638.1	maeS
NP_388639.1	citS
NP_388640.1	citT
NP_388641.2	yflP
NP_388642.1	citM
NP_388643.1	yflN
NP_388644.2	nosA
NP_388645.1	acyP
NP_388646.1	yflK
NP_388647.1	yflJ
NP_388648.1	yflI
NP_388649.1	yflH
NP_388650.1	mapB
NP_388651.1	nagP
NP_388652.1	ltaSB
NP_388653.1	yflD
NP_388655.2	yflB
NP_388656.1	yflA
NP_388657.1	yfkT
NP_388658.1	yfkS
NP_388659.1	yfkR
NP_388660.1	yfkQ
NP_388661.1	treP
NP_388662.1	treA
NP_388663.1	treR
NP_388664.1	hypO
NP_388665.1	yfkN
NP_388666.1	sufLB
NP_388667.1	yfkL
NP_388668.1	yfkK
NP_388669.1	yfkJ
NP_388670.1	yfkI
NP_388671.1	rbn
NP_388672.1	yfkF
NP_388673.1	chaA
NP_388674.1	yfkD
NP_388675.1	mscC
NP_388677.2	yfkA
NP_388678.1	yfjT
NP_388679.1	pdaA
NP_388680.2	yfjR
NP_388681.1	yfjQ
NP_388682.1	yfjP
NP_388683.1	yfjO
YP_003097694.1	yfzA
NP_388684.1	dusC
NP_388685.1	yfjM
NP_388686.1	yfjL
NP_388687.1	acoA
NP_388688.1	acoB
NP_388689.1	acoC
NP_388690.1	acoL
NP_388691.1	acoR
NP_388692.1	sspH
NP_388693.1	yfjF
NP_388694.1	yfjE
NP_388695.1	yfjD
NP_388696.1	yfjC
NP_388697.1	yfjB
NP_388698.1	yfjA
NP_388699.1	malA
NP_388700.1	malR
NP_388701.1	malP
NP_388702.1	yfiB
NP_388703.1	yfiC
NP_388704.1	catD
NP_388705.2	catE
NP_388706.1	yfiF
NP_388707.1	yfiG
NP_388708.1	yfiH
NP_388709.1	yfiI
NP_388710.1	linJ
NP_388711.1	linK
NP_388712.2	bifL
NP_388713.1	bifM
NP_388714.1	bifN
NP_388715.1	padR
NP_388716.1	estB
NP_388717.1	icaC
NP_388718.1	yfiR
NP_388719.1	yfiS
NP_388720.1	bstA
NP_388721.1	yfiU
NP_388722.1	yfiV
YP_003097695.1	mprF
NP_388725.1	sxzY
NP_388726.1	sxzZ
NP_388727.1	sxzA
NP_388728.1	yfhB
NP_388729.1	yfhC
NP_388730.1	yfhD
NP_388731.1	yfhE
NP_388732.1	yfhF
NP_388733.1	recX
NP_388734.1	yfhH
NP_388735.1	yfhI
YP_054573.1	sspK
NP_388736.1	yfhJ
NP_388737.1	yfhK
NP_388738.1	spdL
NP_388739.1	ephM
NP_388740.1	csbB
NP_388741.2	yfhO
NP_388742.1	yfhP
NP_388743.1	mutY
NP_388744.1	yfhS
NP_388745.1	fabL
NP_388746.1	sspE
NP_388747.1	ygaB
NP_388748.3	ygaC
NP_388749.2	ygaD
NP_388750.1	ygaE
NP_388751.3	gsaB
YP_054574.1	bcp
NP_388753.1	perR
YP_054575.1	ygzB
NP_388755.1	ygxA
NP_388756.2	spo0M
NP_388757.2	ygzA
YP_003097696.1	ygzC
NP_388758.2	ygaJ
NP_388759.2	thiC
NP_388760.2	ygaK
NP_388761.2	senS
NP_388762.2	katA
NP_388763.3	ssuB
NP_388764.1	ssuA
NP_388765.1	ssuC
NP_388766.2	ssuD
NP_388767.1	ygaN
NP_388768.1	rpsNB
NP_388769.1	ygaO
YP_003097697.1	ygzD
NP_388771.1	yhzB
NP_388772.2	queG
NP_388773.1	yhbB
NP_388774.2	trmL
NP_388775.1	yhbD
NP_388776.1	yhbE
NP_388777.2	yhbF
NP_388778.1	prkA
NP_388779.1	yhbH
NP_388780.1	yhbI
NP_388781.1	yhbJ
NP_388782.1	yhcA
NP_388783.1	yhcB
NP_388784.1	yhcC
NP_388785.1	yhcD
NP_388786.1	yhcE
NP_388787.1	yhcF
NP_388788.1	yhcG
NP_388789.1	yhcH
NP_388790.1	yhcI
NP_388791.1	cspB
NP_388792.2	yhcJ
NP_388793.1	dgcK
NP_388794.1	tcyP
NP_388795.1	yhcM
NP_388796.2	yhcN
NP_388797.2	yhcO
NP_388799.1	yhcQ
NP_388800.1	mncR
NP_388801.1	srtA
NP_388802.2	yhcT
NP_388803.2	yhcU
NP_388804.1	yhcV
NP_388805.1	glpW
NP_388806.2	yhcX
NP_388807.2	yhxA
NP_388808.1	glpP
NP_388809.1	glpF
NP_388810.2	glpK
NP_388811.2	glpD
NP_388812.2	pgcA
NP_388813.1	yhcY
NP_388814.1	yhcZ
NP_388815.1	azr
NP_388816.1	yhdB
NP_388817.1	yhdC
NP_388818.2	lytF
NP_388819.1	nsrR
NP_388820.1	ygxB
NP_388821.1	spoVR
NP_388822.2	phoA
NP_388823.2	lytE
NP_388824.2	citR
NP_388825.2	citA
NP_388826.1	yhdF
NP_388827.1	bcaP
NP_388828.1	yhdH
NP_388829.1	yhdI
NP_388830.1	yhdJ
NP_388831.1	asiMB
NP_388832.1	asiMA
NP_388833.1	sigM
NP_388834.1	akrN
NP_388835.1	plsC
NP_388836.1	yhdP
NP_388837.1	cueR
NP_388838.1	yhdR
NP_388840.1	yhdT
NP_388841.1	crcBA
NP_388842.1	crcBB
NP_388843.1	yhdW
NP_388844.1	yhdX
NP_388845.1	mscY
NP_388846.1	srtN
NP_388847.1	yheN
NP_388848.1	dat
NP_388849.1	nhaC
NP_388850.2	nhaX
NP_388851.1	bmrB
NP_388852.1	bmrC
NP_388853.1	bmrD
NP_388854.1	yheG
NP_388855.1	yheF
NP_388856.1	sspB
NP_388857.1	yheE
NP_388858.2	spaD
NP_388859.1	spaC
NP_388860.1	yheB
NP_388861.1	yheA
NP_388862.1	yhaZ
NP_388864.2	yhaX
NP_388865.1	hemZ
NP_388866.2	khtU
NP_388867.1	khtT
NP_388868.1	khtS
NP_388869.3	yhaR
YP_003097698.1	yhzD
NP_388870.2	yhaQ
NP_388871.2	yhaP
NP_388872.1	yhaO
NP_388873.1	sbcE
NP_388874.1	yhaM
NP_388875.1	yhaL
NP_388876.1	prsA
YP_003097699.1	sscA
YP_009513948.1	sscB
NP_388878.2	yhaJ
NP_388879.1	yhaI
NP_388880.1	scoC
NP_388881.1	yhaH
YP_003097700.1	yhzF
NP_388882.2	trpP
NP_388883.1	serC
NP_388884.1	hinT
NP_388885.1	ecsA
NP_388886.1	ecsB
NP_388887.1	ecsC
NP_388888.2	sndC
NP_388889.1	yhfA
NP_388890.1	yhgB
NP_388891.1	hmoB
NP_388892.2	pbpF
NP_388893.1	hemE
NP_388894.1	hemH
NP_388895.1	hemY
NP_388896.1	yhgD
NP_388897.1	yhgE
NP_388898.1	fabHB
NP_388899.1	yhfC
NP_388901.1	yhfE
NP_388902.1	yhfF
NP_388903.1	gltT
NP_388904.1	yhfH
NP_388905.1	yhfI
NP_388906.1	lplJ
NP_388907.1	yhfK
NP_388908.2	lcfB
NP_388909.1	yhfM
NP_388910.1	yhfN
NP_388911.2	aprE
NP_388912.1	yhfO
NP_388913.1	yhfP
NP_388914.2	yhfQ
NP_388915.1	phoE
NP_388916.1	yhfS
NP_388917.1	yhfT
NP_388918.1	bioY
NP_388919.1	hemAT
NP_388920.1	yhfW
NP_388921.1	yhxC
NP_388922.1	yhzC
NP_388923.1	comK
NP_388924.1	yhxD
NP_388925.1	yhjA
NP_388926.1	yhjB
NP_388927.1	yhjC
NP_388928.1	yhjD
NP_388929.1	yhjE
NP_388930.1	sipV
NP_388931.1	yhjG
NP_388932.1	yhjH
NP_388933.1	glcP
NP_388934.2	ntdC
NP_388935.2	ntdB
NP_388936.1	ntdA
NP_388937.1	ntdR
NP_388938.1	yhjN
NP_388939.1	yhjO
NP_388940.1	yhjP
NP_388941.1	yhjQ
NP_388942.1	yhjR
NP_388943.2	addB
NP_388944.2	addA
NP_388945.3	sbcD
NP_388946.2	sbcC
NP_388947.1	hlpB
NP_388948.2	gerPF
NP_388949.1	gerPE
NP_388950.1	gerPD
NP_388951.1	gerPC
NP_388952.2	gerPB
NP_388953.1	gerPA
NP_388954.1	pchI
NP_388955.1	yisJ
NP_388956.1	mblK
NP_388957.1	yisL
NP_388958.1	wprA
NP_388959.1	yisN
NP_388960.2	asnO
YP_054576.1	yizA
NP_388961.1	farP
NP_388962.1	yisQ
NP_388963.1	yisR
NP_388964.1	iolQ
NP_388965.1	iolX
NP_388966.2	yisT
NP_388967.1	yisU
NP_388968.2	yisV
NP_388970.1	yisX
NP_388971.1	yisY
NP_388972.1	yisZ
NP_388973.2	yitA
NP_388974.2	yitB
NP_388975.1	slpH
NP_388976.1	slpS
NP_388977.1	yitE
NP_388978.1	yitF
NP_388979.1	yitG
NP_388980.1	yitH
NP_388981.2	yitI
NP_388982.1	samT
NP_388983.1	yitK
NP_388984.1	yitL
NP_388985.1	yitM
NP_388987.2	yitO
NP_388988.1	yitP
YP_003097701.1	yizB
NP_388989.2	yitQ
NP_388990.1	yitR
NP_388991.1	nprB
NP_388992.1	fakBB
NP_388993.1	yitT
NP_388994.1	ipi
YP_003097702.1	yizC
NP_388995.1	ribZC
NP_388996.1	yitV
NP_388997.1	yitW
NP_388999.3	yitY
NP_389000.1	yitZ
NP_389001.2	argC
NP_389002.2	argJ
NP_389003.1	argB
NP_389004.2	argD
NP_389005.2	carA
NP_389006.3	carB
NP_389007.1	argF
NP_389008.1	yjzC
NP_389009.1	yjzD
NP_389010.1	yjaU
NP_389011.2	yjaV
NP_389012.2	med
NP_389013.1	comZ
NP_389014.1	yjzB
NP_389015.1	fabHA
NP_389016.1	fabF
NP_389017.1	yjaZ
NP_389018.1	appD
NP_389019.2	appF
NP_389021.2	appB
NP_389022.1	appC
NP_389023.1	yjbA
NP_389024.1	trpS
NP_389025.1	oppA
NP_389026.1	oppB
NP_389027.1	oppC
NP_389028.1	oppD
NP_389029.1	oppF
NP_389030.2	yjbB
NP_389031.2	yjbC
NP_389032.1	spxA
NP_389033.1	yjbE
YP_009513949.1	
NP_389034.1	mecA
YP_009513950.1	
NP_389035.1	coiA
NP_389036.2	pepF
YP_003097703.1	yizD
NP_389037.2	spxH
NP_389038.1	yjbI
NP_389039.1	cwlQ
NP_389040.1	yjbK
NP_389041.1	yjbL
NP_389042.1	relP
NP_389043.1	ppnKA
NP_389044.1	yjbO
NP_389045.1	prpE
NP_389046.1	kefQ
NP_389047.1	tenA
NP_389048.1	tenI
NP_389049.1	thiO
NP_389050.1	thiS
NP_389051.1	thiG
NP_389052.1	thiF
NP_389053.1	thiD
NP_389054.2	fabI
NP_389055.1	cotO
NP_389056.1	cotZ
NP_389057.1	cotY
NP_389058.1	cotX
NP_389059.1	cotW
NP_389060.1	cotV
NP_389061.1	yjcA
YP_003097704.1	yjzK
YP_009513951.1	yjcB
YP_003097705.1	yjcZ
NP_389063.2	spoVIF
NP_389064.3	yjcD
YP_003097706.1	yjzE
NP_389066.1	yjcF
NP_389067.1	yjcG
NP_389068.1	yjcH
NP_389069.1	metI
NP_389070.1	metC
NP_389071.1	yjcK
NP_389072.1	yjcL
NP_389073.1	yjcM
NP_389074.1	yjcN
YP_003097707.1	yjzF
YP_003097708.1	yjzG
NP_389075.1	yjcO
NP_389076.1	yjcP
NP_389077.1	yjcQ
NP_389078.1	yjcR
NP_389079.1	yjcS
NP_389080.1	yjdA
NP_389081.1	yjdB
NP_389082.2	manR
NP_389083.2	manP
NP_389084.1	manA
NP_389085.1	yjdF
NP_389086.1	yjdG
NP_389087.2	yjdH
NP_389088.1	trnE
YP_003097709.1	yjzH
NP_389089.1	yjdJ
NP_389090.2	ctaO
NP_389091.2	cotT
NP_389092.1	pdaC
NP_389093.1	yjfA
NP_389094.1	yjfB
NP_389095.2	yjfC
NP_389096.1	yjgA
NP_389097.1	yjgB
NP_389098.1	yjgC
NP_389099.1	yjgD
NP_389100.1	yjhA
NP_389101.2	yjhB
NP_389102.1	yjiA
NP_389103.1	cypE
NP_389104.1	ppuG
YP_003097710.1	yjzI
NP_389105.1	yjjA
NP_389106.1	yjkA
NP_389107.1	yjkB
NP_389108.1	yjlA
NP_389109.1	yjlB
NP_389110.1	yjlC
NP_389111.1	ndh
NP_389112.1	uxaC
NP_389113.1	exuM
NP_389114.1	yjmC
NP_389115.1	yjmD
NP_389116.1	uxuA
NP_389117.1	uxuB
NP_389118.1	exuT
NP_389119.1	exuR
NP_389120.1	uxaB
NP_389121.2	uxaA
NP_389122.1	yjnA
NP_389123.1	yjoA
NP_389124.1	yjoB
NP_389125.1	rapA
NP_389126.1	phrA
NP_389127.2	yjpA
NP_389128.1	xlyB
NP_389129.1	yjqA
NP_389130.1	pghB
NP_389131.2	xpdC
NP_389132.3	xkdA
NP_389133.1	xre
YP_003097711.1	yjzJ
NP_389134.2	xkdB
NP_389135.2	xkdC
YP_003097712.1	ykzK
NP_389136.1	xkdD
NP_389137.1	xtrA
NP_389138.1	xpf
NP_389139.1	xtmA
NP_389140.1	xtmB
NP_389141.2	xkdE
NP_389142.2	xkdF
NP_389143.1	xkdG
YP_003097713.1	ykzL
NP_389144.1	xkdH
NP_389145.1	xkdI
NP_389146.1	xkdJ
YP_003097714.1	ykzM
NP_389147.2	xkdK
NP_389148.1	xkdM
NP_389149.2	xkdN
YP_003097715.1	xkzB
NP_389150.2	xkdO
NP_389151.2	xkdP
NP_389152.1	xkdQ
NP_389153.1	xkdR
NP_389154.1	xkdS
NP_389155.1	xkdT
NP_389156.1	xkdU
YP_003097716.1	xkzA
NP_389158.1	xkdV
NP_389159.1	xkdW
NP_389160.1	xkdX
NP_389161.2	xepA
NP_389162.1	xhlA
NP_389163.1	xhlB
NP_389164.1	xlyA
YP_009513952.1	spoIISC
NP_389165.1	spoIISB
NP_389166.1	spoIISA
NP_389167.2	pitB
NP_389168.1	ykaA
NP_389169.1	steT
NP_389170.1	mhqA
YP_009513953.1	
NP_389171.2	ykcB
NP_389172.2	ykcC
NP_389173.2	htrA
NP_389174.1	proCC
NP_389175.2	dppA
NP_389176.1	dppB
NP_389177.1	dppC
NP_389178.1	dppD
NP_389179.2	dppE
NP_389180.2	ldcA
NP_389181.1	aeeB
NP_389182.2	eepC
NP_389183.2	ykfD
NP_389184.1	pgl
NP_389185.2	ddaH
NP_389186.2	ykhA
NP_389187.1	hmpA
NP_389188.1	ykzH
NP_389189.1	ykjA
NP_389190.1	ykkA
NP_389191.1	ykkB
NP_389192.1	gdnC
NP_389193.1	gdnD
NP_389194.2	purU
NP_389195.2	proB
NP_389196.2	proA
NP_389197.1	ohrA
NP_389198.1	ohrR
NP_389199.1	ohrB
YP_003097717.1	ykzN
NP_389200.1	guaN
NP_389201.2	metE
NP_389202.1	ispA
NP_389203.1	rsbRB
NP_389204.1	thiX
NP_389205.2	thiW
NP_389206.2	thiV
NP_389207.1	thiU
NP_389208.1	ykoG
NP_389209.1	ykoH
NP_389210.1	ykoI
NP_389211.1	ykoJ
NP_389212.1	ykzD
NP_389213.1	mgtE
NP_389214.1	tnrA
NP_389215.1	ykzB
NP_389216.1	ykoL
NP_389217.1	ykoM
NP_389218.2	ykoN
NP_389219.2	ykoP
NP_389220.1	ykoQ
NP_389221.1	ykoS
NP_389222.1	ykoT
NP_389223.1	ligD
NP_389224.1	ligV
YP_054577.2	dgcW
NP_389226.1	ykoX
NP_389227.1	ykoY
NP_389228.1	sigI
NP_389229.1	rsgI
NP_389230.1	sspD
NP_389231.1	htpK
NP_389232.1	htpX
NP_389233.1	ktrD
YP_003097718.1	ykzP
NP_389234.1	ykzE
NP_389235.1	ykrP
NP_389236.1	kinE
NP_389237.1	ogt
YP_009513954.1	
NP_389238.1	mtnA
NP_389239.2	mtnK
NP_389240.1	mtnU
NP_389241.1	mtnE
NP_389242.2	mtnW
NP_389243.1	mtnX
NP_389244.1	mtnB
NP_389245.1	mtnD
NP_389246.1	ykvA
NP_389247.1	spo0E
NP_389248.1	eag
NP_389249.1	kinD
NP_389250.1	mhqR
NP_389251.1	motB
NP_389252.1	motA
NP_389253.1	clpE
NP_389254.1	ykvI
NP_389255.1	queC
NP_389256.1	queD
NP_389257.1	queE
NP_389258.1	queF
NP_389259.1	ykvN
NP_389260.1	ykvO
NP_389261.1	ykvP
YP_003097719.1	ykzQ
NP_389263.1	ykvR
NP_389264.2	ykvS
YP_003097721.1	ykzS
NP_389265.1	ykvT
NP_389266.1	ykvU
NP_389267.1	stoA
NP_389268.1	pfeT
NP_389269.1	papB
NP_389270.1	ykvZ
NP_389271.2	glcT
NP_389272.1	ptsG
NP_389273.1	ptsH
NP_389274.2	ptsI
NP_389275.1	splA
NP_389276.1	splB
NP_389277.2	ykwB
NP_389278.2	mcpC
NP_389279.1	ohaC
NP_389280.2	ykwD
NP_389281.2	pbpH
NP_389282.1	kinA
NP_389283.2	dapX
YP_003097722.1	ykzT
NP_389284.1	cheV
NP_389285.1	kre
NP_389286.2	ykuC
NP_389287.1	ltdD
NP_389288.2	ppeE
NP_389289.1	fadH
YP_003097723.1	ykuG
YP_003097724.1	ykzU
NP_389291.1	ykuH
NP_389292.1	ykuI
NP_389293.1	ykuJ
NP_389294.1	ykuK
NP_389295.1	abbA
NP_389296.1	ykuL
NP_389297.1	ccpC
NP_389298.1	fldN
NP_389299.1	ykuO
NP_389300.2	fldP
NP_389301.2	dapH
NP_389302.1	dapI
NP_389303.1	ykuS
NP_389304.2	mscT
NP_389305.1	ahpA
NP_389306.2	ykuV
NP_389307.1	rok
NP_389308.1	sppO
NP_389309.1	mobA
NP_389310.1	moeB
NP_389311.1	moeA
NP_389312.1	mobB
NP_389313.1	moaE
NP_389314.1	moaD
NP_389315.1	yknU
NP_389316.1	yknV
NP_389317.1	skiW
NP_389318.1	skiX
NP_389319.1	skiY
NP_389320.1	skiZ
NP_389321.1	fruR
NP_389322.1	fruK
NP_389323.1	fruA
NP_389324.1	sipT
NP_389325.1	ykoA
NP_389326.1	ykpA
NP_389327.1	panE
NP_389328.1	ampS
NP_389329.1	ykpC
NP_389330.1	mreBH
NP_389331.1	abhA
NP_389332.1	kinC
NP_389333.1	ykqA
NP_389334.1	ktrC
NP_389335.2	adeC
NP_389336.1	rnjA
NP_389337.1	rnpZA
NP_389338.1	ykrA
NP_389339.1	defB
YP_003097725.1	ykzV
YP_009513955.1	
NP_389340.2	ykyA
NP_389341.1	pdhA
NP_389342.1	pdhB
NP_389343.1	pdhC
NP_389344.1	pdhD
NP_389345.1	slp
YP_003097726.1	rgpA
NP_389346.1	speA
NP_389347.1	yktA
NP_389348.1	yktB
NP_389349.1	ykzI
NP_389350.1	suhB
NP_389351.1	ykzC
NP_389352.1	yktD
NP_389353.1	nprE
NP_389354.1	ylaA
NP_389355.1	ylaB
NP_389356.1	sigP
NP_389357.1	sigQ
NP_389358.1	ylaE
NP_389359.1	ylaF
NP_389360.1	bipA
NP_389361.1	ylaH
NP_389362.1	ylaI
NP_389363.1	ylaJ
NP_389364.1	ylaK
NP_389365.1	ylaL
NP_389366.1	glsB
NP_389367.1	ylaN
NP_389368.1	ftsW
NP_389369.1	pycA
NP_389370.1	ctaA
NP_389371.1	ctaB
NP_389372.1	ctaC
NP_389373.2	ctaD
NP_389374.1	ctaE
NP_389375.1	ctaF
NP_389376.1	ctaG
NP_389377.1	ylbA
NP_389378.2	ylbB
NP_389379.1	ylbC
NP_389380.1	ylbD
NP_389381.1	ylbE
NP_389382.1	ricF
NP_389383.1	ylbG
NP_389384.2	rsmD
NP_389385.1	coaD
NP_389386.1	spoVV
NP_389387.1	ylbK
NP_389388.2	ylbL
NP_389389.1	ylbM
YP_003097727.1	ylzH
NP_389390.1	ylbN
NP_389391.1	rpmF
NP_389392.1	gerR
NP_389393.2	ylbP
NP_389394.1	panE
NP_389395.2	bshC
NP_389396.1	mraZ
NP_389397.1	rsmH
NP_389398.1	ftsL
NP_389399.2	pbpB
NP_389400.2	spoVD
NP_389401.1	murE
NP_389402.2	mraY
NP_389403.1	murD
NP_389404.1	spoVE
NP_389405.2	murG
NP_389406.1	murB
NP_389407.1	divIB
NP_389408.2	ylxW
NP_389409.2	ylxX
NP_389410.1	sbp
NP_389411.2	ftsA
NP_389412.2	ftsZ
NP_389413.1	bpr
NP_389414.1	spoIIGA
NP_389415.2	sigE
NP_389416.1	sigG
NP_389417.2	ylmA
NP_389418.2	thiQ
NP_389419.1	ylmC
NP_389420.1	ylmD
NP_389421.1	ylmE
NP_389422.3	sepF
NP_389423.1	ylmG
NP_389424.1	ylmH
NP_389425.1	divIVA
NP_389426.2	ileS
NP_389427.2	ylyA
NP_389428.1	lspA
NP_389429.3	rluD
NP_389430.1	pyrR
NP_389431.2	pyrP
NP_389432.2	pyrB
NP_389433.2	pyrC
NP_389434.1	pyrAA
NP_389435.1	pyrAB
NP_389436.1	pyrK
NP_389437.1	pyrD
NP_389438.1	pyrF
NP_389439.1	pyrE
NP_389440.1	cysH
NP_389441.1	cysP
NP_389442.1	sat
NP_389443.1	cysC
NP_389444.1	sumT
NP_389445.1	sirB
NP_389446.1	sirC
NP_389447.1	fbnA
NP_389448.1	tcaB
NP_389449.1	yloC
NP_570902.1	remA
NP_389450.2	gmk
NP_389451.1	rpoZ
NP_389452.1	coaBC
NP_389453.1	priA
NP_389454.1	defA
NP_389455.1	fmt
NP_389456.1	rsmB
NP_389457.1	rlmN
NP_389458.1	prpC
NP_389459.1	prkC
NP_389460.1	rsgA
NP_389461.1	rpe
NP_389462.1	thiN
NP_389463.1	spoVM
NP_389464.1	rpmB
NP_389465.1	yloU
NP_389466.1	yloV
NP_389467.1	sdaAB
NP_389468.1	sdaAA
NP_389469.1	recG
NP_389470.1	fapR
NP_389471.1	plsX
NP_389472.1	fabD
NP_389473.1	fabG
NP_389474.1	acpA
NP_389475.1	rnc
NP_389476.2	smc
NP_389477.1	ftsY
NP_389478.1	ylqB
NP_389479.1	ylxM
NP_389480.1	ffh
NP_389481.1	rpsP
NP_389482.1	ylqC
NP_389483.1	ylqD
NP_389484.1	rimM
NP_389485.1	trmD
NP_389486.2	rplS
NP_389487.1	rbgA
NP_389488.1	rnhB
NP_389489.1	ylqG
NP_389490.1	ylqH
NP_389491.1	sucC
NP_389492.1	sucD
NP_389493.1	dprA
NP_389494.1	topA
NP_389495.1	trmFO
NP_389496.1	codV
NP_389497.1	clpQ
NP_389498.1	clpY
NP_389499.1	codY
NP_389500.1	flgB
NP_389501.1	flgC
NP_389502.1	fliE
NP_389503.1	fliF
NP_389504.1	fliG
NP_389505.2	fliH
NP_389506.2	fliI
NP_389507.1	fliJ
NP_389508.2	ylxF
NP_389509.2	fliK
NP_389510.1	flgD
NP_389511.2	flgE
YP_003097728.1	swrD
NP_389512.1	fliL
NP_389513.1	fliM
NP_389514.1	fliY
NP_389515.1	cheY
NP_389516.1	fliZ
NP_389517.1	fliP
NP_389518.1	fliQ
NP_389519.2	fliR
NP_389520.1	flhB
NP_389521.2	flhA
NP_389522.1	flhF
NP_389523.1	flhG
NP_389524.2	cheB
NP_389525.2	cheA
NP_389526.1	cheW
NP_389527.1	cheC
NP_389528.1	cheD
NP_389529.1	sigD
NP_389530.1	swrB
NP_389531.1	rpsB
NP_389532.1	tsf
NP_389533.2	pyrH
NP_389534.1	frr
NP_389535.1	uppS
NP_389536.1	cdsA
NP_389537.2	dxr
NP_389538.1	rasP
NP_389539.1	proS
NP_389540.1	polC
NP_389541.1	rimP
NP_389542.1	nusA
NP_389543.1	rulR
NP_389544.1	rulQ
NP_389545.1	infB
NP_389547.1	rbfA
NP_389548.1	truB
NP_389549.1	ribC
NP_389550.1	rpsO
NP_389551.1	pnpA
NP_389552.1	ylxY
NP_389553.2	mlpA
NP_389554.1	ymxH
NP_389555.1	spoVFA
NP_389556.1	spoVFB
NP_389557.1	asd
NP_389558.2	dapG
NP_389559.1	dapA
NP_389560.2	rnjB
NP_389561.3	tepA
YP_003097729.1	tepJ
NP_389562.3	spoIIIE
NP_389563.1	ymfC
NP_389564.2	bcbE
NP_389566.2	ymfF
NP_389568.2	ymfH
NP_389569.2	efpI
NP_389570.1	ymfJ
NP_389573.3	rodZ
NP_389574.2	pgsA
NP_389575.2	cinA
NP_389576.2	recA
NP_389577.1	pbpX
NP_389578.1	rny
NP_389579.2	pdeB
NP_389580.1	spoVS
NP_389581.1	tdh
NP_389582.1	kbl
NP_389583.1	miaB
NP_389584.1	ricA
NP_389585.1	cotE
NP_389586.2	mutS
NP_389587.1	mutL
YP_054578.1	ymzD
NP_389588.1	ymcC
NP_389589.1	pksA
NP_389590.1	pksB
YP_009513956.1	
NP_389591.1	pksC
NP_389592.2	pksD
NP_389593.3	pksE
NP_570904.1	acpK
NP_389594.2	pksF
NP_389595.2	pksG
NP_389596.1	pksH
NP_389597.2	pksI
NP_389598.3	pksJ
NP_389600.3	pksL
NP_389601.3	pksM
NP_389602.3	pksN
NP_389604.2	pksR
NP_389605.2	pksS
NP_389606.3	ymzB
NP_389607.2	ymaE
NP_389608.1	aprX
NP_389609.1	pghC
NP_389610.1	ymaD
NP_389611.1	ebrB
NP_389612.1	ebrA
NP_389613.2	ymaG
NP_389614.2	ymaF
NP_389615.2	miaA
NP_389616.1	hfq
NP_389617.1	ymzC
NP_389618.1	ymzA
NP_389619.1	nrdI
NP_389620.1	nrdE
NP_389621.1	nrdF
NP_389622.1	ymaB
NP_389623.2	cwlC
NP_389624.2	spoVK
NP_389625.2	hflX
NP_389626.2	ynbB
NP_389627.1	glnR
NP_389628.1	glnA
NP_389629.1	ynxB
NP_389630.1	ynzF
NP_389631.1	ynzG
NP_389632.2	ynaB
NP_389633.1	ynaC
NP_389634.1	ynaD
NP_389635.1	ynaE
NP_389636.1	ynaF
NP_389637.1	ynaG
YP_003097730.1	ynzI
NP_389638.3	ynaI
NP_389639.2	xynP
NP_389640.2	xynB
NP_389641.3	xylR
NP_389642.2	xylA
NP_389643.1	xylB
NP_389644.1	yncB
NP_389645.2	yncC
NP_389646.1	alrB
NP_389648.2	yncE
NP_389649.1	dutA
NP_389650.1	cotU
YP_009513957.1	
NP_389651.1	thyA
YP_009513958.1	
NP_389652.2	yncM
YP_003097731.1	ynzK
NP_389653.2	cotC
NP_389654.1	tatAC
YP_009513959.1	
NP_389655.1	yndA
NP_389656.1	flvS
NP_389657.2	ynzB
NP_389658.1	yndD
NP_389659.1	yndE
NP_389660.1	yndF
NP_389661.1	yndG
NP_389662.1	yndH
NP_389663.1	yndJ
NP_389664.1	yndK
NP_389665.1	pghL
NP_389666.1	yndM
NP_389667.1	fosB
YP_009513960.1	yzzP
NP_389668.1	lexA
NP_389669.1	dinK
NP_389670.1	dinL
NP_389671.1	ynzC
NP_389672.1	tktA
NP_389673.1	pcfA
NP_389674.1	yneF
NP_389675.1	spo0D
NP_389676.1	ccdA
NP_389677.1	yneI
NP_389678.1	yneJ
NP_389679.1	yneK
NP_389680.1	cotM
NP_389681.1	sspP
NP_389682.1	sspO
NP_389683.1	citB
NP_389684.1	yneN
YP_003097732.1	ynzL
YP_054579.2	sspN
NP_389685.1	sspT
YP_054580.1	yneP
NP_389687.1	yneQ
NP_389688.1	yneR
NP_389689.1	plsY
NP_389690.1	yneT
NP_389691.2	parE
NP_389692.2	parC
NP_389694.1	alsT
NP_389695.2	eglS
NP_389696.1	ynfE
NP_389697.1	xynC
NP_389698.1	xynD
NP_389699.1	yngA
NP_389700.1	yngB
NP_389701.1	yngC
NP_389702.1	nrnB
NP_389703.2	ldeE
NP_389704.1	ldeF
NP_389705.1	ldeG
YP_003097733.1	lgeHB
NP_389706.1	ldeHA
NP_389707.1	ldeI
NP_389708.1	ldeJ
NP_389709.1	ynzE
YP_009513961.1	
NP_389710.1	yngK
NP_389711.1	yngL
NP_389712.1	ppsE
NP_389713.2	ppsD
NP_389714.1	ppsC
NP_389715.1	ppsB
NP_389716.2	ppsA
NP_389717.1	dacC
NP_389718.1	galM
NP_389719.2	yoeA
NP_389720.2	iseA
NP_389721.2	yoeC
NP_389722.1	yoeD
NP_389723.1	ggt
NP_389724.1	ftsR
NP_389725.1	yogA
NP_389726.2	gltB
NP_389727.2	gltA
NP_389728.2	gltC
NP_389729.1	proJ
NP_389730.2	proH
NP_389731.1	rtp
NP_389732.1	yoxD
NP_389733.1	yoxC
NP_389734.1	yoxB
NP_389735.2	yoaA
NP_389736.1	yoaB
NP_389737.1	yoaC
NP_389738.1	yoaD
NP_389739.2	yoaE
NP_389740.1	yoaF
NP_389741.1	yoaG
YP_009513962.1	
YP_009513963.1	
YP_054581.1	yozQ
NP_389742.2	yoaH
NP_389743.2	yoaI
NP_389744.1	exlX
NP_389745.1	yoaK
NP_389746.1	pelB
NP_389747.1	yoaM
YP_003097734.1	yozS
NP_389748.1	oxdD
NP_389749.1	yoaO
YP_009513964.1	
NP_389750.1	yoaP
NP_389751.1	yoaQ
YP_003097735.1	yozT
NP_389752.2	yozF
NP_389753.1	yoaR
NP_389754.1	yoaS
NP_389755.1	yozG
NP_389756.1	yoaT
NP_389757.1	yoaU
NP_389758.1	yoaV
NP_389759.1	yoaW
NP_389760.1	yoaZ
NP_389761.1	penP
NP_389762.1	yobA
NP_389763.1	yobB
NP_389764.1	yppS
NP_389765.1	xynA
YP_003097736.1	yozV
NP_389766.1	yobD
NP_389767.2	yozH
NP_389768.1	yozI
NP_389769.1	yobE
NP_389770.1	yobF
YP_003097737.1	yozW
YP_003097738.1	yozX
NP_389771.1	yozJ
YP_003097739.1	yozY
NP_389772.1	rapK
NP_389773.1	phrK
NP_389776.1	yozL
NP_389777.1	yozM
NP_389778.1	yobI
YP_009513965.1	bsrE
NP_389779.1	yobJ
NP_389780.1	rttM
NP_389781.1	rttL
NP_389782.3	yobM
NP_389783.2	yobN
NP_389784.1	yobO
NP_389785.1	csaA
NP_389786.1	yobQ
NP_389787.1	yobR
NP_389788.1	yobS
NP_389789.1	yobT
NP_389790.1	yobU
NP_389791.1	yobV
NP_389792.1	yobW
NP_389793.1	czrA
NP_389794.1	yocA
NP_389795.1	yozB
NP_389796.1	yocB
NP_389797.1	yocC
NP_389798.1	yocD
NP_389799.1	desE
NP_389800.1	desK
NP_389801.1	desR
NP_389802.1	walL
NP_389803.1	recQ
NP_389804.1	azoJ
NP_389805.2	yocK
NP_389806.1	yocL
YP_003097740.1	yoyB
NP_389808.1	yocM
NP_389809.1	yozN
NP_389810.1	yocN
NP_389811.1	yozO
NP_389812.1	yozC
NP_389813.1	dhaS
NP_389814.2	sqhC
NP_389815.1	sodF
NP_389816.1	yocR
NP_389817.1	yocS
NP_389818.2	odhB
NP_389819.3	odhA
NP_389820.2	yojO
NP_389821.1	yojN
NP_389822.1	sodC
NP_389823.1	cwlS
NP_389824.2	yojK
NP_389825.3	cdaS
NP_389826.1	mdtK
NP_389827.1	rsbRC
YP_054582.2	bshBB
NP_389829.1	yojF
YP_003097741.1	yoyC
NP_389830.2	yojE
YP_054583.1	gerT
NP_389832.1	yojB
NP_389833.1	yojA
NP_389834.1	yodA
NP_389835.1	arxR
NP_389836.1	noxC
NP_389837.1	yodD
NP_389838.1	yodE
YP_003097742.1	yoyD
NP_389839.1	yodF
NP_389840.1	ctpA
NP_389841.1	yodH
NP_389842.1	yodI
NP_389843.1	ldcB
NP_389844.1	deoD
YP_003097743.1	yoyE
NP_389845.2	yodL
NP_389846.1	pgpB
NP_389847.1	yozD
YP_003097744.1	yoyF
NP_389848.1	yodN
NP_389849.1	yozE
YP_003097745.1	yokU
NP_389850.1	kamA
NP_389851.1	kamB
NP_389852.1	yodQ
NP_389853.1	yodR
NP_389854.1	yodS
NP_389855.1	yodT
YP_009513966.1	
YP_003097746.2	yoyG
NP_389856.1	cgeE
NP_389857.1	cgeD
NP_389858.1	cgeC
NP_389859.1	cgeA
NP_389860.2	cgeB
NP_389861.1	phyC
NP_389863.1	sprB
NP_389864.1	yotM
NP_389865.1	yotL
NP_389866.1	yotK
NP_389867.1	yotJ
NP_389868.1	yotI
NP_389869.1	yotH
NP_389870.1	yotG
NP_389871.1	yotF
NP_389872.1	yotE
YP_009513967.1	
NP_389873.1	yotD
NP_389874.1	yotC
NP_389875.1	yotB
NP_389876.1	sspC
NP_389878.1	yosX
NP_389879.1	yosW
NP_389880.1	yosV
YP_003097747.1	yojW
NP_389881.1	yosU
NP_389882.1	yosT
NP_389883.1	dutB
NP_389886.2	nrdFB
NP_389885.1	yosQ
NP_389888.2	nrdEB
NP_389889.2	nrdIB
NP_389890.1	yosL
NP_389891.1	yosK
NP_389892.1	yosJ
NP_389893.1	yosI
NP_389894.1	yosH
NP_389895.1	yosG
NP_389896.1	yosF
NP_389897.1	yosE
NP_389898.1	yosD
NP_389899.1	yosC
NP_389900.1	yosB
NP_389901.1	yosA
NP_389902.1	yorZ
NP_389903.1	yorY
NP_389904.1	yorX
NP_389905.1	yorW
NP_389906.1	yorV
NP_389907.1	mtbP
NP_389908.1	yorT
NP_389909.1	yorS
NP_389910.1	yorR
NP_389911.1	yorQ
NP_389912.1	yorP
NP_389913.1	yorO
NP_389914.1	yorN
NP_389915.1	yorM
NP_389916.1	dpoL
NP_389917.1	yorK
NP_389918.1	yorJ
NP_389919.1	yorI
NP_389920.1	yorH
NP_389921.1	yorG
NP_389922.1	yorF
NP_389923.1	yorE
NP_389924.1	yorD
NP_389925.1	yorC
NP_389926.1	yorB
NP_389927.1	yorA
NP_389928.1	pghZ
NP_389929.1	yoqY
NP_389930.1	yoqX
NP_389931.1	yoqW
NP_389932.1	yoqV
NP_389933.1	yoqU
NP_389934.1	yoqT
NP_389935.1	yoqS
NP_389936.1	yoqR
NP_389937.1	yoqP
NP_389938.1	yoqO
NP_389939.1	yoqN
NP_389940.1	yoqM
NP_389941.1	yoqL
NP_389942.1	yoqK
NP_389943.1	yoqJ
NP_389944.1	yoqI
NP_389945.1	yoqH
NP_389946.1	yoqG
NP_389947.1	yoqF
NP_389948.1	yoqE
NP_389949.1	yoqD
NP_389950.1	yoqC
NP_389951.1	yoqB
NP_389952.1	yoqA
NP_389953.1	yopZ
NP_389954.1	yopY
NP_389955.1	yopX
NP_389956.1	yopW
NP_389957.1	yopV
NP_389958.1	yopU
NP_389959.1	yopT
NP_389960.1	yopS
NP_389961.2	yopR
NP_389962.1	yopQ
NP_389963.1	yopP
NP_389964.1	yopO
NP_389965.1	yopN
NP_389966.1	yopM
NP_389967.1	aimP
NP_389968.1	aimR
NP_389969.1	yopJ
NP_389970.1	yopI
NP_389971.1	sieB
NP_389972.1	yopG
NP_389973.1	yopF
NP_389974.1	yopE
YP_003097748.1	yoyH
YP_003097749.1	yoyI
NP_389976.1	yopD
NP_389977.1	yopC
NP_389978.1	yopB
NP_389979.1	yopA
NP_389980.1	yonX
NP_389981.1	yonV
NP_389982.1	yonU
YP_003097750.1	yoyJ
NP_389983.1	spbT
NP_389984.1	yonS
NP_389985.1	yonR
NP_389986.1	yonP
NP_389987.1	yonO
NP_389988.1	hupN
YP_009513968.1	
NP_389989.1	yonK
NP_389990.2	yonJ
NP_389991.1	yonI
NP_389992.1	yonH
NP_389993.1	yonG
NP_389994.1	yonF
NP_389995.1	yonE
NP_389996.1	yonD
NP_389997.1	yonC
NP_389998.1	yonB
NP_389999.1	yonA
NP_390000.1	yomZ
NP_390001.1	yomY
NP_390002.1	yomX
NP_390003.1	yomW
NP_390004.1	yomV
NP_390005.1	yomU
YP_003097751.1	youA
NP_390006.1	yomT
NP_390007.1	yomS
NP_390008.1	yomR
NP_390009.1	yomQ
NP_390010.1	yomP
NP_390011.1	yomO
NP_390012.1	yomN
NP_390013.1	yomM
NP_390014.1	yozP
NP_390015.1	yomL
YP_003097752.1	youB
NP_390016.1	yomK
NP_390017.1	yomJ
NP_390018.2	cwlP
NP_390019.1	yomH
NP_390020.1	yomG
NP_390021.1	yomF
NP_390022.1	yomE
NP_390023.1	yomD
YP_009513969.1	
NP_390024.1	blyA
NP_390025.1	bhlA
NP_390026.1	bhlB
NP_390027.1	bdbB
NP_390028.1	sunS
NP_390029.1	bdbA
NP_390030.1	sunT
NP_390031.1	sunA
NP_390032.1	sunI
NP_390033.2	uvrX
NP_390034.1	yolD
NP_390035.1	yolC
NP_390036.1	yolB
NP_390037.1	yolA
YP_009513970.1	bsrG
NP_390038.1	yokL
NP_390039.1	yokK
NP_390040.1	yokJ
NP_390041.2	yokI
NP_390042.1	yokH
NP_390043.1	yokG
NP_390044.1	nukF
NP_390045.1	yokE
NP_390046.1	aacD
YP_009513971.1	
YP_009513972.1	
NP_390047.1	yokC
NP_390048.1	yokB
NP_390049.1	sprA
NP_390051.1	msrB
NP_390052.1	msrA
NP_390053.1	ypoP
NP_390054.1	dinF
NP_390055.1	ypmT
NP_390056.1	ypmS
NP_390057.1	ypmR
NP_390058.2	scuA
NP_390059.1	ypmP
NP_390060.1	ilvA
NP_390061.1	silP
NP_390062.1	yplQ
NP_390063.2	ypkP
NP_390064.1	dfrA
NP_390065.1	thyB
NP_390066.1	ypjQ
NP_390067.1	ypjP
NP_390068.2	rsmJ
NP_390069.1	brxA
NP_390070.2	ilvD
NP_390071.1	ypgR
NP_390072.1	hdhQ
NP_390073.1	bsaA
NP_390074.2	metAA
NP_390075.1	ugtP
YP_009513973.1	
NP_390076.1	cspD
NP_390077.1	degR
NP_390078.1	ypzA
NP_390079.1	ypeQ
NP_390080.2	ypeP
NP_390081.1	queP
NP_390082.1	ypdQ
YP_054584.1	sspL
NP_390083.1	exnP
YP_003097753.1	ypzF
NP_390084.1	ypbS
NP_390085.1	dynA
YP_009513974.1	fbpC
NP_390086.1	bpsB
NP_390087.1	bpsA
NP_390088.1	pbuX
NP_390089.1	xpt
NP_390090.1	ypwA
NP_390091.1	kdgT
NP_390092.1	kdgA
NP_390093.1	kdgK
NP_390094.1	kdgR
NP_390095.1	kduI
NP_390096.1	kduD
NP_390097.1	ypvA
NP_390098.1	yptA
YP_003097754.1	ypzG
NP_390099.1	rlmKB
NP_390100.1	gpsB
NP_390101.2	ypsA
NP_390102.1	cotD
YP_009513975.1	
NP_390103.1	yprB
NP_390104.1	yprA
NP_390105.1	ypqE
NP_390106.1	ypqA
NP_390107.1	yppG
NP_390108.1	yppF
NP_390109.1	yppE
NP_390110.1	yppD
YP_054585.1	sspM
NP_390111.1	yppC
NP_390112.1	recU
NP_390113.1	ponA
NP_390114.1	ypoC
NP_390115.1	nth
NP_390116.1	dnaD
NP_390117.1	asnS
NP_390118.1	aspB
NP_390119.1	tseB
NP_390120.1	ypmA
NP_390121.1	dinG
NP_390122.1	panD
NP_390123.1	panC
NP_390124.1	panB
NP_390125.1	birA
NP_390126.1	cca
NP_390127.1	bshA
NP_390128.2	bshBA
NP_390129.1	mgsA
NP_390130.1	dapB
NP_390131.1	ypjD
NP_390132.2	ypjC
NP_390133.1	ypjB
NP_390134.1	ypjA
NP_390135.1	qcrC
NP_390136.1	qcrB
NP_390137.1	qcrA
NP_390138.1	ypiF
NP_390139.1	ypiB
NP_390140.1	ypiA
NP_390141.1	aroA
NP_390142.1	tyrA
NP_390143.2	hisC
NP_390144.1	trpA
NP_390145.2	trpB
NP_390146.3	trpF
NP_390148.2	trpD
NP_390149.1	trpE
NP_390150.1	aroH
NP_390151.1	aroB
NP_390152.3	aroF
NP_390153.2	cheR
NP_390154.1	ndk
NP_390155.1	hepT
NP_390156.1	menG
NP_390157.1	hepS
NP_390158.1	mtrB
NP_390159.1	folEA
NP_390160.1	hbs
NP_390161.1	spoIVA
NP_390162.1	yphF
NP_390163.1	yphE
NP_390164.1	gpsA
NP_390165.1	der
YP_003097755.1	ypzH
NP_390166.1	yphB
NP_390167.1	yphA
YP_003097756.2	ypzI
NP_390168.3	fni
NP_390169.1	rpfA
NP_390170.1	cmk
NP_390171.1	ypfB
NP_390172.1	dgrA
NP_390173.1	sleC
NP_390174.1	sleB
NP_390175.1	prsW
NP_390176.2	ypdA
NP_390177.2	gudB
NP_390178.1	mecB
NP_390179.1	ypbG
NP_390180.1	ypbF
NP_390181.1	ypbE
NP_390182.1	ypbD
NP_390183.1	recS
NP_390184.1	gmmB
NP_390185.1	fer
NP_390186.1	fmnP
NP_390188.2	serA
NP_390189.1	aroC
NP_390190.2	rsiX
NP_390191.2	sigX
NP_390192.1	resE
NP_390193.2	resD
NP_390194.2	resC
NP_390195.1	resB
NP_390196.2	resA
NP_390197.2	rluB
NP_390198.2	spmB
NP_390199.1	spmA
NP_390200.1	dacB
NP_390201.1	ypuI
NP_390202.1	spcB
NP_390203.1	scpA
NP_390204.1	ypuF
NP_390205.1	ypzK
NP_390206.1	ribH
NP_390207.1	ribBA
NP_390208.1	ribE
NP_390209.1	ribD
NP_390211.1	ypuD
NP_390212.1	sipS
NP_390213.1	ypzC
YP_003097757.1	ypzJ
NP_390215.1	ypuB
NP_390216.1	ypzD
NP_390217.1	ppiB
NP_390218.1	ypuA
NP_390219.1	lysA
NP_390220.2	spoVAF
YP_003097758.1	spoVAEA
YP_003097759.1	spoVAEB
NP_390222.1	spoVAD
NP_390223.1	spoVAC
NP_390224.1	spoVAB
NP_390225.2	spoVAA
NP_390226.1	sigF
NP_390227.1	spoIIAB
NP_390228.1	spoIIAA
NP_390229.1	dacF
NP_390230.1	pupG
NP_390231.2	deoB
NP_390232.2	ripX
YP_003097760.1	yqzK
NP_390233.2	fur
NP_390234.1	spoIIM
NP_390235.1	yqkK
NP_390236.1	mleA
NP_390237.1	mleN
NP_390238.2	ansB
NP_390239.1	ansA
NP_390240.1	ansR
NP_390241.2	yqxK
NP_390242.1	nudF
YP_009513976.1	mciZ
NP_390243.1	yqkF
NP_390244.1	yqkE
NP_390245.1	yqkD
NP_390246.1	yqkC
NP_390247.1	yqkB
NP_390248.1	yqkA
NP_390249.1	yqjZ
NP_390250.1	yqjY
NP_390251.1	yqjX
NP_390252.1	polYB
NP_390253.1	yqzH
NP_390254.2	yqjV
NP_390255.2	yqjU
NP_390256.1	yqjT
NP_390257.2	coaA
NP_390258.2	dsdA
NP_390259.1	yqjQ
NP_390260.1	yqjP
NP_390261.1	proI
NP_390262.2	yqjN
NP_390263.1	yqjM
NP_390264.1	yqjL
NP_390265.1	rnz
NP_390266.2	zwf
NP_390267.2	gndA
NP_390268.2	polYA
YP_054586.1	mifM
NP_390269.1	oxaAB
NP_390270.3	yqjF
NP_390271.2	yqjE
NP_390272.2	yqjD
NP_390273.2	yqjC
NP_390274.1	yqjB
NP_390275.2	yqjA
NP_390276.1	artR
NP_390277.1	artQ
NP_390278.1	artP
NP_390279.1	brxB
NP_390280.2	bmrU
NP_390281.2	bmr
NP_390282.2	bmrR
NP_390283.1	bkdB
NP_390284.1	bkdAB
NP_390285.1	bkdAA
NP_390286.2	lpdV
NP_390287.2	buk
NP_390288.1	bcd
NP_390289.2	ptb
NP_390290.1	bkdR
NP_390291.1	yqzF
NP_390292.1	mmgF
NP_390293.2	mmgE
NP_390294.1	mmgD
NP_390295.2	mmgC
NP_390296.2	mmgB
NP_390297.1	mmgA
NP_390298.2	glpQ
NP_390299.2	yqiI
NP_390300.2	yqiH
YP_009513977.1	
NP_390301.1	yqiG
NP_390302.1	spo0A
NP_390303.2	spoIVB
NP_390304.2	recN
NP_390305.1	argR
NP_390306.2	yqxC
NP_390307.1	dxs
NP_390308.2	ispA
NP_390309.2	xseB
NP_390310.2	xseA
NP_390311.1	folD
NP_390312.2	nusB
NP_390313.2	yqhY
NP_390314.2	accC
NP_390315.1	accB
NP_390316.2	spoIIIAH
NP_390317.2	spoIIIAG
NP_390318.1	spoIIIAF
NP_390319.2	spoIIIAE
NP_390320.1	spoIIIAD
NP_390321.1	spoIIIAC
NP_390322.1	spoIIIAB
NP_390323.1	spoIIIAA
NP_390324.1	yqhV
NP_390325.2	efp
NP_390326.1	papA
NP_390327.1	yqhS
NP_390328.1	yqhR
NP_390329.2	yqhQ
NP_390330.1	yqhP
NP_390331.1	yqhO
NP_390332.2	mntR
NP_390333.1	lipM
NP_390334.2	yqhL
NP_390335.1	gcvPB
NP_390336.2	gcvPA
NP_390337.2	gcvT
NP_390338.1	yqhH
NP_390339.1	yqhG
NP_390340.1	sinI
NP_390341.1	sinR
NP_390342.1	tasA
NP_390343.1	sipW
NP_390344.1	tapA
NP_390345.1	yqzG
NP_390346.2	spoIIT
NP_390347.1	comGG
NP_390348.1	comGF
NP_390349.1	comGE
NP_390350.1	comGD
NP_390351.1	comGC
NP_390352.1	comGB
NP_390353.1	comGA
NP_390354.1	yqxL
NP_390355.1	yqhB
NP_390356.2	rsbRD
NP_390357.2	mgsR
NP_390358.1	yqgY
NP_390359.1	yqgX
NP_390360.1	yqgW
NP_390361.2	yqgV
NP_390362.2	yqgU
NP_390363.1	yqgT
NP_390364.2	ltaSC
NP_390365.2	glcK
NP_390366.1	yqgQ
NP_390367.2	glpG
NP_390368.1	yqgO
NP_390369.1	folN
NP_570908.2	rpmGA
NP_390370.2	yqgM
NP_390371.1	yqgL
NP_390372.1	yqzD
NP_390373.2	yqzC
NP_390374.1	pstBB
NP_390375.1	pstBA
NP_390376.2	pstA
NP_390377.2	pstC
NP_390378.1	pstS
NP_390379.1	pbpA
NP_390380.2	yqgE
NP_390381.3	sodA
NP_390382.1	yqgC
NP_390383.2	yqgB
NP_390384.2	yqgA
NP_390385.1	yqfZ
NP_390386.1	ispG
NP_390387.1	yqfX
NP_390388.1	yqfW
NP_390389.2	zur
NP_390390.2	yqfU
NP_390391.1	yqfT
NP_390392.1	nfo
NP_390393.1	cshB
NP_390394.1	yqfQ
NP_390395.2	ispH
NP_390396.1	yqfO
NP_390397.1	trmK
NP_390398.1	cccA
NP_390399.2	sigA
NP_390400.2	dnaG
YP_054587.1	antE
NP_390401.2	yqxD
NP_390402.1	ppsR
NP_390403.1	ccpN
NP_390404.2	glyS
NP_390405.1	glyQ
NP_390406.2	recO
YP_003097761.1	yqzL
NP_390407.1	era
NP_390408.1	cdd
NP_390409.2	unpK
NP_390410.2	rnrY
NP_390411.1	pgpH
NP_390412.2	phoH
NP_390413.2	yqfD
NP_390414.1	yqfC
NP_390415.2	yqfB
NP_390416.1	floA
NP_390417.1	nfeDA
NP_390418.1	yqeY
NP_390419.1	rpsU
NP_390420.2	yqeW
NP_390421.1	mtaB
NP_390422.1	rsmE
NP_390423.2	prmA
NP_390424.2	dnaJ
NP_390425.1	dnaK
NP_390426.1	grpE
NP_390427.1	hrcA
NP_390428.2	hemN
NP_390429.1	lepA
NP_390430.1	yqxA
NP_390431.1	spoIIP
NP_390432.1	gpr
NP_390433.2	rpsT
NP_390434.1	holA
YP_009513978.1	
YP_003097762.1	yqzM
NP_390435.1	comEC
NP_390436.1	comEB
NP_390437.1	comEA
NP_390438.1	comER
NP_390439.1	yqeM
NP_390440.1	rsfS
NP_390441.1	yqeK
NP_390442.1	nadD
NP_390443.1	yqeI
NP_390444.2	aroE
NP_390445.1	rgpH
NP_390446.1	yqeG
YP_054588.1	sda
NP_390447.1	yqeF
NP_390448.1	cwlH
NP_390449.1	yqeD
NP_390450.1	yqeC
NP_390451.2	yqeB
NP_390452.1	nucB
NP_390454.2	spoIVCA
NP_390455.1	arsC
NP_390456.2	arsB
NP_390457.2	yqcK
NP_390458.1	arsR
NP_390459.2	yqcI
NP_390460.2	rapE
NP_390461.1	phrE
NP_390462.1	yqzI
NP_390463.1	rttG
NP_390464.1	rttF
YP_009513979.1	
NP_390465.1	yqxJ
NP_390466.1	yqxI
NP_390467.1	cwlA
NP_390468.1	yqxH
NP_390469.1	yqxG
NP_390470.1	yqcE
NP_390471.1	yqcD
NP_390472.2	yqcC
NP_390473.1	yqcB
NP_390474.2	yqcA
NP_390475.1	yqbT
NP_390476.1	yqbS
NP_390477.1	yqbR
NP_390478.1	yqbQ
NP_390479.1	yqbP
NP_390480.2	yqbO
NP_390482.1	txpA
YP_009513980.1	bsrH
NP_390483.2	yqbM
NP_390485.2	yqbK
YP_003097763.1	yqzN
NP_390486.2	yqbJ
NP_390487.1	yqbI
NP_390488.1	yqbH
NP_390489.2	yqbG
NP_390490.1	yqbF
NP_390491.2	yqbE
NP_390492.2	yqbD
NP_390493.1	yqbC
NP_390494.1	yqbB
NP_390495.1	yqbA
NP_390496.1	yqaT
NP_390497.1	yqaS
NP_390498.1	yqaR
NP_390499.1	yqaQ
NP_390500.1	yqaP
NP_390501.1	yqaO
NP_390502.1	yqaN
YP_003097764.1	yqzO
NP_390503.3	sknM
NP_390504.2	yqaL
NP_390505.1	yqaK
NP_390506.1	yqaJ
NP_390507.1	yqaI
YP_009513981.1	
NP_390508.1	sknH
NP_390509.1	yqaG
NP_390510.1	yqdA
NP_390511.1	yqaF
NP_390512.1	sknR
NP_390513.1	yqaD
NP_390514.1	yqaC
NP_390515.1	yqaB
YP_009513982.1	
NP_390517.1	yrkS
NP_390518.2	psiE
NP_390519.1	yrkQ
NP_390520.1	yrkP
NP_390521.1	yrkO
YP_009513983.1	
NP_390522.1	yrkN
NP_390524.2	yrkL
NP_390525.2	yrkK
NP_390526.1	yrkJ
NP_390527.1	yrkI
NP_390528.2	yrkH
NP_390530.1	yrkF
NP_390531.1	yrkE
NP_390532.1	yrkD
NP_390533.1	yrkC
YP_009513984.1	
NP_390534.1	yrkB
NP_390535.1	bltR
NP_390536.1	blt
NP_390537.1	bltD
NP_390538.1	yrkA
YP_003097765.1	yrzO
NP_390539.1	yrdR
NP_390540.1	czcR
NP_390541.1	yrdP
NP_390542.1	czcD
NP_390543.1	yrdN
NP_390544.2	gltR
NP_390545.3	yrdK
NP_390546.1	brnQ
NP_390547.1	azlD
NP_390548.1	azlC
NP_390549.1	azlB
NP_390550.1	yrdF
NP_390551.1	cypA
NP_390553.1	yrdC
NP_390554.1	yrdB
NP_390555.1	yrdA
NP_390556.1	aadK
NP_390557.1	yrpB
NP_390558.1	murI
NP_390559.1	yrpD
YP_009513985.1	yrpDX
YP_009513986.1	
NP_390560.1	zinT
NP_390561.1	sigZ
NP_390562.2	yrpG
NP_390563.1	yraO
NP_390564.1	yraN
NP_390565.2	prpF
NP_390566.1	csn
NP_390567.1	yraL
NP_390568.2	yraK
NP_390569.2	yraJ
NP_390570.2	yraI
YP_009513987.1	
NP_390571.1	yraH
NP_390572.1	yraG
NP_390573.1	yraF
NP_390574.2	adhB
NP_390575.1	yraE
NP_390576.1	yraD
NP_390578.2	adhR
YP_009513988.1	yrzP
NP_390579.2	adhA
NP_390580.2	sufL
NP_390581.1	sacC
YP_009513989.1	
NP_390582.1	levG
NP_390583.1	levF
NP_390584.1	levE
NP_390585.1	levD
NP_390586.2	levR
YP_009513990.1	
NP_390587.2	aapA
NP_390588.1	yrhP
NP_390589.1	yrhO
NP_390590.1	sigV
NP_390591.1	rsiV
NP_390592.1	oatA
NP_390593.1	yrhK
NP_390594.1	cypB
NP_390595.1	bscR
NP_390596.1	yrhH
YP_009513991.1	
NP_390597.1	yrzI
NP_390598.1	yrhG
NP_390599.1	yrhF
NP_390600.1	yrhE
NP_390601.1	yrhD
NP_390602.1	yrhC
NP_390603.1	mccB
NP_390604.1	mccA
NP_390605.1	mtnN
NP_390606.1	yrrT
NP_390607.1	yrzA
NP_390608.1	yrrS
NP_390609.1	pbpI
NP_390610.1	greA
NP_390611.1	udk
NP_390612.1	yrrO
NP_390613.1	yrrN
NP_390614.1	yrrM
NP_390615.1	yrrL
NP_390616.1	yrzB
NP_390617.1	rimF
YP_054589.1	yrzL
NP_390618.1	alaS
NP_390619.1	yrrI
NP_390620.1	glnQ
NP_390621.1	glnH
NP_390622.1	glnM
NP_390623.1	glnP
YP_003097766.1	yrzQ
YP_003097767.1	yrzR
NP_390624.1	yrrD
NP_390625.1	recDB
NP_390626.1	yrrB
NP_390627.3	mnmA
NP_390629.2	iscSA
NP_390630.2	cymR
NP_390631.1	rarA
NP_390632.3	tcdA
NP_390633.1	aspS
NP_390634.1	hisS
NP_390635.1	yrzK
NP_390636.1	yrvJ
NP_390637.2	dtd
NP_390638.2	rsh
NP_390639.1	apt
NP_390640.1	recJ
NP_390641.1	yrvD
NP_390642.1	yrvC
NP_390643.1	secDF
NP_390644.1	comN
NP_390645.1	spoVB
NP_390646.1	yrbG
NP_390647.1	yrzE
NP_390648.2	yrbF
NP_390649.1	tgt
NP_390650.1	queA
YP_003097768.1	yrzS
YP_054590.1	ruvB
NP_390652.1	ruvA
NP_390653.1	bofC
NP_390654.2	csbX
NP_390655.1	yrbE
NP_390656.2	yrzF
YP_009513992.1	
NP_390658.2	yrzH
YP_003097769.1	yrzT
NP_390659.2	alaP
NP_390660.1	yrbC
NP_390661.2	sgpA
NP_390662.1	safA
NP_390663.1	nadA
NP_390664.1	nadC
NP_390665.1	nadB
NP_390666.1	nifS
NP_390667.2	niaR
NP_390668.1	pheA
NP_390669.1	thrR
NP_390670.1	obgE
NP_390671.1	spo0B
YP_009513993.1	
NP_390672.1	rpmA
NP_390673.2	rppA
NP_390674.1	rplU
NP_390675.1	spoIVFB
NP_390676.1	spoIVFA
NP_390677.1	minD
NP_390678.1	minC
NP_390679.1	mreD
NP_390680.2	mreC
NP_390681.2	mreB
NP_390682.1	ysxA
NP_390683.1	maf
NP_390684.1	spoIIB
NP_390685.2	comC
NP_390686.1	folC
NP_390687.2	valS
YP_003097770.1	yszA
NP_390688.1	cotN
NP_390689.1	spoVID
NP_390690.1	hemL
NP_390691.1	hemB
NP_390692.1	hemD
NP_390693.1	hemC
NP_390694.2	hemX
NP_390695.1	hemA
NP_390696.2	ysxD
NP_390697.1	engB
NP_390698.1	lonA
NP_390699.1	lonB
NP_390700.2	clpX
NP_390701.1	tig
NP_390702.2	ysoA
NP_390703.1	leuD
NP_390704.1	leuC
NP_390705.2	leuB
NP_390706.1	leuA
NP_390707.1	ilvC
NP_390708.2	ilvH
NP_390709.1	ilvB
NP_390710.1	cotQ
NP_390711.1	ysnE
NP_390712.3	ysnF
NP_390713.2	ysnB
NP_390714.1	rdgB
NP_390715.1	rph
NP_390716.1	gerM
NP_390717.2	rcmE
NP_390718.1	ysmB
NP_390719.2	gerE
NP_390720.1	ysmA
NP_390721.1	sdhB
NP_390722.2	sdhA
NP_390723.1	sdhC
NP_390724.1	yslB
NP_390725.1	lysCA
YP_009513994.1	lysCB
NP_390727.2	uvrC
NP_390728.1	trxA
NP_390729.2	abfB
NP_390730.1	etfA
NP_390731.1	etfB
NP_390732.1	fadB
NP_390733.1	fadR
NP_390734.1	lcfA
NP_390735.1	yshE
NP_390736.1	mutSB
NP_390737.1	polX
NP_390738.1	yshB
NP_390739.1	zapA
NP_390740.1	rnhC
NP_390741.1	pheT
NP_390742.1	pheS
YP_009513995.1	
NP_390743.1	rlmBB
NP_390744.1	sspI
NP_390745.2	ysfB
NP_390746.1	glcD
NP_390747.1	glcF
NP_390748.1	ysfE
YP_009513996.1	
NP_390749.2	cstA
NP_390750.2	abfA
NP_390751.2	araQ
NP_390752.1	araP
NP_390753.2	araN
NP_390754.1	egsA
NP_390755.1	araL
NP_390756.1	araD
NP_390757.1	araB
NP_390758.2	araA
NP_390759.2	abnA
NP_390760.1	frvX
NP_390761.1	ysdB
NP_390762.1	ysdA
NP_390763.1	rplT
NP_390764.1	rpmI
NP_390765.1	infC
NP_390767.2	yscB
NP_390768.1	pftB
NP_390769.1	pftA
NP_390770.1	lytT
NP_390771.1	lytS
NP_390772.2	ysaA
NP_390773.1	thrS
NP_390774.2	ytxC
NP_390775.1	ytxB
NP_390776.1	dnaI
NP_390777.1	dnaB
NP_390778.1	nrdR
NP_390779.2	speD
NP_390780.1	gapB
NP_390781.1	ytcD
NP_390782.1	ytbD
NP_390783.1	ytbE
NP_390784.1	coaE
NP_390785.2	spcF
NP_390786.2	mutM
NP_390787.1	polA
NP_390788.1	phoR
NP_390789.2	phoP
NP_390790.1	mdh
NP_390791.1	icd
NP_390792.1	citZ
NP_390793.1	ytwI
NP_390794.1	ytvI
NP_390795.1	ytzA
NP_390796.1	pyk
NP_390797.1	pfkA
NP_390798.1	accA
NP_390799.2	accD
NP_390800.1	maeB
NP_390801.1	dnaEC
YP_003097771.1	ytrH
NP_390802.3	ytrI
YP_003097772.1	ytzJ
NP_390803.1	nrnA
NP_390804.1	ytpI
NP_390805.1	ytoI
NP_390806.1	ytnM
NP_390807.1	sndA
NP_390808.1	ribR
NP_390809.1	cmoJ
NP_390810.1	cmoI
NP_390811.1	cmoO
NP_390812.1	tcyN
NP_390813.1	tcyM
NP_390814.1	tcyL
NP_390815.1	tcyK
NP_390816.1	tcyJ
NP_390817.1	snaA
NP_390818.1	ascR
NP_390819.2	ytkL
NP_390820.1	ytkK
NP_390821.3	ytzD
NP_390822.1	argH
NP_390823.1	argG
NP_390824.1	moaB
NP_390825.1	ackA
YP_009513997.1	
NP_390826.1	ytxK
NP_390827.1	tpx
NP_390828.1	gerW
NP_390829.1	ytfI
NP_390830.1	yteJ
NP_390831.1	sppA
NP_390832.1	ppnKB
NP_390833.1	ytcJ
NP_390834.2	ytcI
NP_390835.1	sspA
NP_390836.2	trmG
NP_390837.1	iscSB
NP_390838.1	braB
NP_390839.1	ezrA
NP_390840.1	hisK
NP_390841.1	refZ
NP_390842.2	msrC
NP_390843.1	dgcP
NP_390844.1	rpsD
NP_390845.1	tyrS
NP_390846.1	acsA
NP_390847.1	acuA
NP_390848.1	acuB
NP_390849.1	acuC
NP_390850.1	motS
NP_390851.1	motP
NP_390852.1	ccpA
NP_390853.1	aroX
NP_390854.1	brxJ
NP_390855.2	ytxH
NP_390856.2	ytxG
NP_390857.1	murC
NP_390859.2	sftA
NP_390860.1	ytpR
NP_390861.1	ytpQ
NP_390862.1	ytpP
YP_009513998.1	
NP_390863.1	ytoQ
NP_390864.1	ytoP
NP_390865.1	ytzB
NP_390866.1	maeC
NP_390867.1	ytnP
NP_390868.1	trmB
NP_390869.1	ytzH
NP_390870.2	ytmP
NP_390871.2	amyX
NP_390872.1	ytlR
NP_390873.1	ytlQ
NP_390874.1	ytlP
NP_390875.1	ytkP
NP_390876.1	ytjP
NP_390877.1	pbuO
NP_390878.1	ythQ
NP_390879.1	ythP
NP_390880.1	ytzE
NP_390882.2	rsuA
NP_390883.1	murJ
NP_390884.2	ytfP
NP_390885.1	opuD
NP_390886.1	yteV
NP_390887.1	rmgU
NP_390888.1	rmgT
NP_390889.2	rmgS
NP_390890.3	rmgQ
NP_390892.2	rmgP
NP_390893.1	rmgR
NP_390894.3	ytcQ
NP_390895.1	ytcP
NP_390896.2	ytbQ
NP_390897.1	bioI
NP_390898.1	bioB
NP_390899.1	bioD
NP_390900.1	bioFC
NP_390901.1	bioK
NP_390902.3	bioW
NP_390903.1	ytaP
NP_390904.1	msmR
NP_390905.1	msmE
NP_390906.1	msmF
NP_390907.1	msmG
NP_390908.1	melA
NP_390909.2	ytwF
NP_390910.1	leuS
NP_390911.3	ytvB
NP_390912.1	blrA
NP_390913.1	yttB
NP_390914.2	yttA
NP_390915.1	bceB
NP_390916.1	bceA
NP_390917.1	bceS
NP_390918.1	bceR
NP_390919.1	ytrF
NP_390920.1	ytrE
NP_390921.1	ytrD
NP_390922.1	ytrC
NP_390923.1	ytrB
NP_390924.1	ytrA
YP_009513999.1	
NP_390925.1	ytzC
NP_390926.1	ytqA
NP_390927.1	ytqB
NP_390928.1	tbcS
NP_390929.1	ytpA
NP_390930.1	ytoA
NP_390931.1	ytnA
NP_390932.1	asnB
NP_390933.1	metK
NP_390934.2	pckA
NP_390935.1	ytmB
NP_390936.1	ytmA
NP_390937.2	ytlA
NP_390939.1	ytlC
NP_390940.1	ytlD
NP_390941.1	rppG
NP_390942.1	ytkC
NP_390943.1	dps
YP_003097774.1	ytzI
NP_390944.1	ytkA
NP_390945.1	luxS
NP_390946.1	ytjA
NP_390947.1	ytiB
NP_390948.1	rpmEB
NP_390949.2	ythA
NP_390950.1	ythB
YP_003097775.1	ytzL
NP_390952.1	mntD
NP_390953.1	mntC
NP_390954.1	mntB
NP_390955.1	mntA
NP_390956.1	menC
NP_390957.1	menE
NP_390958.1	menB
NP_390959.1	menH
NP_390960.1	menD
NP_390961.1	menF
NP_390962.2	yteA
NP_390963.1	ytdA
NP_390964.1	ytcA
NP_390965.1	ytcB
NP_390966.1	ytcC
NP_390967.1	cotOO
NP_390968.1	cotS
NP_390969.1	cotSA
NP_390970.1	cotI
NP_390971.1	ytaB
NP_390972.1	glgP
NP_390973.1	glgA
NP_390974.1	glgD
NP_390975.1	glgC
NP_390976.1	glgB
NP_390977.1	thiT
NP_390978.1	yuaI
NP_390979.1	floT
NP_390980.1	nfeDB
NP_390981.1	yuaE
NP_390982.1	yuaD
NP_390983.2	gbsB
NP_390984.1	gbsA
NP_390985.1	gbsR
NP_390986.1	bslA
NP_390987.1	ktrA
NP_390988.1	ktrB
NP_390989.1	yubF
NP_390990.1	lytG
NP_390991.1	yubD
NP_390992.1	cdoA
NP_390993.1	uppP
NP_390994.1	yubA
NP_390995.1	iolU
NP_390996.1	rhaA
NP_390997.1	rhaM
NP_390998.1	rhaB
NP_390999.1	rhaR
NP_391000.1	rhaE
NP_391001.1	tlpB
NP_391002.2	mcpA
NP_391003.1	tlpA
NP_391004.2	mcpB
NP_391005.1	tgl
YP_003097776.1	yuzH
NP_391006.2	yugU
YP_009514000.1	
NP_391007.2	yugT
NP_391008.2	yugS
NP_391009.1	yugP
YP_003097777.1	yuzI
YP_003097778.1	mstX
NP_391010.3	kbfO
NP_391011.1	yugN
NP_391012.1	yugM
NP_391013.2	pgi
NP_391014.1	bdhK
NP_391015.1	bdhJ
NP_391016.1	yuzA
NP_391017.1	yugI
NP_391018.2	yugH
NP_391019.1	yugG
NP_391020.1	yugF
NP_391021.2	yugE
NP_391022.1	patB
NP_391023.2	kinB
NP_391024.1	kapB
NP_391025.1	kapD
NP_391026.2	yuxJ
NP_391027.2	pbpD
NP_391028.1	yuxK
NP_391029.2	yufK
NP_391030.1	maeL
NP_391031.1	maeM
NP_391032.2	nupN
NP_391033.1	nupO
NP_391034.1	nupP
NP_391035.1	nupQ
NP_391036.1	maeN
NP_391037.1	yufS
NP_391038.2	mrpA
NP_391039.1	mrpB
NP_391040.2	mrpC
NP_391041.3	mrpD
YP_054591.2	mrpE
NP_391043.2	mrpF
NP_391044.1	mrpG
NP_391045.2	yuxO
NP_391046.1	comA
NP_391047.2	comP
NP_391048.1	comX
NP_391049.2	comQ
NP_391050.1	degQ
YP_009514001.1	
NP_391051.2	cotIC
NP_391052.1	pdeH
NP_391053.1	pncB
NP_391054.1	pncA
NP_391055.1	yueI
NP_391056.1	yueH
NP_391057.1	yueG
NP_391058.1	yueF
NP_391059.1	yuzE
NP_391060.1	yuzF
NP_391061.1	yueE
NP_391062.1	bznD
NP_391063.1	yueC
NP_391064.1	yueB
NP_391066.2	yukAB
NP_391067.1	yukC
NP_391068.1	yukD
NP_391069.2	yukE
NP_391070.2	adeR
NP_391071.1	ald
NP_391073.2	yukJ
YP_003097779.1	mbtH
NP_391076.3	dhbF
NP_391077.1	dhbB
NP_391078.1	dhbE
NP_391079.2	dhbC
NP_391080.2	dhbA
NP_391081.2	besA
NP_391082.1	yuiH
NP_391083.1	bioYB
NP_391084.1	hisP
NP_391085.1	pepA
NP_391086.1	yuiD
NP_391087.1	spsC
NP_391088.1	yuiB
NP_391089.1	yuiA
NP_391090.1	yumB
NP_391091.2	trxBB
NP_391092.1	yuzG
NP_391093.2	guaC
NP_391094.2	paiB
NP_391095.1	paiA
NP_391096.1	sufA
NP_391097.1	dapF
NP_391098.1	yutK
NP_391099.1	yuzB
NP_391100.2	yutJ
NP_391101.1	yuzD
NP_391102.1	yutI
NP_391103.2	yuxL
NP_391104.1	thrB
NP_391105.1	thrC
NP_391106.1	hom
NP_391107.1	cotNH
NP_391108.1	yutG
NP_391109.1	nucF
NP_391110.1	yutE
NP_391111.2	yutD
NP_391112.1	yutC
NP_391113.2	lipA
NP_391114.2	lytH
NP_391115.1	fisB
NP_391116.1	yunC
NP_391117.1	yunD
NP_391118.1	yunE
NP_391119.2	yunF
NP_391120.1	yunG
NP_391121.1	pucH
NP_391122.1	pucR
NP_391123.1	pucJ
NP_391124.1	pucK
NP_391125.1	pucL
NP_391126.2	pucM
YP_003097780.1	yuzJ
NP_391127.1	pucE
NP_391128.1	pucD
NP_391129.1	pucC
NP_391130.2	pucB
NP_391131.1	pucA
NP_391132.1	pucG
NP_391133.1	pucF
YP_009514002.1	
NP_391134.1	bsnA
NP_391135.1	frlP
NP_391136.3	frlR
NP_391137.1	frlD
NP_391138.1	frlM
NP_391139.1	frlN
NP_391140.1	frlO
NP_391141.1	frlB
NP_391142.1	yurQ
NP_391143.1	dadA
YP_054592.1	sspG
NP_391144.1	yurS
NP_391145.1	glxB
YP_003097781.1	yuzN
NP_391146.1	sufB
NP_391147.1	sufU
NP_391148.1	sufS
NP_391149.1	sufD
NP_391150.1	sufC
YP_003097782.1	yuzK
NP_391151.1	yurZ
NP_391152.1	metQ
NP_391153.1	metP
NP_391154.1	metN
NP_391155.1	yusD
NP_391156.1	yusE
NP_391157.1	yusF
NP_391158.1	yusG
NP_391159.1	gcvH
NP_391160.1	yusI
NP_391161.1	fadE
NP_391162.1	fadA
NP_391163.2	fadN
YP_003097783.1	yuzL
NP_391164.1	putM
YP_003097784.1	yuzM
NP_391165.1	yusN
NP_391166.1	mdtR
NP_391167.1	mdtP
NP_391168.1	yusQ
NP_391169.1	yusR
NP_391170.1	yusS
NP_391171.1	yusT
NP_391172.1	yusU
NP_391173.1	feuV
NP_391174.1	cotNW
NP_391177.1	yusZ
NP_391178.1	mrgA
NP_391180.2	htrB
NP_391181.1	cssR
NP_391182.2	cssS
YP_003097785.1	spxO
NP_391183.1	yuxN
NP_391184.1	fumC
YP_003097786.1	yvzF
NP_391185.2	gerAA
NP_391186.1	gerAB
NP_391187.1	gerAC
NP_391188.1	liaR
NP_391189.1	liaS
NP_391190.1	liaF
NP_391191.2	liaG
NP_391192.1	liaH
NP_391193.1	liaI
NP_391194.1	yvqJ
NP_391195.2	yvqK
NP_391196.1	yvrA
NP_391197.1	yvrB
NP_391198.1	yvrC
NP_391199.1	yvrD
NP_391200.1	yvrE
NP_391201.2	yvrG
NP_391202.2	yvrH
YP_003097787.1	rsoA
NP_391203.2	sigO
YP_003097788.1	yvrJ
NP_391204.1	oxdC
NP_391205.1	rsiO
NP_391207.3	yvrN
NP_391208.2	yvrO
NP_391209.1	yvrP
NP_391210.1	fhuC
NP_391211.1	fhuG
NP_391212.1	fhuB
NP_391213.1	fhuD
NP_391214.1	lysP
YP_054593.1	sspJ
NP_391215.1	yvsG
NP_391216.1	ltaSP
NP_391217.1	yvgK
NP_391218.1	modA
NP_391219.3	modB
NP_391220.1	pgoN
NP_391221.1	yvgO
NP_391222.1	nhaK
NP_391223.1	cysI
NP_391224.1	cysJ
NP_391225.1	helD
NP_391226.1	yvgT
NP_391227.1	bdbC
NP_391228.1	bdbD
NP_391229.3	cadA
NP_391230.2	copA
NP_391231.1	copZ
NP_391232.1	csoR
NP_391233.1	iolW
NP_391234.1	azoRB
NP_391235.1	yvaC
NP_391236.1	yvaD
NP_391237.1	yvaE
NP_391238.1	yvaF
NP_391239.1	yvaG
NP_391240.1	smpB
NP_391241.1	rnr
NP_391242.2	estA
NP_391243.1	secG
NP_391244.1	yvaM
NP_391245.1	yvzC
NP_391246.1	rghRA
NP_391247.1	rghRB
NP_391248.2	catR
NP_391249.1	yvaQ
NP_391250.1	opuBD
NP_391251.1	opuBC
NP_391252.1	opuBB
NP_391253.1	opuBA
NP_391254.2	yvaV
NP_391255.1	sdpA
NP_391256.1	sdpB
NP_391257.1	spbC
NP_391258.1	sdpI
NP_391259.1	sdpR
NP_391260.1	opuCD
NP_391261.1	opuCC
NP_391262.1	opuCB
NP_391263.1	opuCA
NP_391264.1	opcR
NP_391265.1	yvbG
NP_391266.1	yvbH
NP_391267.1	yvbI
NP_391268.1	yvbJ
NP_391269.1	yvbK
NP_391270.1	eno
NP_391271.1	pgm
NP_391272.1	tpiA
NP_391273.1	pgk
NP_391274.1	gapA
NP_391275.1	cggR
NP_391276.1	araE
NP_391277.2	araR
NP_391278.1	yvbT
NP_391279.1	yvbU
NP_391280.1	cyeB
NP_391281.1	yvbW
NP_391282.1	yvbX
NP_391283.1	lutC
NP_391284.1	lutB
NP_391285.1	lutA
NP_391286.1	yvfU
NP_391287.2	yvfT
NP_391288.1	yvfS
NP_391289.1	yvfR
NP_391290.1	rsbQ
NP_391291.1	rsbP
NP_391292.2	ganB
NP_391293.1	ganA
NP_391294.1	ganQ
NP_391295.1	ganP
NP_391296.1	ganS
NP_391297.1	ganR
NP_391298.2	lutR
NP_391299.1	lutP
NP_391300.1	sigL
NP_391301.1	yvfG
NP_391302.1	epsO
NP_391303.2	epsN
NP_391304.1	epsM
NP_391305.1	epsL
YP_003097789.1	epsK
NP_391308.1	epsJ
NP_391309.1	epsI
NP_391310.1	epsH
NP_391311.1	epsG
NP_391312.1	epsF
NP_391313.2	epsE
NP_391314.1	epsD
NP_391315.1	epsC
NP_391316.1	epsB
NP_391317.1	epsA
NP_391318.1	slrR
NP_391319.1	pnbA
YP_009514003.1	
NP_391320.1	padC
NP_391323.1	racX
NP_391324.1	pbpE
NP_391325.1	sacB
NP_391326.1	levB
NP_391327.1	aspP
NP_391328.2	yvdT
NP_391329.1	psmA
NP_391330.1	psmB
NP_391331.1	yvdQ
NP_391332.1	cotNP
NP_391333.1	cotR
NP_391334.1	clpP
NP_391335.1	mdxM
NP_391336.1	mdxL
NP_391337.1	mdxK
NP_391338.1	mdxJ
NP_391339.1	mdxG
NP_391340.1	mdxF
NP_391341.1	mdxE
NP_391342.1	mdxD
NP_391343.1	mdxR
NP_391344.1	yvdD
NP_391345.1	yvdC
NP_391346.1	yvdB
NP_391347.1	yvdA
NP_391348.1	yvcT
NP_391349.1	psdB
NP_391350.1	psdA
NP_391351.1	psdS
NP_391352.1	psdR
YP_003097790.1	yvzJ
NP_391353.1	yvcN
NP_391354.1	crh
NP_391355.1	whiA
NP_391356.2	mgfK
NP_391357.1	yvcJ
NP_391358.1	yvcI
NP_391359.1	trxB
NP_391360.1	cwlO
NP_391361.1	yvcD
NP_391362.1	bmrA
NP_391363.1	yvzA
NP_391364.1	yvcB
NP_391365.1	yvcA
NP_391366.1	hisIE
NP_391367.1	hisF
NP_391368.1	hisA
NP_391369.1	hisH
NP_391370.1	hisB
NP_391371.1	hisD
NP_391372.1	hisG
NP_391373.1	hisZ
NP_391374.1	yvpB
NP_391375.1	pelC
NP_391376.1	hprF
NP_391377.1	ppaX
NP_391378.1	yvoD
NP_391379.1	lgt
NP_391380.1	hprK
NP_391381.1	nagA
NP_391382.1	nagBA
NP_391383.1	nagR
NP_391384.1	yvnB
NP_391385.1	yvnA
NP_391386.1	cypX
NP_391387.1	pchC
NP_391388.1	pchR
NP_391389.1	pchE
NP_391390.1	yvlD
NP_391391.1	yvlC
NP_391392.1	yvlB
NP_391393.1	yvlA
NP_391394.1	yvkN
NP_391396.1	uvrA
NP_391397.1	uvrB
NP_391398.1	csbA
NP_391399.1	yvkC
NP_391400.1	yvkB
NP_391401.1	yvkA
NP_391402.1	minJ
NP_391404.1	ctpB
NP_391405.1	ftsX
NP_391406.1	ftsE
NP_391407.1	cccB
NP_391408.2	yvjA
NP_391409.1	prfB
NP_391410.1	secA
NP_391411.1	hpf
YP_003097791.1	yvzG
NP_391412.1	fliT
NP_391413.1	fliS
NP_391414.1	fliD
NP_391415.1	yvyC
NP_391416.1	hag
NP_391417.1	csrA
NP_391418.1	fliW
NP_391419.1	yviE
NP_391420.1	flgL
NP_391421.1	flgK
NP_391422.1	flgN
NP_391423.1	flgM
NP_391424.1	yvyF
NP_391425.2	comFC
NP_391426.1	comFB
NP_391427.1	comFA
NP_391428.1	fakBA
NP_391429.1	degU
NP_391430.1	degS
NP_391431.1	yvyE
NP_391432.1	tagV
NP_391433.1	tagO
NP_391434.1	tuaH
NP_391435.1	tuaG
NP_391436.1	tuaF
NP_391437.1	tuaE
NP_391438.1	tuaD
NP_391439.1	tuaC
NP_391440.1	tuaB
NP_391442.1	lytC
NP_391443.1	lytB
NP_391444.1	lytA
NP_391445.1	tagU
NP_391446.1	mnaA
NP_391447.1	gtaB
YP_009514004.1	
NP_391448.1	ggaB
NP_391451.1	tagH
NP_391452.1	tagG
NP_391453.1	tagF
NP_391454.1	tagE
NP_391455.1	tagD
NP_391456.1	tagA
NP_391457.1	tagB
NP_391458.1	tagC
NP_391459.1	lytD
NP_391460.1	pmiA
NP_391461.2	gerBA
NP_391462.2	gerBB
NP_391463.1	gerBC
NP_391464.2	ywtG
NP_391465.2	tagT
NP_391466.1	ribZB
NP_391467.1	pgdS
NP_391468.1	edmS
NP_391469.1	capA
NP_391470.1	capC
NP_391471.2	capB
NP_391472.1	rbsR
NP_391473.1	rbsK
NP_391474.1	rbsD
NP_391475.1	rbsA
NP_391476.1	rbsC
NP_391477.1	rbsB
NP_391478.1	ywsB
NP_391479.1	ywsA
NP_391480.1	ywrO
NP_391481.1	alsD
NP_391482.2	alsS
NP_391483.1	alsR
NP_391484.1	ywrK
NP_391485.1	ywrJ
NP_391486.1	cotB
NP_391487.1	cotH
NP_391488.1	cotG
YP_009514005.1	
NP_391489.1	ywrF
NP_391490.1	ywrE
NP_391491.1	hpxW
NP_391492.1	chrS
NP_391493.1	chrB
NP_391494.1	chrA
NP_391495.1	ywqO
NP_391496.1	ywqN
NP_391497.1	ywqM
NP_391498.2	nfi
NP_391499.1	rttO
NP_391500.1	rttN
NP_391501.1	ywqI
NP_391502.1	ywqH
YP_009514006.1	
NP_391503.1	ywqG
NP_391504.1	uglF
NP_391505.1	ptpZ
NP_391506.1	ptkA
NP_391507.1	tkmA
YP_003097792.1	ywzD
NP_391508.2	ywqB
NP_391509.1	hepA
NP_391510.1	ywpJ
NP_391511.1	glcR
NP_391512.2	ssbB
NP_391513.1	ywpG
NP_391514.1	ywpF
NP_391515.1	ywpE
NP_391516.1	ywpD
NP_391517.1	mscL
NP_391518.2	fabZ
NP_391519.1	rapD
NP_391520.2	flhP
NP_391521.1	flhO
NP_391522.2	mbl
NP_391523.1	spoIIID
NP_391524.1	usd
NP_391525.1	ywoH
NP_391526.1	ywoG
NP_391527.1	ywoF
NP_391528.1	pucI
NP_391529.1	ywoD
NP_391530.2	ywoC
NP_391531.1	ywoB
NP_391532.1	amtB
NP_391533.1	glnK
NP_391534.1	bcrC
NP_391535.1	ywnJ
NP_391536.1	spoIIQ
NP_391537.1	ywnH
NP_391538.1	ywnG
YP_009514007.1	
NP_391539.1	ywnF
NP_391540.1	clsA
NP_391541.1	mta
NP_391542.1	ywnC
NP_391543.1	ywnB
NP_391544.1	ywnA
NP_391545.1	ureC
NP_391546.1	ureB
NP_391547.1	ureA
YP_009514008.1	ywzE
NP_391548.1	csbD
NP_391549.2	ywmF
NP_391550.1	rapB
NP_391551.1	moaA
NP_391552.1	fdhD
NP_391553.1	ywmE
NP_391554.1	ywmD
YP_009514009.1	
NP_391555.1	ywmC
NP_391556.1	spoIID
NP_391557.1	murAA
NP_391558.1	ywmB
NP_391559.1	ywzB
NP_391560.1	ywmA
NP_391561.1	atpC
NP_391562.1	atpD
NP_391563.1	atpG
NP_391564.1	atpA
NP_391565.1	atpH
NP_391566.1	atpF
NP_391567.1	atpE
NP_391568.1	atpB
NP_391569.1	atpI
NP_391570.1	upp
NP_391571.1	glyA
NP_391572.1	ywlG
NP_391573.1	rpiB
NP_391574.1	prpB
NP_391575.1	mntP
NP_391576.1	tsaC
NP_391577.1	ywlB
NP_391578.1	spoIIR
NP_391579.1	ywlA
NP_391580.1	ywkF
NP_391581.1	prmC
NP_391582.1	prfA
NP_391583.1	ywkD
NP_391584.1	racA
NP_391585.1	ywkB
NP_391586.1	maeA
NP_391587.1	tdk
NP_391588.1	rpmEA
NP_391589.2	rho
YP_009514010.1	
NP_391590.1	glpX
NP_391591.2	murAB
NP_391592.3	tal
NP_391593.1	fbaA
NP_391594.1	spo0F
NP_391595.1	ywjG
NP_391596.1	pyrG
NP_391597.1	rpoE
NP_391598.1	acdA
NP_391599.1	fadF
NP_391600.1	clsB
NP_391601.1	uvsE
NP_391602.1	ywjC
NP_391603.1	ywjB
NP_391604.1	ywjA
NP_391605.1	clsC
NP_391606.1	narI
NP_391607.1	narJ
NP_391608.1	narH
NP_391609.2	narG
NP_391610.1	arfM
NP_391611.1	ywiC
NP_391612.1	fnr
NP_391613.2	narK
NP_391614.1	argS
NP_391615.1	ywiB
NP_391616.1	sboA
YP_054594.1	sboX
NP_391617.1	albA
NP_391618.1	albB
NP_391619.1	albC
NP_391620.1	albD
NP_391621.1	albE
NP_391622.1	albF
NP_391623.1	albG
NP_391624.1	ywhL
NP_391625.1	ywhK
NP_391626.1	rapF
NP_391627.1	phrF
NP_391628.1	ywhH
NP_391629.1	speB
NP_391630.1	speE
NP_391631.2	pbpG
NP_391632.1	ywhD
NP_391633.1	ywhC
NP_391634.1	hmtB
NP_391635.1	ywhA
NP_391636.2	thrZ
YP_009514011.1	
NP_391637.1	mmr
NP_391638.1	ywgB
NP_391639.1	ywgA
NP_391640.1	ywfO
NP_391641.1	ywzC
NP_391642.1	psrF
NP_391643.1	ywfM
NP_391644.1	lipL
NP_391645.1	cysL
NP_391646.1	pta
NP_391647.3	hemQ
NP_391648.1	bacG
NP_391649.1	bacF
NP_391650.1	bacE
NP_391651.1	bacD
NP_391652.2	bacC
NP_391653.1	bacB
NP_391654.1	bacA
NP_391655.1	ywfA
NP_391656.1	rocC
NP_391657.1	rocB
NP_391658.1	rocA
NP_391659.2	rocG
NP_391660.1	bslB
YP_054595.1	spsL
NP_391661.3	spsK
NP_391662.1	spsJ
NP_391663.1	spsI
NP_391664.1	spsG
NP_391665.2	spsF
NP_391666.1	spsE
NP_391667.1	spsD
NP_391668.1	spsC
NP_391669.2	spsB
NP_391670.1	spsA
NP_391671.1	gerQ
NP_391672.2	ywdK
NP_391673.2	ywdJ
NP_391674.3	ywdI
NP_391675.2	ywdH
NP_391676.1	ung
NP_391677.1	ywdF
NP_391678.1	ywdE
NP_391679.2	ywdD
YP_003097793.1	ywzG
NP_391681.1	pdxK
NP_391682.1	ywdA
NP_391683.2	sacA
NP_391684.3	sacP
NP_391685.1	nirC
NP_391686.1	sacT
NP_391687.2	ywcI
NP_391688.1	vpr
NP_391689.1	ywcH
NP_391690.1	nfrAA
NP_391691.1	rodA
NP_391692.1	ywcE
NP_391693.1	qoxD
NP_391694.1	qoxC
NP_391695.1	qoxB
NP_391696.2	qoxA
NP_391697.2	ywzA
NP_391698.2	galT
NP_391699.1	galK
NP_391700.1	ywcD
NP_391701.2	slrC
YP_003097794.1	slrA
NP_391702.1	vbfB
NP_391703.2	vbfA
NP_391704.1	ywbO
NP_391705.1	efeB
NP_391706.1	efeM
NP_391707.2	efeU
NP_391708.1	thiE
NP_391709.1	thiM
NP_391710.1	cidR
NP_391711.1	cidA
NP_391712.2	cidB
NP_391713.1	ywbF
NP_391714.1	ywbE
NP_391715.1	rlmI
NP_391716.1	glxA
NP_391717.1	ywbB
NP_391718.1	ywbA
NP_391719.1	epr
NP_391720.1	sacX
NP_391721.1	sacY
NP_391722.1	gspA
NP_391723.1	ywaF
NP_391724.1	tyrZR
NP_391725.1	tyrZ
NP_391726.1	eapD
NP_391727.1	relQ
NP_391728.1	menA
YP_009514012.1	
YP_003097795.1	ywzH
NP_391729.1	dltA
NP_391730.1	dltB
NP_391731.1	dltC
NP_391732.1	dltD
NP_391733.2	dltE
NP_391734.2	ilvK
NP_391735.1	licH
NP_391736.1	licA
NP_391737.1	licC
NP_391738.1	licB
NP_391739.1	licR
NP_391740.1	yxzF
NP_391741.1	aag
NP_391742.1	katX
NP_391743.1	yxlH
NP_391744.2	yxlG
NP_391745.1	yxlF
NP_391746.1	yxlE
NP_391747.1	yxlD
NP_391748.1	yxlC
NP_391749.1	sigY
NP_391750.1	yxlA
NP_391751.1	nnrA
NP_391752.1	cydD
NP_391753.1	cydC
NP_391754.1	cydB
NP_391755.1	cydA
NP_391756.1	cimH
NP_391757.1	yxkI
NP_391758.1	yxzE
NP_391759.1	yxkH
NP_391760.1	msmX
NP_391761.1	yxkF
NP_391762.1	aldY
NP_391763.1	gdnE
NP_391764.2	yxkC
NP_391765.1	galE
NP_391766.1	yxkA
NP_391767.1	yxjO
NP_391768.1	yxjN
NP_391769.1	yxjM
NP_391770.1	yxjL
NP_391771.1	pepT
NP_391772.1	yxjJ
NP_391773.1	yxjI
NP_391774.2	yxjH
NP_391775.3	yxjG
NP_391776.2	yxjF
NP_391777.1	scoB
NP_391778.1	scoA
NP_391779.3	yxjC
NP_391780.1	rlmA
NP_391781.2	nupG
NP_391783.2	yxiS
NP_391784.2	katE
NP_391785.2	citH
NP_391786.1	bglS
NP_391787.2	licT
NP_391788.1	yxiP
NP_391789.1	yxiO
NP_391790.2	deaD
NP_391791.2	yxiM
YP_003097796.1	yxzJ
NP_391793.1	yxiK
NP_391794.1	yxiJ
NP_391795.1	yxiI
NP_391796.1	yxzG
NP_391797.1	yxiH
NP_391798.1	yxiG
NP_391799.1	yxzC
NP_391800.1	yxiF
NP_391801.1	wapI
NP_391802.2	wapA
NP_391803.1	yxxF
NP_391804.1	yxiE
NP_391805.2	bglH
NP_391806.2	bglP
NP_391807.1	yxxE
NP_391808.1	rtbE
NP_391809.2	rtbD
NP_391810.1	yxiC
NP_391811.1	yxiB
NP_391812.2	abnB
YP_003097797.1	yxzL
NP_391813.2	hutP
NP_391814.1	hutH
NP_391815.1	hutU
NP_391816.1	hutI
NP_391817.1	hutG
NP_391818.2	hutM
NP_391819.2	pdp
NP_391820.2	nupC
NP_391821.2	deoC
NP_391822.1	deoR
NP_391823.2	yxxB
NP_391824.1	yxeR
NP_391825.2	yxeQ
NP_391826.2	sndB
NP_391827.1	yxeO
NP_391828.1	yxeN
NP_391829.1	yxeM
NP_391830.2	snaB
NP_391831.1	yxeK
NP_391832.2	yxeJ
NP_391833.2	yxeI
NP_391834.1	hadM
NP_391835.1	yxeG
NP_391836.1	yxeF
NP_391837.1	cotNE
NP_391838.2	yxeD
NP_391839.2	yxeC
NP_391840.2	frxB
NP_391841.1	yxeA
NP_391842.2	tpeM
NP_391843.2	tpeL
NP_391844.1	tpeK
NP_391845.1	tpeJ
NP_391846.1	iolJ
NP_391847.1	iolI
NP_391848.1	iolH
NP_391849.2	iolG
NP_391850.2	iolF
NP_391851.1	iolE
NP_391852.2	iolD
NP_391853.1	iolC
NP_391854.2	iolB
NP_391855.1	iolA
NP_391856.1	iolR
NP_391857.1	iolS
NP_391858.1	yxcE
NP_391859.1	yxcD
NP_391860.1	csbC
NP_391861.1	htpG
NP_391862.1	yxcA
NP_391863.2	yxbG
NP_391864.1	yxbF
NP_391865.2	aldX
NP_391866.2	yxbD
NP_391867.1	yxbC
NP_391868.1	yxbB
NP_391869.1	yxbA
NP_391870.1	yxnB
NP_391871.2	asnH
NP_391872.2	yxaM
NP_391873.2	yxaL
NP_391875.2	yxaJ
NP_391876.1	yxaI
NP_391877.2	yxaH
NP_391878.2	qdoI
NP_391879.2	qdoR
NP_391880.2	yxnA
NP_391881.1	yxaD
YP_003097798.1	yxzK
NP_391882.3	yxaC
NP_391883.3	yxaB
NP_391884.2	glxK
NP_391885.1	gntR
NP_391886.1	gntK
NP_391887.1	gntP
NP_391888.1	gntZ
NP_391889.1	ahpC
NP_391890.1	ahpF
NP_391891.1	bglA
NP_391892.1	ptsJ
NP_391893.1	yydK
YP_003097799.1	yyzN
NP_391894.1	liaM
NP_391895.1	liaL
NP_391896.2	liaK
NP_391897.1	liaE
NP_391898.1	liaD
NP_391899.2	fbp
NP_391900.1	yydD
NP_391901.1	yydC
NP_391902.1	yydB
NP_391903.1	rlmH
YP_003097800.1	yyzF
NP_391904.1	yycS
NP_391905.1	yycR
YP_003097801.1	yyzG
NP_391906.1	yycQ
NP_391907.2	yycP
NP_391908.1	yycO
NP_391909.1	yycN
NP_391910.1	rapG
NP_391911.1	phrG
NP_391912.1	argI
NP_391913.1	rocE
NP_391914.1	rocD
NP_391915.1	rocR
YP_009514013.1	
NP_391916.1	htrC
NP_391917.2	walJ
NP_391918.1	walI
NP_391919.1	walH
NP_391920.1	walK
NP_391921.1	walR
NP_391922.1	purA
NP_391923.1	yycE
NP_391924.2	dnaC
NP_391925.1	yycD
NP_391926.1	yyzB
NP_391927.1	yycC
NP_391928.1	yycB
NP_391929.2	yycA
NP_391930.1	rplI
NP_391931.1	gdpP
NP_391932.1	yybS
YP_003097802.1	yyzH
NP_391933.1	cotF
NP_391934.1	hypR
NP_391935.1	ppaC
NP_391936.1	yybP
NP_391937.1	yybO
YP_009514014.1	
NP_391938.1	yybN
NP_391939.1	yybM
NP_391940.1	yybL
NP_391941.1	yybK
NP_391942.1	yybJ
NP_391943.1	ictI
NP_391944.1	yybH
NP_391945.1	yybG
NP_391946.1	yybF
NP_391947.2	yybE
NP_391948.1	yybD
NP_391949.1	yybC
NP_391950.1	yybB
NP_391951.1	yybA
NP_391952.1	yyaT
NP_391953.1	yyaS
NP_391954.1	yyaR
NP_391955.1	yyaQ
NP_391956.1	yyaP
NP_391957.1	tetB
NP_391958.1	tetL
NP_391959.1	yyaO
NP_391960.1	yyaN
NP_391961.1	yyaM
NP_391962.1	yyaL
NP_391963.1	yyaK
NP_391964.2	yyaJ
NP_391965.1	maa
NP_391966.1	yyaH
NP_391967.1	ccpB
NP_391968.1	exoA
NP_391969.2	rpsR
NP_391970.1	ssbA
NP_391971.1	rpsF
NP_391972.1	engD
NP_391973.1	yyaE
YP_003097803.1	yyzM
NP_391974.1	yyaD
NP_391975.1	sprC
NP_391976.1	parB
NP_391977.1	parA
NP_391978.2	yyaB
NP_391979.1	nocA
NP_391980.1	rsmG
NP_391981.1	trmF
NP_391982.1	mnmE
NP_391983.1	jag
NP_391984.1	oxaAA
NP_391985.1	rnpA
NP_391986.1	rpmH
