gcf	organism	taxid	lineage
GCA_003598085.1	Candidatus Abyssobacteria bacterium SURF_5 (bacteria)	2093360	Candidatus Abyssobacteria bacterium SURF_5;cellular organisms;Bacteria;Pseudomonadati;FCB group;Candidatus Hydrogenedentota;Candidatus Abyssobacteria;
GCA_014873095.1	Planctomycetales bacterium ZRK34 (planctomycetes)	2723666	Planctomycetales bacterium ZRK34;cellular organisms;Bacteria;Pseudomonadati;PVC group;Planctomycetota;Planctomycetia;Planctomycetales;unclassified Planctomycetales;
GCA_022305115.1	Klebsiella pneumoniae subsp. pneumoniae MGH 78578 (enterobacteria)	272620	Klebsiella pneumoniae subsp. pneumoniae MGH 78578;cellular organisms;Bacteria;Pseudomonadati;Pseudomonadota;Gammaproteobacteria;Enterobacterales;Enterobacteriaceae;Klebsiella;Klebsiella pneumoniae complex;Klebsiella pneumoniae;Klebsiella pneumoniae subsp. pneumoniae;
GCA_046479585.1	Campylobacter jejuni subsp. jejuni 81116 (e-proteobacteria)	407148	Campylobacter jejuni subsp. jejuni 81116;cellular organisms;Bacteria;Pseudomonadati;Campylobacterota;Epsilonproteobacteria;Campylobacterales;Campylobacteraceae;Campylobacter;Campylobacter jejuni;Campylobacter jejuni subsp. jejuni;
GCA_050699075.1	Streptomyces sp. (high G+C Gram-positive bacteria)	1931	Streptomyces sp.;cellular organisms;Bacteria;Bacillati;Actinomycetota;Actinomycetes;Kitasatosporales;Streptomycetaceae;Streptomyces;unclassified Streptomyces;
GCA_051904755.1	Bacillus safensis (firmicutes)	561879	Bacillus safensis;cellular organisms;Bacteria;Bacillati;Bacillota;Bacilli;Caryophanales;Bacillaceae;Bacillus;
GCA_057539575.1	Streptomyces lavendulae (high G+C Gram-positive bacteria)	1914	Streptomyces lavendulae;cellular organisms;Bacteria;Bacillati;Actinomycetota;Actinomycetes;Kitasatosporales;Streptomycetaceae;Streptomyces;
GCA_982345475.1	Pseudomonas putida UWC1 (g-proteobacteria)	1407054	Pseudomonas putida UWC1;cellular organisms;Bacteria;Pseudomonadati;Pseudomonadota;Gammaproteobacteria;Pseudomonadales;Pseudomonadaceae;Pseudomonas;Pseudomonas putida group;Pseudomonas putida;
GCF_000006945.2	Salmonella enterica subsp. enterica serovar Typhimurium str. LT2 (enterobacteria)	99287	Salmonella enterica subsp. enterica serovar Typhimurium str. LT2;cellular organisms;Bacteria;Pseudomonadati;Pseudomonadota;Gammaproteobacteria;Enterobacterales;Enterobacteriaceae;Salmonella;Salmonella enterica;Salmonella enterica subsp. enterica;Salmonella enterica subsp. enterica serovar Typhimurium;
GCF_000006965.1	Sinorhizobium meliloti 1021 (a-proteobacteria)	266834	Sinorhizobium meliloti 1021;cellular organisms;Bacteria;Pseudomonadati;Pseudomonadota;Alphaproteobacteria;Hyphomicrobiales;Rhizobiaceae;Sinorhizobium/Ensifer group;Sinorhizobium;Sinorhizobium meliloti;
GCF_000008185.1	Treponema denticola ATCC 35405 (spirochetes)	243275	Treponema denticola ATCC 35405;cellular organisms;Bacteria;Pseudomonadati;Spirochaetota;Spirochaetia;Treponematales;Treponemataceae;Treponema;Treponema denticola;
GCF_000008805.1	Neisseria meningitidis MC58 (b-proteobacteria)	122586	Neisseria meningitidis MC58;cellular organisms;Bacteria;Pseudomonadati;Pseudomonadota;Betaproteobacteria;Neisseriales;Neisseriaceae;Neisseria;Neisseria meningitidis;Neisseria meningitidis serogroup B;
GCF_000009625.1	Mesorhizobium japonicum MAFF 303099 (a-proteobacteria)	266835	Mesorhizobium japonicum MAFF 303099;cellular organisms;Bacteria;Pseudomonadati;Pseudomonadota;Alphaproteobacteria;Hyphomicrobiales;Phyllobacteriaceae;Mesorhizobium;Mesorhizobium japonicum;
GCF_000012685.1	Myxococcus xanthus DK 1622 (bacteria)	246197	Myxococcus xanthus DK 1622;cellular organisms;Bacteria;Pseudomonadati;Myxococcota;Myxococcia;Myxococcales;Cystobacterineae;Myxococcaceae;Myxococcus;Myxococcus xanthus;
GCF_000013085.1	Rhodospirillum rubrum ATCC 11170 (a-proteobacteria)	269796	Rhodospirillum rubrum ATCC 11170;cellular organisms;Bacteria;Pseudomonadati;Pseudomonadota;Alphaproteobacteria;Rhodospirillales;Rhodospirillaceae;Rhodospirillum;Rhodospirillum rubrum;
GCF_000014565.1	Rhodococcus jostii RHA1 (high G+C Gram-positive bacteria)	101510	Rhodococcus jostii RHA1;cellular organisms;Bacteria;Bacillati;Actinomycetota;Actinomycetes;Mycobacteriales;Nocardiaceae;Rhodococcus;Rhodococcus jostii;
GCF_000014705.1	Shewanella frigidimarina NCIMB 400 (g-proteobacteria)	318167	Shewanella frigidimarina NCIMB 400;cellular organisms;Bacteria;Pseudomonadati;Pseudomonadota;Gammaproteobacteria;Alteromonadales;Shewanellaceae;Shewanella;Shewanella frigidimarina;
GCF_000016425.1	Salinispora tropica CNB-440 (high G+C Gram-positive bacteria)	369723	Salinispora tropica CNB-440;cellular organisms;Bacteria;Bacillati;Actinomycetota;Actinomycetes;Micromonosporales;Micromonosporaceae;Salinispora;Salinispora tropica;
GCF_000017425.1	Bacillus cytotoxicus NVH 391-98 (firmicutes)	315749	Bacillus cytotoxicus NVH 391-98;cellular organisms;Bacteria;Bacillati;Bacillota;Bacilli;Caryophanales;Bacillaceae;Bacillus;Bacillus cereus group;Bacillus cytotoxicus;
GCF_000018345.1	Mycobacterium marinum M (high G+C Gram-positive bacteria)	216594	Mycobacterium marinum M;cellular organisms;Bacteria;Bacillati;Actinomycetota;Actinomycetes;Mycobacteriales;Mycobacteriaceae;Mycobacterium;Mycobacterium ulcerans group;Mycobacterium marinum;
GCF_000018605.1	Petrotoga mobilis SJ95 (bacteria)	403833	Petrotoga mobilis SJ95;cellular organisms;Bacteria;Thermotogati;Thermotogota;Thermotogae;Petrotogales;Petrotogaceae;Petrotoga;Petrotoga mobilis;
GCF_000021425.1	Bifidobacterium animalis subsp. lactis AD011 (high G+C Gram-positive bacteria)	442563	Bifidobacterium animalis subsp. lactis AD011;cellular organisms;Bacteria;Bacillati;Actinomycetota;Actinomycetes;Bifidobacteriales;Bifidobacteriaceae;Bifidobacterium;Bifidobacterium animalis;Bifidobacterium animalis subsp. lactis;
GCF_000021865.1	Rhodobacter capsulatus SB 1003 (a-proteobacteria)	272942	Rhodobacter capsulatus SB 1003;cellular organisms;Bacteria;Pseudomonadati;Pseudomonadota;Alphaproteobacteria;Rhodobacterales;Rhodobacter group;Rhodobacter;Rhodobacter capsulatus;
GCF_000023285.1	Capnocytophaga ochracea DSM 7271 (CFB group bacteria)	521097	Capnocytophaga ochracea DSM 7271;cellular organisms;Bacteria;Pseudomonadati;FCB group;Bacteroidota/Chlorobiota group;Bacteroidota;Flavobacteriia;Flavobacteriales;Flavobacteriaceae;Capnocytophaga;Capnocytophaga ochracea;
GCF_000024385.1	Thermomonospora curvata DSM 43183 (high G+C Gram-positive bacteria)	471852	Thermomonospora curvata DSM 43183;cellular organisms;Bacteria;Bacillati;Actinomycetota;Actinomycetes;Streptosporangiales;Thermomonosporaceae;Thermomonospora;Thermomonospora curvata;
GCF_000026645.1	Pseudomonas aeruginosa LESB58 (g-proteobacteria)	557722	Pseudomonas aeruginosa LESB58;cellular organisms;Bacteria;Pseudomonadati;Pseudomonadota;Gammaproteobacteria;Pseudomonadales;Pseudomonadaceae;Pseudomonas;Pseudomonas aeruginosa group;Pseudomonas aeruginosa;
GCF_000069185.1	Mycobacteroides abscessus ATCC 19977 (high G+C Gram-positive bacteria)	561007	Mycobacteroides abscessus ATCC 19977;cellular organisms;Bacteria;Bacillati;Actinomycetota;Actinomycetes;Mycobacteriales;Mycobacteriaceae;Mycobacteroides;Mycobacteroides abscessus;
GCF_000091305.1	Streptomyces scabiei 87.22 (high G+C Gram-positive bacteria)	680198	Streptomyces scabiei 87.22;cellular organisms;Bacteria;Bacillati;Actinomycetota;Actinomycetes;Kitasatosporales;Streptomycetaceae;Streptomyces;Streptomyces scabiei;
GCF_000092025.1	Agrobacterium fabrum str. C58 (a-proteobacteria)	176299	Agrobacterium fabrum str. C58;cellular organisms;Bacteria;Pseudomonadati;Pseudomonadota;Alphaproteobacteria;Hyphomicrobiales;Rhizobiaceae;Rhizobium/Agrobacterium group;Agrobacterium;Agrobacterium tumefaciens complex;Agrobacterium fabrum;
GCF_000146655.1	Neisseria meningitidis ATCC 13091 (b-proteobacteria)	862513	Neisseria meningitidis ATCC 13091;cellular organisms;Bacteria;Pseudomonadati;Pseudomonadota;Betaproteobacteria;Neisseriales;Neisseriaceae;Neisseria;Neisseria meningitidis;
GCF_000147055.1	Dickeya dadantii 3937 (enterobacteria)	198628	Dickeya dadantii 3937;cellular organisms;Bacteria;Pseudomonadati;Pseudomonadota;Gammaproteobacteria;Enterobacterales;Pectobacteriaceae;Dickeya;Dickeya dadantii;
GCF_000158815.1	Micromonospora sp. ATCC 39149 (high G+C Gram-positive bacteria)	219305	Micromonospora sp. ATCC 39149;cellular organisms;Bacteria;Bacillati;Actinomycetota;Actinomycetes;Micromonosporales;Micromonosporaceae;Micromonospora;unclassified Micromonospora;
GCF_000174395.2	Enterococcus faecium DO (firmicutes)	333849	Enterococcus faecium DO;cellular organisms;Bacteria;Bacillati;Bacillota;Bacilli;Lactobacillales;Enterococcaceae;Enterococcus;Enterococcus faecium;
GCF_000195675.1	Bordetella bronchiseptica RB50 (b-proteobacteria)	257310	Bordetella bronchiseptica RB50;cellular organisms;Bacteria;Pseudomonadati;Pseudomonadota;Betaproteobacteria;Burkholderiales;Alcaligenaceae;Bordetella;Bordetella bronchiseptica;
GCF_000195955.2	Mycobacterium tuberculosis H37Rv (high G+C Gram-positive bacteria)	83332	Mycobacterium tuberculosis H37Rv;cellular organisms;Bacteria;Bacillati;Actinomycetota;Actinomycetes;Mycobacteriales;Mycobacteriaceae;Mycobacterium;Mycobacterium tuberculosis complex;Mycobacterium tuberculosis;
GCF_000237205.1	Simkania negevensis Z (bacteria)	331113	Simkania negevensis Z;cellular organisms;Bacteria;Pseudomonadati;PVC group;Chlamydiota;Chlamydiia;Parachlamydiales;Simkaniaceae;Simkania;Simkania negevensis;
GCF_000237305.1	Streptantibioticus cattleyicolor NRRL 8057 = DSM 46488 (high G+C Gram-positive bacteria)	1003195	Streptantibioticus cattleyicolor NRRL 8057 = DSM 46488;cellular organisms;Bacteria;Bacillati;Actinomycetota;Actinomycetes;Kitasatosporales;Streptomycetaceae;Streptantibioticus;Streptantibioticus cattleyicolor;
GCF_000258405.1	Ignavibacterium album JCM 16511 (bacteria)	945713	Ignavibacterium album JCM 16511;cellular organisms;Bacteria;Pseudomonadati;FCB group;Bacteroidota/Chlorobiota group;Ignavibacteriota;Ignavibacteria;Ignavibacteriales;Ignavibacteriaceae;Ignavibacterium;Ignavibacterium album;
GCF_000331005.1	Streptomyces turgidiscabies Car8 (high G+C Gram-positive bacteria)	698760	Streptomyces turgidiscabies Car8;cellular organisms;Bacteria;Bacillati;Actinomycetota;Actinomycetes;Kitasatosporales;Streptomycetaceae;Streptomyces;Streptomyces turgidiscabies;
GCF_000758665.1	Paenibacillus borealis (firmicutes)	160799	Paenibacillus borealis;cellular organisms;Bacteria;Bacillati;Bacillota;Bacilli;Caryophanales;Paenibacillaceae;Paenibacillus;
GCF_000813125.1	Mesobacillus selenatarsenatis SF-1 (firmicutes)	1321606	Mesobacillus selenatarsenatis SF-1;cellular organisms;Bacteria;Bacillati;Bacillota;Bacilli;Caryophanales;Bacillaceae;Mesobacillus;Mesobacillus selenatarsenatis;
GCF_000816885.1	Xanthomonas citri subsp. citri 306 (g-proteobacteria)	1203463	Xanthomonas citri subsp. citri 306;cellular organisms;Bacteria;Pseudomonadati;Pseudomonadota;Gammaproteobacteria;Lysobacterales;Lysobacteraceae;Xanthomonas;Xanthomonas citri group;Xanthomonas citri;Xanthomonas citri pv. citri;
GCF_000833375.1	Francisella tularensis subsp. novicida U112 (g-proteobacteria)	401614	Francisella tularensis subsp. novicida U112;cellular organisms;Bacteria;Pseudomonadati;Pseudomonadota;Gammaproteobacteria;Thiotrichales;Francisellaceae;Francisella;Francisella tularensis;Francisella tularensis subsp. novicida;
GCF_001189295.1	Chondromyces crocatus (bacteria)	52	Chondromyces crocatus;cellular organisms;Bacteria;Pseudomonadati;Myxococcota;Polyangia;Polyangiales;Polyangiaceae;Chondromyces;
GCF_001272835.1	Mycoplasmoides pneumoniae FH (Filterable agent of primary atypical pneumonia)	722438	Mycoplasmoides pneumoniae FH;cellular organisms;Bacteria;Bacillati;Mycoplasmatota;Mycoplasmoidales;Mycoplasmoidaceae;Mycoplasmoides;Mycoplasmoides pneumoniae;
GCF_001427935.1	Paenibacillus sp. Soil724D2 (firmicutes)	1736392	Paenibacillus sp. Soil724D2;cellular organisms;Bacteria;Bacillati;Bacillota;Bacilli;Caryophanales;Paenibacillaceae;Paenibacillus;unclassified Paenibacillus;
GCF_001544575.2	Caballeronia cordobensis (b-proteobacteria)	1353886	Caballeronia cordobensis;cellular organisms;Bacteria;Pseudomonadati;Pseudomonadota;Betaproteobacteria;Burkholderiales;Burkholderiaceae;Caballeronia;
GCF_001682855.1	Bacillus sp. FJAT-27264 (firmicutes)	1850362	Bacillus sp. FJAT-27264;cellular organisms;Bacteria;Bacillati;Bacillota;Bacilli;Caryophanales;Bacillaceae;Bacillus;unclassified Bacillus (in: firmicutes);
GCF_001721185.1	Xenorhabdus hominickii (enterobacteria)	351679	Xenorhabdus hominickii;cellular organisms;Bacteria;Pseudomonadati;Pseudomonadota;Gammaproteobacteria;Enterobacterales;Morganellaceae;Xenorhabdus;
GCF_002257695.2	Sporomusa acidovorans DSM 3132 (firmicutes)	1123286	Sporomusa acidovorans DSM 3132;cellular organisms;Bacteria;Bacillati;Bacillota;Negativicutes;Selenomonadales;Sporomusaceae;Sporomusa;Sporomusa acidovorans;
GCF_002260525.1	Hahella sp. CCB-MM4 (g-proteobacteria)	1926491	Hahella sp. CCB-MM4;cellular organisms;Bacteria;Pseudomonadati;Pseudomonadota;Gammaproteobacteria;Oceanospirillales;Hahellaceae;Hahella;unclassified Hahella;
GCF_003019295.1	Fusobacterium nucleatum subsp. nucleatum ATCC 25586 (fusobacteria)	190304	Fusobacterium nucleatum subsp. nucleatum ATCC 25586;cellular organisms;Bacteria;Fusobacteriati;Fusobacteriota;Fusobacteriia;Fusobacteriales;Fusobacteriaceae;Fusobacterium;Fusobacterium nucleatum;Fusobacterium nucleatum subsp. nucleatum;
GCF_003121295.1	Streptomyces orinoci (high G+C Gram-positive bacteria)	67339	Streptomyces orinoci;cellular organisms;Bacteria;Bacillati;Actinomycetota;Actinomycetes;Kitasatosporales;Streptomycetaceae;Streptomyces;
GCF_003324715.1	Cereibacter sphaeroides 2.4.1 (a-proteobacteria)	272943	Cereibacter sphaeroides 2.4.1;cellular organisms;Bacteria;Pseudomonadati;Pseudomonadota;Alphaproteobacteria;Rhodobacterales;Paracoccaceae;Cereibacter;Cereibacter sphaeroides;
GCF_003605405.2	Siminovitchia terrae (firmicutes)	1914933	Siminovitchia terrae;cellular organisms;Bacteria;Bacillati;Bacillota;Bacilli;Caryophanales;Bacillaceae;Siminovitchia;
GCF_003626845.1	Aquimarina sp. AD1 (CFB group bacteria)	1714848	Aquimarina sp. AD1;cellular organisms;Bacteria;Pseudomonadati;FCB group;Bacteroidota/Chlorobiota group;Bacteroidota;Flavobacteriia;Flavobacteriales;Flavobacteriaceae;Aquimarina;unclassified Aquimarina;
GCF_004307055.1	Mycolicibacterium smegmatis MC2 155 (high G+C Gram-positive bacteria)	246196	Mycolicibacterium smegmatis MC2 155;cellular organisms;Bacteria;Bacillati;Actinomycetota;Actinomycetes;Mycobacteriales;Mycobacteriaceae;Mycolicibacterium;Mycolicibacterium smegmatis;
GCF_006094295.1	Bacillus cereus ATCC 14579 (firmicutes)	226900	Bacillus cereus ATCC 14579;cellular organisms;Bacteria;Bacillati;Bacillota;Bacilli;Caryophanales;Bacillaceae;Bacillus;Bacillus cereus group;Bacillus cereus;
GCF_008152325.1	Crassaminicella thermophila (firmicutes)	2599308	Crassaminicella thermophila;cellular organisms;Bacteria;Bacillati;Bacillota;Clostridia;Eubacteriales;Clostridiaceae;Crassaminicella;
GCF_008244845.1	Salmonella enterica subsp. enterica serovar Typhimurium str. 14028S (enterobacteria)	588858	Salmonella enterica subsp. enterica serovar Typhimurium str. 14028S;cellular organisms;Bacteria;Pseudomonadati;Pseudomonadota;Gammaproteobacteria;Enterobacterales;Enterobacteriaceae;Salmonella;Salmonella enterica;Salmonella enterica subsp. enterica;Salmonella enterica subsp. enterica serovar Typhimurium;Salmonella enterica subsp. enterica serovar Typhimurium str. LT2;
GCF_008639165.1	Streptomyces venezuelae ATCC 10712 (high G+C Gram-positive bacteria)	953739	Streptomyces venezuelae ATCC 10712;cellular organisms;Bacteria;Bacillati;Actinomycetota;Actinomycetes;Kitasatosporales;Streptomycetaceae;Streptomyces;Streptomyces venezuelae;
GCF_008931305.1	Streptomyces coelicolor A3(2) (high G+C Gram-positive bacteria)	100226	Streptomyces coelicolor A3(2);cellular organisms;Bacteria;Bacillati;Actinomycetota;Actinomycetes;Kitasatosporales;Streptomycetaceae;Streptomyces;Streptomyces albidoflavus group;Streptomyces coelicolor;
GCF_013365535.1	Aquimarina sp. TRL1 (CFB group bacteria)	2736252	Aquimarina sp. TRL1;cellular organisms;Bacteria;Pseudomonadati;FCB group;Bacteroidota/Chlorobiota group;Bacteroidota;Flavobacteriia;Flavobacteriales;Flavobacteriaceae;Aquimarina;unclassified Aquimarina;
GCF_015277775.1	Paludibaculum fermentans (bacteria)	1473598	Paludibaculum fermentans;cellular organisms;Bacteria;Pseudomonadati;Acidobacteriota;Terriglobia;Bryobacterales;Bryobacteraceae;Paludibaculum;
GCF_017916255.1	Streptomyces mobaraensis NBRC 13819 = DSM 40847 (high G+C Gram-positive bacteria)	1223523	Streptomyces mobaraensis NBRC 13819 = DSM 40847;cellular organisms;Bacteria;Bacillati;Actinomycetota;Actinomycetes;Kitasatosporales;Streptomycetaceae;Streptomyces;Streptomyces mobaraensis;
GCF_018732145.1	Nocardioides sp. LMS-CY (high G+C Gram-positive bacteria)	2840457	Nocardioides sp. LMS-CY;cellular organisms;Bacteria;Bacillati;Actinomycetota;Actinomycetes;Propionibacteriales;Nocardioidaceae;Nocardioides;unclassified Nocardioides;
GCF_019856495.1	Caldalkalibacillus thermarum TA2.A1 (firmicutes)	986075	Caldalkalibacillus thermarum TA2.A1;cellular organisms;Bacteria;Bacillati;Bacillota;Bacilli;Caryophanales;Bacillaceae;Caldalkalibacillus;Caldalkalibacillus thermarum;
GCF_021278985.1	Citrobacter rodentium NBRC 105723 = DSM 16636 (enterobacteria)	1218085	Citrobacter rodentium NBRC 105723 = DSM 16636;cellular organisms;Bacteria;Pseudomonadati;Pseudomonadota;Gammaproteobacteria;Enterobacterales;Enterobacteriaceae;Citrobacter;Citrobacter rodentium;
GCF_022406515.1	Enterococcus faecalis V583 (firmicutes)	226185	Enterococcus faecalis V583;cellular organisms;Bacteria;Bacillati;Bacillota;Bacilli;Lactobacillales;Enterococcaceae;Enterococcus;Enterococcus faecalis;
GCF_024519395.1	Escherichia coli DSM 30083 = JCM 1649 = ATCC 11775 (E. coli)	866789	Escherichia coli DSM 30083 = JCM 1649 = ATCC 11775;cellular organisms;Bacteria;Pseudomonadati;Pseudomonadota;Gammaproteobacteria;Enterobacterales;Enterobacteriaceae;Escherichia;Escherichia coli;
GCF_032924845.1	Tritonibacter scottomollicae (a-proteobacteria)	483013	Tritonibacter scottomollicae;cellular organisms;Bacteria;Pseudomonadati;Pseudomonadota;Alphaproteobacteria;Rhodobacterales;Paracoccaceae;Tritonibacter;
GCF_039535865.1	Streptomyces thioluteus (high G+C Gram-positive bacteria)	66431	Streptomyces thioluteus;cellular organisms;Bacteria;Bacillati;Actinomycetota;Actinomycetes;Kitasatosporales;Streptomycetaceae;Streptomyces;
GCF_045039055.1	Enterococcus gallinarum (firmicutes)	1353	Enterococcus gallinarum;cellular organisms;Bacteria;Bacillati;Bacillota;Bacilli;Lactobacillales;Enterococcaceae;Enterococcus;
GCF_045207185.1	Streptomyces halstedii (high G+C Gram-positive bacteria)	1944	Streptomyces halstedii;cellular organisms;Bacteria;Bacillati;Actinomycetota;Actinomycetes;Kitasatosporales;Streptomycetaceae;Streptomyces;Streptomyces griseus group;Streptomyces halstedii subgroup;
GCF_045286965.1	Streptomyces atratus (high G+C Gram-positive bacteria)	1893	Streptomyces atratus;cellular organisms;Bacteria;Bacillati;Actinomycetota;Actinomycetes;Kitasatosporales;Streptomycetaceae;Streptomyces;
GCF_045348045.1	Staphylococcus aureus subsp. aureus RN4220 (firmicutes)	561307	Staphylococcus aureus subsp. aureus RN4220;cellular organisms;Bacteria;Bacillati;Bacillota;Bacilli;Caryophanales;Staphylococcaceae;Staphylococcus;Staphylococcus aureus;Staphylococcus aureus subsp. aureus NCTC 8325;
GCF_045571375.1	Pseudomonas putida KT2440 (g-proteobacteria)	160488	Pseudomonas putida KT2440;cellular organisms;Bacteria;Pseudomonadati;Pseudomonadota;Gammaproteobacteria;Pseudomonadales;Pseudomonadaceae;Pseudomonas;Pseudomonas putida group;Pseudomonas putida;
GCF_045712965.1	Xanthomonas campestris pv. campestris str. 8004 (g-proteobacteria)	314565	Xanthomonas campestris pv. campestris str. 8004;cellular organisms;Bacteria;Pseudomonadati;Pseudomonadota;Gammaproteobacteria;Lysobacterales;Lysobacteraceae;Xanthomonas;Xanthomonas campestris;Xanthomonas campestris pv. campestris;
GCF_046591535.1	Chryseobacterium proteolyticum (CFB group bacteria)	118127	Chryseobacterium proteolyticum;cellular organisms;Bacteria;Pseudomonadati;FCB group;Bacteroidota/Chlorobiota group;Bacteroidota;Flavobacteriia;Flavobacteriales;Weeksellaceae;Chryseobacterium group;Chryseobacterium;
GCF_047219265.1	Escherichia coli O157:H7 (E. coli)	83334	Escherichia coli O157:H7;cellular organisms;Bacteria;Pseudomonadati;Pseudomonadota;Gammaproteobacteria;Enterobacterales;Enterobacteriaceae;Escherichia;Escherichia coli;
GCF_047301005.1	Ornithobacterium rhinotracheale (CFB group bacteria)	28251	Ornithobacterium rhinotracheale;cellular organisms;Bacteria;Pseudomonadati;FCB group;Bacteroidota/Chlorobiota group;Bacteroidota;Flavobacteriia;Flavobacteriales;Weeksellaceae;Ornithobacterium;
GCF_047946945.1	Rubrivivax gelatinosus (b-proteobacteria)	28068	Rubrivivax gelatinosus;cellular organisms;Bacteria;Pseudomonadati;Pseudomonadota;Betaproteobacteria;Burkholderiales;Sphaerotilaceae;Rubrivivax;
GCF_049860565.1	Desulfitobacterium nosdiversum (firmicutes)	3375356	Desulfitobacterium nosdiversum;cellular organisms;Bacteria;Bacillati;Bacillota;Clostridia;Eubacteriales;Desulfitobacteriaceae;Desulfitobacterium;
GCF_050157305.1	Acinetobacter johnsonii (g-proteobacteria)	40214	Acinetobacter johnsonii;cellular organisms;Bacteria;Pseudomonadati;Pseudomonadota;Gammaproteobacteria;Moraxellales;Moraxellaceae;Acinetobacter;
GCF_050233995.1	Fusobacterium nucleatum subsp. nucleatum ATCC 23726 (fusobacteria)	525283	Fusobacterium nucleatum subsp. nucleatum ATCC 23726;cellular organisms;Bacteria;Fusobacteriati;Fusobacteriota;Fusobacteriia;Fusobacteriales;Fusobacteriaceae;Fusobacterium;Fusobacterium nucleatum;Fusobacterium nucleatum subsp. nucleatum;
GCF_051043275.1	Sinorhizobium meliloti (a-proteobacteria)	382	Sinorhizobium meliloti;cellular organisms;Bacteria;Pseudomonadati;Pseudomonadota;Alphaproteobacteria;Hyphomicrobiales;Rhizobiaceae;Sinorhizobium/Ensifer group;Sinorhizobium;
GCF_051903345.1	Cupriavidus necator H16 (b-proteobacteria)	381666	Cupriavidus necator H16;cellular organisms;Bacteria;Pseudomonadati;Pseudomonadota;Betaproteobacteria;Burkholderiales;Burkholderiaceae;Cupriavidus;Cupriavidus necator;
GCF_051904065.1	Parabacteroides distasonis (CFB group bacteria)	823	Parabacteroides distasonis;cellular organisms;Bacteria;Pseudomonadati;FCB group;Bacteroidota/Chlorobiota group;Bacteroidota;Bacteroidia;Bacteroidales;Tannerellaceae;Parabacteroides;
GCF_051904745.1	Salmonella enterica subsp. enterica serovar Enteritidis (enterobacteria)	149539	Salmonella enterica subsp. enterica serovar Enteritidis;cellular organisms;Bacteria;Pseudomonadati;Pseudomonadota;Gammaproteobacteria;Enterobacterales;Enterobacteriaceae;Salmonella;Salmonella enterica;Salmonella enterica subsp. enterica;
GCF_051905015.1	Bacteroides fragilis (CFB group bacteria)	817	Bacteroides fragilis;cellular organisms;Bacteria;Pseudomonadati;FCB group;Bacteroidota/Chlorobiota group;Bacteroidota;Bacteroidia;Bacteroidales;Bacteroidaceae;Bacteroides;
GCF_054027555.1	Caldithrix abyssi (bacteria)	187145	Caldithrix abyssi;cellular organisms;Bacteria;Pseudomonadati;Calditrichota;Calditrichia;Calditrichales;Calditrichaceae;Caldithrix;
GCF_055387645.1	Enterococcus casseliflavus (firmicutes)	37734	Enterococcus casseliflavus;cellular organisms;Bacteria;Bacillati;Bacillota;Bacilli;Lactobacillales;Enterococcaceae;Enterococcus;
GCF_055390245.1	Campylobacter jejuni (e-proteobacteria)	197	Campylobacter jejuni;cellular organisms;Bacteria;Pseudomonadati;Campylobacterota;Epsilonproteobacteria;Campylobacterales;Campylobacteraceae;Campylobacter;
GCF_055589305.1	Streptomyces coeruleorubidus (high G+C Gram-positive bacteria)	116188	Streptomyces coeruleorubidus;cellular organisms;Bacteria;Bacillati;Actinomycetota;Actinomycetes;Kitasatosporales;Streptomycetaceae;Streptomyces;
GCF_056489225.1	Salmonella enterica subsp. enterica serovar Pullorum (enterobacteria)	605	Salmonella enterica subsp. enterica serovar Pullorum;cellular organisms;Bacteria;Pseudomonadati;Pseudomonadota;Gammaproteobacteria;Enterobacterales;Enterobacteriaceae;Salmonella;Salmonella enterica;Salmonella enterica subsp. enterica;
GCF_057457595.1	Acinetobacter baumannii (g-proteobacteria)	470	Acinetobacter baumannii;cellular organisms;Bacteria;Pseudomonadati;Pseudomonadota;Gammaproteobacteria;Moraxellales;Moraxellaceae;Acinetobacter;Acinetobacter calcoaceticus/baumannii complex;
GCF_057838145.1	Brevibacterium aurantiacum (high G+C Gram-positive bacteria)	273384	Brevibacterium aurantiacum;cellular organisms;Bacteria;Bacillati;Actinomycetota;Actinomycetes;Micrococcales;Brevibacteriaceae;Brevibacterium;
GCF_058182495.1	Bacillus subtilis (firmicutes)	1423	Bacillus subtilis;cellular organisms;Bacteria;Bacillati;Bacillota;Bacilli;Caryophanales;Bacillaceae;Bacillus;Bacillus subtilis group;
GCF_058435815.1	Klebsiella pneumoniae (enterobacteria)	573	Klebsiella pneumoniae;cellular organisms;Bacteria;Pseudomonadati;Pseudomonadota;Gammaproteobacteria;Enterobacterales;Enterobacteriaceae;Klebsiella;Klebsiella pneumoniae complex;
GCF_058436375.1	Escherichia coli (E. coli)	562	Escherichia coli;cellular organisms;Bacteria;Pseudomonadati;Pseudomonadota;Gammaproteobacteria;Enterobacterales;Enterobacteriaceae;Escherichia;
GCF_058448535.1	Pseudomonas aeruginosa (g-proteobacteria)	287	Pseudomonas aeruginosa;cellular organisms;Bacteria;Pseudomonadati;Pseudomonadota;Gammaproteobacteria;Pseudomonadales;Pseudomonadaceae;Pseudomonas;Pseudomonas aeruginosa group;
GCF_058449135.1	Priestia megaterium (firmicutes)	1404	Priestia megaterium;cellular organisms;Bacteria;Bacillati;Bacillota;Bacilli;Caryophanales;Bacillaceae;Priestia;
GCF_900105045.1	Brevibacterium picturae (high G+C Gram-positive bacteria)	260553	Brevibacterium picturae;cellular organisms;Bacteria;Bacillati;Actinomycetota;Actinomycetes;Micrococcales;Brevibacteriaceae;Brevibacterium;
GCF_900112135.1	Collimonas sp. OK412 (b-proteobacteria)	1801619	Collimonas sp. OK412;cellular organisms;Bacteria;Pseudomonadati;Pseudomonadota;Betaproteobacteria;Burkholderiales;Oxalobacteraceae;Collimonas;unclassified Collimonas;
GCF_900205735.1	Vibrio cholerae O1 biovar El Tor str. N16961 (g-proteobacteria)	243277	Vibrio cholerae O1 biovar El Tor str. N16961;cellular organisms;Bacteria;Pseudomonadati;Pseudomonadota;Gammaproteobacteria;Vibrionales;Vibrionaceae;Vibrio;Vibrio cholerae;Vibrio cholerae O1;Vibrio cholerae O1 biovar El Tor;
GCF_902859785.1	Paraburkholderia graminis C4D1M (b-proteobacteria)	396598	Paraburkholderia graminis C4D1M;cellular organisms;Bacteria;Pseudomonadati;Pseudomonadota;Betaproteobacteria;Burkholderiales;Burkholderiaceae;Paraburkholderia;Paraburkholderia graminis;
GCF_963281165.1	Streptococcus cristatus (firmicutes)	45634	Streptococcus cristatus;cellular organisms;Bacteria;Bacillati;Bacillota;Bacilli;Lactobacillales;Streptococcaceae;Streptococcus;
GCF_976997305.1	Pseudomonas reinekei (g-proteobacteria)	395598	Pseudomonas reinekei;cellular organisms;Bacteria;Pseudomonadati;Pseudomonadota;Gammaproteobacteria;Pseudomonadales;Pseudomonadaceae;Pseudomonas;
GCF_978047615.1	Neisseria gonorrhoeae FA 1090 (b-proteobacteria)	242231	Neisseria gonorrhoeae FA 1090;cellular organisms;Bacteria;Pseudomonadati;Pseudomonadota;Betaproteobacteria;Neisseriales;Neisseriaceae;Neisseria;Neisseria gonorrhoeae;
